# Blender 5.1.1
# www.blender.org
mtllib ceramic_vase_01_4k.mtl
o ceramic_vase_01
v -0.012938 0.001253 -0.052491
v 0.000000 0.398924 -0.054443
v -0.025124 0.001253 -0.047869
v 0.011865 0.398921 -0.052136
v -0.035849 0.001253 -0.040466
v 0.023048 0.398409 -0.046200
v -0.044492 0.001253 -0.030711
v 0.033191 0.396782 -0.038622
v -0.050548 0.001253 -0.019171
v 0.042348 0.393477 -0.030118
v -0.053667 0.001253 -0.006517
v 0.048742 0.390204 -0.019909
v -0.053667 0.001253 0.006516
v 0.052149 0.388504 -0.006687
v -0.050548 0.001253 0.019170
v 0.052278 0.388368 0.005579
v -0.044492 0.001253 0.030710
v 0.048172 0.390240 0.017016
v -0.035849 0.001253 0.040465
v 0.038018 0.395202 0.028397
v -0.025124 0.001253 0.047869
v 0.025659 0.398671 0.041466
v -0.012938 0.001253 0.052490
v 0.016853 0.397190 0.052825
v 0.000000 0.001253 0.054061
v 0.009610 0.392584 0.061041
v 0.012938 0.001253 0.052490
v 0.000000 0.389943 0.063774
v 0.025124 0.001253 0.047869
v -0.009610 0.392584 0.061041
v 0.035849 0.001253 0.040465
v -0.016853 0.397191 0.052825
v 0.044492 0.001253 0.030710
v -0.025659 0.398671 0.041466
v 0.050548 0.001253 0.019170
v -0.038018 0.395202 0.028397
v 0.053667 0.001253 0.006516
v -0.048172 0.390240 0.017016
v 0.053667 0.001253 -0.006517
v -0.052278 0.388368 0.005579
v 0.050548 0.001253 -0.019171
v -0.052149 0.388504 -0.006687
v 0.044492 0.001253 -0.030711
v -0.048742 0.390204 -0.019909
v 0.035849 0.001253 -0.040466
v -0.042348 0.393477 -0.030118
v 0.025124 0.001253 -0.047869
v -0.033191 0.396782 -0.038622
v 0.000000 0.001253 -0.054062
v -0.023048 0.398409 -0.046200
v 0.012938 0.001253 -0.052491
v -0.011865 0.398921 -0.052136
v -0.000000 0.278649 -0.026754
v 0.006403 0.278649 -0.025976
v 0.012433 0.278649 -0.023689
v 0.017741 0.278649 -0.020026
v 0.022018 0.278649 -0.015198
v 0.025015 0.278649 -0.009487
v 0.026558 0.278649 -0.003225
v 0.026558 0.278649 0.003224
v 0.025015 0.278649 0.009487
v 0.022018 0.278649 0.015197
v 0.017741 0.278649 0.020025
v 0.012433 0.278649 0.023689
v 0.006403 0.278649 0.025976
v 0.000000 0.278649 0.026753
v -0.006403 0.278649 0.025976
v -0.012433 0.278649 0.023689
v -0.017741 0.278649 0.020025
v -0.022018 0.278649 0.015197
v -0.025015 0.278649 0.009487
v -0.026558 0.278649 0.003224
v -0.026558 0.278649 -0.003225
v -0.025015 0.278649 -0.009487
v -0.022018 0.278649 -0.015198
v -0.017741 0.278649 -0.020026
v -0.012433 0.278649 -0.023689
v -0.006403 0.278649 -0.025976
v 0.000000 0.355861 -0.030820
v 0.007441 0.355840 -0.029783
v 0.014186 0.355722 -0.026881
v 0.020061 0.355501 -0.022440
v 0.024795 0.355235 -0.016856
v 0.028113 0.354971 -0.010471
v 0.029821 0.354782 -0.003538
v 0.029821 0.354779 0.003600
v 0.028113 0.354963 0.010531
v 0.024795 0.355302 0.016912
v 0.020061 0.355672 0.022543
v 0.014187 0.355586 0.026937
v 0.007444 0.355245 0.029851
v 0.000000 0.355071 0.030877
v -0.007444 0.355245 0.029851
v -0.014187 0.355586 0.026937
v -0.020061 0.355672 0.022543
v -0.024795 0.355302 0.016912
v -0.028113 0.354963 0.010531
v -0.029821 0.354779 0.003600
v -0.029821 0.354782 -0.003538
v -0.028113 0.354971 -0.010471
v -0.024795 0.355235 -0.016856
v -0.020061 0.355501 -0.022440
v -0.014186 0.355722 -0.026881
v -0.007441 0.355840 -0.029783
v -0.013503 0.198756 -0.056969
v -0.026621 0.198756 -0.051953
v -0.038262 0.198756 -0.043918
v -0.047641 0.198756 -0.033331
v -0.054215 0.198756 -0.020806
v -0.057600 0.198756 -0.007073
v -0.057600 0.198756 0.007072
v -0.054215 0.198756 0.020806
v -0.047641 0.198756 0.033330
v -0.038262 0.198756 0.043917
v -0.026621 0.198756 0.051953
v -0.013503 0.198756 0.056968
v -0.000000 0.198756 0.058673
v 0.013503 0.198756 0.056968
v 0.026621 0.198756 0.051953
v 0.038262 0.198756 0.043917
v 0.047641 0.198756 0.033330
v 0.054215 0.198756 0.020806
v 0.057600 0.198756 0.007072
v 0.057600 0.198756 -0.007073
v 0.054215 0.198756 -0.020806
v 0.047641 0.198756 -0.033331
v 0.038262 0.198756 -0.043918
v 0.026621 0.198756 -0.051953
v 0.013503 0.198756 -0.056969
v 0.000000 0.198756 -0.058674
v 0.000000 0.140914 -0.095010
v 0.000000 0.068664 -0.099992
v -0.000000 0.323728 -0.026342
v 0.023930 0.068664 -0.097086
v 0.022737 0.140914 -0.092249
v -0.006264 0.323722 -0.025562
v 0.046468 0.068664 -0.088538
v 0.044153 0.140914 -0.084127
v -0.012165 0.323709 -0.023275
v 0.066307 0.068664 -0.074845
v 0.063003 0.140914 -0.071116
v -0.017358 0.323698 -0.019636
v 0.082292 0.068664 -0.056802
v 0.078192 0.140914 -0.053972
v -0.021542 0.323694 -0.014878
v 0.093494 0.068664 -0.035458
v 0.088836 0.140914 -0.033691
v -0.024475 0.323694 -0.009283
v 0.099263 0.068664 -0.012053
v 0.094317 0.140914 -0.011452
v -0.025985 0.323694 -0.003155
v 0.099263 0.068664 0.012052
v 0.094317 0.140914 0.011452
v -0.025985 0.323694 0.003155
v 0.093494 0.068664 0.035457
v 0.088836 0.140914 0.033691
v -0.024475 0.323694 0.009282
v 0.082292 0.068664 0.056801
v 0.078192 0.140914 0.053971
v -0.021542 0.323694 0.014869
v 0.066307 0.068664 0.074845
v 0.063003 0.140914 0.071116
v -0.017358 0.323694 0.019593
v 0.046468 0.068664 0.088538
v 0.044153 0.140914 0.084127
v -0.012165 0.323694 0.023177
v 0.023930 0.068664 0.097086
v 0.022737 0.140914 0.092249
v -0.006264 0.323694 0.025415
v -0.000000 0.068664 0.099991
v 0.000000 0.140914 0.095010
v 0.000000 0.323694 0.026176
v -0.023930 0.068664 0.097086
v -0.022737 0.140914 0.092249
v 0.006264 0.323694 0.025415
v -0.046468 0.068664 0.088538
v -0.044153 0.140914 0.084127
v 0.012165 0.323694 0.023177
v -0.066307 0.068664 0.074845
v -0.063003 0.140914 0.071116
v 0.017358 0.323694 0.019593
v -0.082292 0.068664 0.056801
v -0.078192 0.140914 0.053971
v 0.021542 0.323694 0.014869
v -0.093494 0.068664 0.035457
v -0.088836 0.140914 0.033691
v 0.024475 0.323694 0.009282
v -0.099263 0.068664 0.012052
v -0.094317 0.140914 0.011452
v 0.025985 0.323694 0.003155
v -0.099263 0.068664 -0.012053
v -0.094317 0.140914 -0.011452
v 0.025985 0.323694 -0.003155
v -0.093494 0.068664 -0.035458
v -0.088836 0.140914 -0.033691
v 0.024475 0.323694 -0.009283
v -0.082292 0.068664 -0.056802
v -0.078192 0.140914 -0.053972
v 0.021542 0.323694 -0.014878
v -0.066307 0.068664 -0.074845
v -0.063003 0.140914 -0.071116
v 0.017358 0.323698 -0.019636
v -0.046468 0.068664 -0.088538
v -0.044153 0.140914 -0.084127
v 0.012165 0.323709 -0.023275
v -0.023930 0.068664 -0.097086
v -0.022737 0.140914 -0.092249
v 0.006264 0.323722 -0.025562
v 0.016460 0.183016 -0.069318
v 0.019943 0.164524 -0.081444
v 0.032427 0.183016 -0.063215
v 0.038825 0.164524 -0.074273
v 0.046591 0.183016 -0.053438
v 0.055467 0.164524 -0.062786
v 0.058004 0.183016 -0.040555
v 0.068876 0.164524 -0.047650
v 0.066002 0.183016 -0.025316
v 0.078273 0.164524 -0.029745
v 0.070121 0.183016 -0.008606
v 0.083113 0.164524 -0.010111
v 0.070121 0.183016 0.008605
v 0.083113 0.164524 0.010110
v 0.066002 0.183016 0.025316
v 0.078273 0.164524 0.029744
v 0.058004 0.183016 0.040555
v 0.068876 0.164524 0.047650
v 0.046591 0.183016 0.053437
v 0.055467 0.164524 0.062786
v 0.032427 0.183016 0.063214
v 0.038825 0.164524 0.074273
v 0.016460 0.183016 0.069317
v 0.019943 0.164524 0.081444
v 0.000000 0.183016 0.071392
v 0.000000 0.164524 0.083881
v -0.016460 0.183016 0.069317
v -0.019943 0.164524 0.081444
v -0.032427 0.183016 0.063214
v -0.038825 0.164524 0.074273
v -0.046591 0.183016 0.053437
v -0.055467 0.164524 0.062786
v -0.058004 0.183016 0.040555
v -0.068876 0.164524 0.047650
v -0.066002 0.183016 0.025316
v -0.078273 0.164524 0.029744
v -0.070121 0.183016 0.008605
v -0.083113 0.164524 0.010110
v -0.070121 0.183016 -0.008606
v -0.083113 0.164524 -0.010111
v -0.066002 0.183016 -0.025316
v -0.078273 0.164524 -0.029745
v -0.058004 0.183016 -0.040555
v -0.068876 0.164524 -0.047650
v -0.046591 0.183016 -0.053438
v -0.055467 0.164524 -0.062786
v -0.032427 0.183016 -0.063215
v -0.038825 0.164524 -0.074273
v -0.016460 0.183016 -0.069318
v -0.019943 0.164524 -0.081444
v -0.000000 0.183016 -0.071392
v 0.000000 0.164524 -0.083882
v 0.000000 0.216160 -0.046458
v -0.000000 0.254374 -0.030193
v 0.000000 0.236096 -0.036342
v -0.007226 0.254374 -0.029316
v -0.011016 0.216160 -0.045108
v -0.008697 0.236096 -0.035286
v -0.024848 0.254374 -0.017152
v -0.038112 0.216160 -0.026392
v -0.029908 0.236096 -0.020645
v -0.029973 0.254374 0.003639
v -0.045997 0.216160 0.005600
v -0.036076 0.236096 0.004380
v -0.020022 0.254374 0.022599
v -0.030685 0.216160 0.034774
v -0.024099 0.236096 0.027202
v -0.000000 0.254374 0.030193
v 0.000000 0.216160 0.046458
v 0.000000 0.236096 0.036341
v 0.020022 0.254374 0.022599
v 0.030685 0.216160 0.034774
v 0.024099 0.236096 0.027202
v 0.029973 0.254374 0.003639
v 0.045997 0.216160 0.005600
v 0.036076 0.236096 0.004380
v 0.024848 0.254374 -0.017152
v 0.038112 0.216160 -0.026392
v 0.029908 0.236096 -0.020645
v 0.007226 0.254374 -0.029316
v 0.011016 0.216160 -0.045108
v 0.008697 0.236096 -0.035286
v -0.014031 0.254374 -0.026735
v -0.021468 0.216160 -0.041137
v -0.016889 0.236096 -0.032179
v -0.028231 0.254374 -0.010707
v -0.043317 0.216160 -0.016475
v -0.033980 0.236096 -0.012887
v -0.028231 0.254374 0.010706
v -0.043317 0.216160 0.016474
v -0.033980 0.236096 0.012887
v -0.014031 0.254374 0.026734
v -0.021468 0.216160 0.041136
v -0.016889 0.236096 0.032178
v 0.007226 0.254374 0.029315
v 0.011016 0.216160 0.045108
v 0.008697 0.236096 0.035285
v 0.024848 0.254374 0.017151
v 0.038112 0.216160 0.026391
v 0.029908 0.236096 0.020644
v 0.029973 0.254374 -0.003640
v 0.045997 0.216160 -0.005600
v 0.036076 0.236096 -0.004381
v 0.020022 0.254374 -0.022600
v 0.030685 0.216160 -0.034775
v 0.024099 0.236096 -0.027202
v 0.014031 0.254374 -0.026735
v 0.021468 0.216160 -0.041137
v 0.016889 0.236096 -0.032179
v 0.028231 0.254374 -0.010707
v 0.043317 0.216160 -0.016475
v 0.033980 0.236096 -0.012887
v 0.028231 0.254374 0.010706
v 0.043317 0.216160 0.016474
v 0.033980 0.236096 0.012887
v 0.014031 0.254374 0.026734
v 0.021468 0.216160 0.041136
v 0.016889 0.236096 0.032178
v -0.007226 0.254374 0.029315
v -0.011016 0.216160 0.045108
v -0.008697 0.236096 0.035285
v -0.024848 0.254374 0.017151
v -0.038112 0.216160 0.026391
v -0.029908 0.236096 0.020644
v -0.029973 0.254374 -0.003640
v -0.045997 0.216160 -0.005600
v -0.036076 0.236096 -0.004381
v -0.020022 0.254374 -0.022600
v -0.030685 0.216160 -0.034775
v -0.024099 0.236096 -0.027202
v 0.018743 0.012279 -0.076044
v 0.022719 0.045023 -0.092173
v 0.020912 0.026578 -0.084845
v 0.036397 0.012279 -0.069349
v 0.044117 0.045023 -0.084058
v 0.040609 0.026578 -0.077375
v 0.051936 0.012279 -0.058623
v 0.062951 0.045023 -0.071057
v 0.057946 0.026578 -0.065408
v 0.064456 0.012279 -0.044491
v 0.078127 0.045023 -0.053927
v 0.071915 0.026578 -0.049640
v 0.073230 0.012279 -0.027773
v 0.088762 0.045023 -0.033663
v 0.081705 0.026578 -0.030987
v 0.077749 0.012279 -0.009441
v 0.094239 0.045023 -0.011443
v 0.086747 0.026578 -0.010533
v 0.077749 0.012279 0.009440
v 0.094239 0.045023 0.011442
v 0.086747 0.026578 0.010533
v 0.073230 0.012279 0.027772
v 0.088762 0.045023 0.033663
v 0.081705 0.026578 0.030986
v 0.064456 0.012279 0.044490
v 0.078127 0.045024 0.053927
v 0.071915 0.026578 0.049639
v 0.051936 0.012279 0.058623
v 0.062951 0.045024 0.071057
v 0.057946 0.026578 0.065407
v 0.036397 0.012279 0.069348
v 0.044117 0.045024 0.084057
v 0.040609 0.026578 0.077374
v 0.018743 0.012279 0.076044
v 0.022719 0.045024 0.092173
v 0.020912 0.026578 0.084844
v 0.000000 0.012279 0.078319
v 0.000000 0.045024 0.094931
v 0.000000 0.026578 0.087384
v -0.018743 0.012279 0.076044
v -0.022719 0.045024 0.092173
v -0.020912 0.026578 0.084844
v -0.036397 0.012279 0.069348
v -0.044117 0.045024 0.084057
v -0.040609 0.026578 0.077374
v -0.051936 0.012279 0.058623
v -0.062951 0.045024 0.071057
v -0.057946 0.026578 0.065407
v -0.064456 0.012279 0.044490
v -0.078127 0.045024 0.053927
v -0.071915 0.026578 0.049639
v -0.073230 0.012279 0.027772
v -0.088762 0.045023 0.033663
v -0.081705 0.026578 0.030986
v -0.077749 0.012279 0.009440
v -0.094239 0.045023 0.011442
v -0.086747 0.026578 0.010533
v -0.077749 0.012279 -0.009441
v -0.094239 0.045023 -0.011443
v -0.086747 0.026578 -0.010533
v -0.073230 0.012279 -0.027773
v -0.088762 0.045023 -0.033663
v -0.081705 0.026578 -0.030987
v -0.064456 0.012279 -0.044491
v -0.078127 0.045023 -0.053927
v -0.071915 0.026578 -0.049640
v -0.051936 0.012279 -0.058623
v -0.062951 0.045023 -0.071057
v -0.057946 0.026578 -0.065408
v -0.036397 0.012279 -0.069349
v -0.044117 0.045023 -0.084058
v -0.040609 0.026578 -0.077375
v -0.018743 0.012279 -0.076044
v -0.022719 0.045023 -0.092173
v -0.020912 0.026578 -0.084845
v -0.000000 0.045023 -0.094932
v -0.000000 0.012279 -0.078320
v 0.000000 0.026578 -0.087384
v 0.000000 0.115970 -0.100744
v 0.000000 0.091139 -0.101818
v 0.024367 0.091139 -0.098860
v 0.024110 0.115970 -0.097817
v 0.047317 0.091139 -0.090156
v 0.046818 0.115970 -0.089204
v 0.067518 0.091139 -0.076212
v 0.066805 0.115970 -0.075408
v 0.083795 0.091139 -0.057840
v 0.082911 0.115970 -0.057229
v 0.095202 0.091139 -0.036105
v 0.094197 0.115970 -0.035724
v 0.101076 0.091139 -0.012273
v 0.100009 0.115970 -0.012144
v 0.101076 0.091139 0.012273
v 0.100009 0.115970 0.012143
v 0.095202 0.091139 0.036105
v 0.094197 0.115970 0.035724
v 0.083795 0.091139 0.057839
v 0.082910 0.115970 0.057229
v 0.067518 0.091139 0.076212
v 0.066805 0.115970 0.075407
v 0.047317 0.091139 0.090155
v 0.046818 0.115970 0.089204
v 0.024367 0.091139 0.098859
v 0.024110 0.115971 0.097816
v 0.000000 0.091139 0.101818
v 0.000000 0.115971 0.100743
v -0.024367 0.091139 0.098859
v -0.024110 0.115971 0.097816
v -0.047317 0.091139 0.090155
v -0.046818 0.115971 0.089204
v -0.067518 0.091139 0.076212
v -0.066805 0.115970 0.075407
v -0.083795 0.091139 0.057839
v -0.082911 0.115970 0.057229
v -0.095202 0.091139 0.036105
v -0.094197 0.115970 0.035724
v -0.101076 0.091139 0.012273
v -0.100009 0.115970 0.012143
v -0.101076 0.091139 -0.012273
v -0.100009 0.115970 -0.012144
v -0.095202 0.091139 -0.036105
v -0.094197 0.115970 -0.035724
v -0.083795 0.091139 -0.057840
v -0.082910 0.115970 -0.057229
v -0.067518 0.091139 -0.076212
v -0.066805 0.115970 -0.075408
v -0.047317 0.091139 -0.090156
v -0.046818 0.115970 -0.089204
v -0.024367 0.091139 -0.098860
v -0.024110 0.115970 -0.097817
v 0.000000 0.001703 -0.063806
v 0.000000 0.005051 -0.071773
v 0.017176 0.005051 -0.069688
v 0.015270 0.001703 -0.061952
v 0.033355 0.005051 -0.063552
v 0.029652 0.001703 -0.056497
v 0.047594 0.005051 -0.053723
v 0.042311 0.001703 -0.047759
v 0.059068 0.005051 -0.040772
v 0.052511 0.001703 -0.036246
v 0.067109 0.005051 -0.025451
v 0.059659 0.001703 -0.022626
v 0.071250 0.005051 -0.008652
v 0.063340 0.001703 -0.007691
v 0.071250 0.005051 0.008651
v 0.063340 0.001703 0.007691
v 0.067109 0.005051 0.025451
v 0.059659 0.001703 0.022625
v 0.059068 0.005051 0.040771
v 0.052511 0.001703 0.036245
v 0.047594 0.005051 0.053723
v 0.042311 0.001703 0.047759
v 0.033355 0.005051 0.063552
v 0.029652 0.001703 0.056497
v 0.017176 0.005051 0.069687
v 0.015270 0.001703 0.061951
v -0.000000 0.005051 0.071773
v 0.000000 0.001703 0.063805
v -0.017176 0.005051 0.069687
v -0.015270 0.001703 0.061951
v -0.033355 0.005051 0.063552
v -0.029652 0.001703 0.056497
v -0.047594 0.005051 0.053723
v -0.042311 0.001703 0.047759
v -0.059068 0.005051 0.040771
v -0.052511 0.001703 0.036245
v -0.067109 0.005051 0.025451
v -0.059659 0.001703 0.022625
v -0.071250 0.005051 0.008651
v -0.063340 0.001703 0.007691
v -0.071250 0.005051 -0.008652
v -0.063340 0.001703 -0.007691
v -0.067109 0.005051 -0.025451
v -0.059659 0.001703 -0.022626
v -0.059068 0.005051 -0.040772
v -0.052511 0.001703 -0.036246
v -0.047594 0.005051 -0.053723
v -0.042311 0.001703 -0.047759
v -0.033355 0.005051 -0.063552
v -0.029652 0.001703 -0.056497
v -0.017176 0.005051 -0.069688
v -0.015270 0.001703 -0.061952
v -0.009215 0.003887 -0.037387
v -0.017894 0.003887 -0.034095
v -0.025534 0.003887 -0.028822
v -0.031689 0.003887 -0.021874
v -0.036003 0.003887 -0.013654
v -0.038225 0.003887 -0.004642
v -0.038225 0.003887 0.004641
v -0.036003 0.003887 0.013654
v -0.031689 0.003887 0.021873
v -0.025534 0.003887 0.028821
v -0.017894 0.003887 0.034095
v -0.009215 0.003887 0.037386
v 0.000000 0.003887 0.038505
v 0.009215 0.003887 0.037386
v 0.017894 0.003887 0.034095
v 0.025534 0.003887 0.028821
v 0.031689 0.003887 0.021873
v 0.036003 0.003887 0.013654
v 0.038225 0.003887 0.004641
v 0.038225 0.003887 -0.004642
v 0.036003 0.003887 -0.013654
v 0.031689 0.003887 -0.021874
v 0.025534 0.003887 -0.028822
v 0.017894 0.003887 -0.034095
v 0.000000 0.003887 -0.038506
v 0.009215 0.003887 -0.037387
v -0.000000 0.378391 -0.038765
v 0.009965 0.378391 -0.037168
v 0.018277 0.378031 -0.033097
v 0.025380 0.377052 -0.027370
v 0.031255 0.375513 -0.020586
v 0.035372 0.373942 -0.012906
v 0.037512 0.372914 -0.004285
v 0.037533 0.372876 0.004370
v 0.035287 0.373906 0.012701
v 0.030604 0.376064 0.020666
v 0.024263 0.378117 0.028872
v 0.017387 0.377538 0.035810
v 0.009679 0.375411 0.041019
v 0.000000 0.374281 0.042927
v -0.009679 0.375411 0.041019
v -0.017387 0.377539 0.035810
v -0.024263 0.378117 0.028872
v -0.030604 0.376064 0.020666
v -0.035287 0.373906 0.012701
v -0.037533 0.372876 0.004370
v -0.037512 0.372914 -0.004285
v -0.035372 0.373942 -0.012906
v -0.031255 0.375513 -0.020586
v -0.025380 0.377052 -0.027370
v -0.018277 0.378031 -0.033097
v -0.009965 0.378391 -0.037168
v -0.012638 0.007126 -0.051274
v 0.000000 0.401457 -0.051677
v -0.024541 0.007126 -0.046759
v 0.011231 0.401456 -0.049435
v -0.035018 0.007126 -0.039527
v 0.021940 0.400928 -0.043698
v -0.043460 0.007126 -0.029999
v 0.031806 0.399346 -0.036347
v -0.049376 0.007126 -0.018726
v 0.040748 0.396185 -0.028137
v -0.052423 0.007126 -0.006366
v 0.046899 0.393120 -0.018474
v -0.052423 0.007126 0.006365
v 0.050117 0.391552 -0.006172
v -0.049376 0.007126 0.018726
v 0.050218 0.391330 0.004938
v -0.043460 0.007126 0.029998
v 0.046249 0.392818 0.015219
v -0.035018 0.007126 0.039527
v 0.036022 0.397306 0.026071
v -0.024541 0.007126 0.046759
v 0.023196 0.400473 0.039339
v -0.012638 0.007126 0.051273
v 0.014204 0.399053 0.051022
v -0.000000 0.007126 0.052808
v 0.007784 0.395093 0.059202
v 0.012638 0.007126 0.051273
v 0.000000 0.392892 0.061821
v 0.024541 0.007126 0.046759
v -0.007784 0.395093 0.059202
v 0.035018 0.007126 0.039527
v -0.014204 0.399053 0.051022
v 0.043460 0.007126 0.029998
v -0.023196 0.400473 0.039339
v 0.049376 0.007126 0.018726
v -0.036022 0.397306 0.026071
v 0.052423 0.007126 0.006365
v -0.046249 0.392818 0.015219
v 0.052423 0.007126 -0.006366
v -0.050218 0.391330 0.004938
v 0.049376 0.007126 -0.018726
v -0.050117 0.391552 -0.006172
v 0.043460 0.007126 -0.029999
v -0.046899 0.393120 -0.018474
v 0.035018 0.007126 -0.039527
v -0.040748 0.396185 -0.028137
v 0.024541 0.007126 -0.046759
v -0.031806 0.399346 -0.036347
v -0.000000 0.007126 -0.052808
v -0.021940 0.400928 -0.043698
v 0.012638 0.007126 -0.051274
v -0.011231 0.401456 -0.049435
v 0.000000 0.278083 -0.021250
v 0.005084 0.278083 -0.020632
v 0.009873 0.278082 -0.018817
v 0.014089 0.278081 -0.015907
v 0.017487 0.278080 -0.012072
v 0.019868 0.278080 -0.007536
v 0.021094 0.278080 -0.002562
v 0.021094 0.278080 0.002561
v 0.019868 0.278080 0.007535
v 0.017488 0.278080 0.012070
v 0.014091 0.278080 0.015905
v 0.009875 0.278080 0.018814
v 0.005085 0.278080 0.020631
v 0.000000 0.278080 0.021249
v -0.005085 0.278080 0.020631
v -0.009875 0.278080 0.018814
v -0.014091 0.278080 0.015905
v -0.017488 0.278080 0.012070
v -0.019868 0.278080 0.007535
v -0.021094 0.278080 0.002561
v -0.021094 0.278080 -0.002562
v -0.019868 0.278080 -0.007536
v -0.017487 0.278080 -0.012072
v -0.014089 0.278081 -0.015907
v -0.009873 0.278082 -0.018817
v -0.005084 0.278083 -0.020632
v 0.000000 0.357046 -0.025326
v 0.006144 0.357051 -0.024480
v 0.011699 0.356992 -0.022099
v 0.016574 0.356850 -0.018410
v 0.020513 0.356685 -0.013758
v 0.023255 0.356525 -0.008485
v 0.024649 0.356406 -0.002847
v 0.024650 0.356396 0.002891
v 0.023254 0.356479 0.008480
v 0.020462 0.356704 0.013781
v 0.016363 0.357072 0.018655
v 0.011285 0.357138 0.022520
v 0.005767 0.357085 0.025023
v 0.000000 0.357074 0.025867
v -0.005767 0.357085 0.025023
v -0.011285 0.357138 0.022520
v -0.016363 0.357072 0.018655
v -0.020462 0.356704 0.013781
v -0.023254 0.356479 0.008480
v -0.024650 0.356396 0.002891
v -0.024649 0.356406 -0.002847
v -0.023255 0.356525 -0.008485
v -0.020513 0.356685 -0.013758
v -0.016574 0.356850 -0.018410
v -0.011699 0.356992 -0.022099
v -0.006144 0.357051 -0.024480
v -0.012711 0.195435 -0.051571
v -0.024684 0.195435 -0.047031
v -0.035222 0.195435 -0.039757
v -0.043712 0.195435 -0.030173
v -0.049663 0.195435 -0.018835
v -0.052727 0.195435 -0.006403
v -0.052727 0.195435 0.006402
v -0.049663 0.195435 0.018834
v -0.043712 0.195435 0.030172
v -0.035222 0.195435 0.039757
v -0.024684 0.195435 0.047030
v -0.012711 0.195435 0.051571
v 0.000000 0.195435 0.053114
v 0.012711 0.195435 0.051571
v 0.024684 0.195435 0.047030
v 0.035222 0.195435 0.039757
v 0.043712 0.195435 0.030172
v 0.049663 0.195435 0.018834
v 0.052727 0.195435 0.006402
v 0.052727 0.195435 -0.006403
v 0.049663 0.195435 -0.018835
v 0.043712 0.195435 -0.030173
v 0.035222 0.195435 -0.039757
v 0.024684 0.195435 -0.047031
v 0.012711 0.195435 -0.051571
v 0.000000 0.195435 -0.053115
v 0.000000 0.139069 -0.089810
v 0.000000 0.069489 -0.094513
v 0.000000 0.324067 -0.020791
v 0.022619 0.069489 -0.091767
v 0.021493 0.139069 -0.087200
v -0.004934 0.324066 -0.020178
v 0.043922 0.069489 -0.083687
v 0.041737 0.139069 -0.079523
v -0.009587 0.324062 -0.018379
v 0.062674 0.069489 -0.070744
v 0.059555 0.139069 -0.067224
v -0.013692 0.324061 -0.015504
v 0.077783 0.069489 -0.053690
v 0.073912 0.139069 -0.051018
v -0.017004 0.324069 -0.011739
v 0.088371 0.069489 -0.033515
v 0.083973 0.139069 -0.031847
v -0.019324 0.324084 -0.007316
v 0.093824 0.069489 -0.011393
v 0.089155 0.139069 -0.010826
v -0.020516 0.324096 -0.002485
v 0.093824 0.069489 0.011392
v 0.089155 0.139069 0.010825
v -0.020516 0.324097 0.002485
v 0.088371 0.069489 0.033515
v 0.083973 0.139069 0.031847
v -0.019325 0.324085 0.007313
v 0.077783 0.069489 0.053689
v 0.073912 0.139069 0.051017
v -0.017002 0.324075 0.011733
v 0.062674 0.069489 0.070744
v 0.059555 0.139069 0.067223
v -0.013676 0.324081 0.015484
v 0.043922 0.069489 0.083687
v 0.041737 0.139069 0.079522
v -0.009548 0.324113 0.018334
v 0.022618 0.069489 0.091766
v 0.021493 0.139069 0.087199
v -0.004896 0.324157 0.020101
v 0.000000 0.069489 0.094513
v -0.000000 0.139069 0.089809
v 0.000000 0.324178 0.020697
v -0.022618 0.069489 0.091766
v -0.021493 0.139069 0.087199
v 0.004896 0.324157 0.020101
v -0.043922 0.069489 0.083687
v -0.041737 0.139069 0.079522
v 0.009548 0.324113 0.018334
v -0.062674 0.069489 0.070744
v -0.059555 0.139069 0.067223
v 0.013676 0.324081 0.015484
v -0.077783 0.069489 0.053689
v -0.073912 0.139069 0.051017
v 0.017002 0.324075 0.011733
v -0.088371 0.069489 0.033515
v -0.083973 0.139069 0.031847
v 0.019325 0.324086 0.007313
v -0.093824 0.069489 0.011392
v -0.089155 0.139069 0.010825
v 0.020516 0.324097 0.002485
v -0.093824 0.069489 -0.011393
v -0.089155 0.139069 -0.010826
v 0.020516 0.324096 -0.002485
v -0.088371 0.069489 -0.033515
v -0.083973 0.139069 -0.031847
v 0.019324 0.324084 -0.007316
v -0.077783 0.069489 -0.053690
v -0.073912 0.139069 -0.051018
v 0.017004 0.324069 -0.011739
v -0.062674 0.069489 -0.070744
v -0.059555 0.139069 -0.067224
v 0.013692 0.324061 -0.015504
v -0.043922 0.069489 -0.083687
v -0.041737 0.139069 -0.079523
v 0.009587 0.324062 -0.018379
v -0.022619 0.069489 -0.091767
v -0.021493 0.139069 -0.087200
v 0.004934 0.324066 -0.020178
v 0.015733 0.179580 -0.063832
v 0.018881 0.161625 -0.076602
v 0.030552 0.179580 -0.058212
v 0.036664 0.161625 -0.069857
v 0.043595 0.179580 -0.049209
v 0.052316 0.161625 -0.059053
v 0.054105 0.179580 -0.037346
v 0.064928 0.161625 -0.044817
v 0.061470 0.179580 -0.023313
v 0.073767 0.161625 -0.027976
v 0.065263 0.179580 -0.007925
v 0.078319 0.161625 -0.009510
v 0.065263 0.179580 0.007924
v 0.078319 0.161625 0.009509
v 0.061470 0.179580 0.023312
v 0.073767 0.161625 0.027976
v 0.054105 0.179580 0.037346
v 0.064928 0.161625 0.044817
v 0.043595 0.179580 0.049208
v 0.052316 0.161625 0.059053
v 0.030552 0.179580 0.058211
v 0.036664 0.161625 0.069857
v 0.015733 0.179580 0.063832
v 0.018881 0.161625 0.076601
v 0.000000 0.179580 0.065742
v 0.000000 0.161625 0.078894
v -0.015733 0.179580 0.063832
v -0.018881 0.161625 0.076601
v -0.030552 0.179580 0.058211
v -0.036664 0.161625 0.069857
v -0.043595 0.179580 0.049208
v -0.052316 0.161625 0.059053
v -0.054105 0.179580 0.037346
v -0.064928 0.161625 0.044817
v -0.061470 0.179580 0.023312
v -0.073767 0.161625 0.027976
v -0.065263 0.179580 0.007924
v -0.078319 0.161625 0.009509
v -0.065263 0.179580 -0.007925
v -0.078319 0.161625 -0.009510
v -0.061470 0.179580 -0.023313
v -0.073767 0.161625 -0.027976
v -0.054105 0.179580 -0.037346
v -0.064928 0.161625 -0.044817
v -0.043595 0.179580 -0.049209
v -0.052316 0.161625 -0.059053
v -0.030552 0.179580 -0.058212
v -0.036664 0.161625 -0.069857
v -0.015733 0.179580 -0.063832
v -0.018881 0.161625 -0.076602
v 0.000000 0.179580 -0.065742
v 0.000000 0.161625 -0.078894
v 0.000000 0.213348 -0.041460
v 0.000000 0.252973 -0.024832
v -0.000000 0.233950 -0.031225
v -0.005943 0.252973 -0.024110
v -0.009922 0.213348 -0.040256
v -0.007473 0.233950 -0.030318
v -0.020436 0.252973 -0.014106
v -0.034121 0.213348 -0.023552
v -0.025698 0.233950 -0.017738
v -0.024650 0.252973 0.002993
v -0.041158 0.213348 0.004997
v -0.030997 0.233950 0.003763
v -0.016466 0.252973 0.018586
v -0.027493 0.213348 0.031033
v -0.020706 0.233950 0.023372
v 0.000000 0.252973 0.024831
v 0.000000 0.213348 0.041460
v 0.000000 0.233950 0.031225
v 0.016466 0.252973 0.018586
v 0.027493 0.213348 0.031033
v 0.020706 0.233950 0.023372
v 0.024650 0.252973 0.002993
v 0.041158 0.213348 0.004997
v 0.030997 0.233950 0.003763
v 0.020436 0.252973 -0.014106
v 0.034121 0.213348 -0.023552
v 0.025698 0.233950 -0.017738
v 0.005943 0.252973 -0.024110
v 0.009922 0.213348 -0.040256
v 0.007473 0.233950 -0.030318
v -0.011540 0.252973 -0.021987
v -0.019268 0.213348 -0.036711
v -0.014511 0.233950 -0.027649
v -0.023218 0.252973 -0.008806
v -0.038766 0.213348 -0.014702
v -0.029196 0.233950 -0.011073
v -0.023218 0.252973 0.008805
v -0.038766 0.213348 0.014702
v -0.029196 0.233950 0.011072
v -0.011540 0.252973 0.021987
v -0.019268 0.213348 0.036711
v -0.014511 0.233950 0.027648
v 0.005943 0.252973 0.024110
v 0.009922 0.213348 0.040255
v 0.007473 0.233950 0.030317
v 0.020436 0.252973 0.014106
v 0.034121 0.213348 0.023552
v 0.025698 0.233950 0.017738
v 0.024650 0.252973 -0.002993
v 0.041158 0.213348 -0.004998
v 0.030997 0.233950 -0.003764
v 0.016466 0.252973 -0.018587
v 0.027493 0.213348 -0.031034
v 0.020706 0.233950 -0.023373
v 0.011540 0.252973 -0.021987
v 0.019268 0.213348 -0.036711
v 0.014511 0.233950 -0.027649
v 0.023218 0.252973 -0.008806
v 0.038766 0.213348 -0.014702
v 0.029196 0.233950 -0.011073
v 0.023218 0.252973 0.008805
v 0.038766 0.213348 0.014702
v 0.029196 0.233950 0.011072
v 0.011540 0.252973 0.021987
v 0.019268 0.213348 0.036711
v 0.014511 0.233950 0.027648
v -0.005943 0.252973 0.024110
v -0.009922 0.213348 0.040255
v -0.007473 0.233950 0.030317
v -0.020436 0.252973 0.014106
v -0.034121 0.213348 0.023552
v -0.025698 0.233950 0.017738
v -0.024650 0.252973 -0.002993
v -0.041158 0.213348 -0.004998
v -0.030997 0.233950 -0.003764
v -0.016466 0.252973 -0.018587
v -0.027493 0.213348 -0.031034
v -0.020706 0.233950 -0.023373
v 0.017710 0.015744 -0.071853
v 0.021458 0.046719 -0.087059
v 0.019745 0.029210 -0.080110
v 0.034391 0.015744 -0.065527
v 0.041669 0.046719 -0.079394
v 0.038343 0.029210 -0.073057
v 0.049073 0.015744 -0.055392
v 0.059459 0.046719 -0.067115
v 0.054713 0.029210 -0.061758
v 0.060903 0.015744 -0.042039
v 0.073793 0.046719 -0.050936
v 0.067902 0.029210 -0.046870
v 0.069194 0.015744 -0.026242
v 0.083838 0.046719 -0.031796
v 0.077146 0.029210 -0.029258
v 0.073464 0.015744 -0.008920
v 0.089011 0.046719 -0.010808
v 0.081906 0.029210 -0.009945
v 0.073464 0.015744 0.008920
v 0.089011 0.046719 0.010808
v 0.081906 0.029210 0.009945
v 0.069194 0.015744 0.026242
v 0.083838 0.046719 0.031795
v 0.077146 0.029210 0.029257
v 0.060903 0.015744 0.042038
v 0.073793 0.046719 0.050935
v 0.067902 0.029211 0.046869
v 0.049073 0.015744 0.055392
v 0.059459 0.046719 0.067115
v 0.054713 0.029211 0.061758
v 0.034391 0.015744 0.065526
v 0.041669 0.046719 0.079394
v 0.038343 0.029211 0.073057
v 0.017710 0.015744 0.071852
v 0.021458 0.046719 0.087059
v 0.019745 0.029211 0.080110
v 0.000000 0.015744 0.074003
v 0.000000 0.046719 0.089664
v 0.000000 0.029211 0.082507
v -0.017710 0.015744 0.071852
v -0.021458 0.046719 0.087059
v -0.019745 0.029211 0.080110
v -0.034391 0.015744 0.065526
v -0.041669 0.046719 0.079394
v -0.038343 0.029211 0.073057
v -0.049073 0.015744 0.055392
v -0.059459 0.046719 0.067115
v -0.054713 0.029211 0.061758
v -0.060903 0.015744 0.042038
v -0.073793 0.046719 0.050935
v -0.067902 0.029211 0.046869
v -0.069194 0.015744 0.026242
v -0.083838 0.046719 0.031795
v -0.077146 0.029211 0.029257
v -0.073464 0.015744 0.008920
v -0.089011 0.046719 0.010808
v -0.081906 0.029210 0.009945
v -0.073464 0.015744 -0.008920
v -0.089011 0.046719 -0.010808
v -0.081906 0.029210 -0.009945
v -0.069194 0.015744 -0.026242
v -0.083838 0.046719 -0.031796
v -0.077146 0.029210 -0.029258
v -0.060903 0.015744 -0.042039
v -0.073793 0.046719 -0.050936
v -0.067902 0.029210 -0.046870
v -0.049073 0.015744 -0.055392
v -0.059459 0.046719 -0.067115
v -0.054713 0.029210 -0.061758
v -0.034391 0.015744 -0.065527
v -0.041669 0.046719 -0.079394
v -0.038343 0.029210 -0.073057
v -0.017710 0.015744 -0.071853
v -0.021458 0.046719 -0.087059
v -0.019745 0.029210 -0.080110
v 0.000000 0.046719 -0.089665
v 0.000000 0.015744 -0.074003
v 0.000000 0.029210 -0.082508
v -0.000000 0.115238 -0.095265
v -0.000000 0.091252 -0.096278
v 0.023041 0.091252 -0.093480
v 0.022798 0.115238 -0.092497
v 0.044742 0.091252 -0.085250
v 0.044272 0.115238 -0.084353
v 0.063844 0.091252 -0.072065
v 0.063172 0.115238 -0.071307
v 0.079235 0.091252 -0.054692
v 0.078402 0.115238 -0.054117
v 0.090021 0.091252 -0.034141
v 0.089074 0.115238 -0.033782
v 0.095576 0.091252 -0.011605
v 0.094570 0.115238 -0.011483
v 0.095576 0.091252 0.011605
v 0.094570 0.115238 0.011483
v 0.090021 0.091252 0.034140
v 0.089074 0.115238 0.033781
v 0.079235 0.091252 0.054692
v 0.078402 0.115238 0.054116
v 0.063844 0.091252 0.072064
v 0.063172 0.115238 0.071306
v 0.044742 0.091252 0.085249
v 0.044272 0.115238 0.084353
v 0.023041 0.091252 0.093480
v 0.022798 0.115238 0.092496
v 0.000000 0.091252 0.096277
v 0.000000 0.115238 0.095265
v -0.023041 0.091252 0.093480
v -0.022798 0.115238 0.092496
v -0.044742 0.091252 0.085249
v -0.044272 0.115238 0.084353
v -0.063844 0.091252 0.072064
v -0.063172 0.115238 0.071306
v -0.079235 0.091252 0.054692
v -0.078402 0.115238 0.054116
v -0.090021 0.091252 0.034140
v -0.089074 0.115238 0.033781
v -0.095576 0.091252 0.011605
v -0.094570 0.115238 0.011483
v -0.095576 0.091252 -0.011605
v -0.094570 0.115238 -0.011483
v -0.090021 0.091252 -0.034141
v -0.089074 0.115238 -0.033782
v -0.079235 0.091252 -0.054692
v -0.078402 0.115238 -0.054117
v -0.063844 0.091252 -0.072065
v -0.063172 0.115238 -0.071307
v -0.044742 0.091252 -0.085250
v -0.044272 0.115238 -0.084353
v -0.023041 0.091252 -0.093480
v -0.022798 0.115238 -0.092497
v 0.000000 0.007026 -0.062502
v 0.000000 0.009509 -0.068588
v 0.016414 0.009509 -0.066595
v 0.014958 0.007026 -0.060686
v 0.031874 0.009509 -0.060732
v 0.029046 0.007026 -0.055343
v 0.045482 0.009509 -0.051339
v 0.041447 0.007026 -0.046784
v 0.056447 0.009509 -0.038963
v 0.051438 0.007026 -0.035506
v 0.064131 0.009509 -0.024322
v 0.058441 0.007026 -0.022164
v 0.068088 0.009509 -0.008268
v 0.062046 0.007026 -0.007534
v 0.068088 0.009509 0.008267
v 0.062046 0.007026 0.007534
v 0.064131 0.009509 0.024321
v 0.058441 0.007026 0.022163
v 0.056447 0.009509 0.038962
v 0.051438 0.007026 0.035505
v 0.045482 0.009509 0.051338
v 0.041447 0.007026 0.046783
v 0.031874 0.009509 0.060731
v 0.029046 0.007026 0.055343
v 0.016414 0.009509 0.066594
v 0.014958 0.007026 0.060686
v 0.000000 0.009509 0.068587
v 0.000000 0.007026 0.062502
v -0.016414 0.009509 0.066594
v -0.014958 0.007026 0.060686
v -0.031874 0.009509 0.060731
v -0.029046 0.007026 0.055343
v -0.045482 0.009509 0.051338
v -0.041447 0.007026 0.046783
v -0.056447 0.009509 0.038962
v -0.051438 0.007026 0.035505
v -0.064131 0.009509 0.024321
v -0.058441 0.007026 0.022163
v -0.068088 0.009509 0.008267
v -0.062046 0.007026 0.007534
v -0.068088 0.009509 -0.008268
v -0.062046 0.007026 -0.007534
v -0.064131 0.009509 -0.024322
v -0.058441 0.007026 -0.022164
v -0.056447 0.009509 -0.038963
v -0.051438 0.007026 -0.035506
v -0.045482 0.009509 -0.051339
v -0.041447 0.007026 -0.046784
v -0.031874 0.009509 -0.060732
v -0.029046 0.007026 -0.055343
v -0.016414 0.009509 -0.066595
v -0.014958 0.007026 -0.060686
v -0.008941 0.009272 -0.036277
v -0.017363 0.009272 -0.033083
v -0.024776 0.009272 -0.027966
v -0.030749 0.009272 -0.021225
v -0.034935 0.009272 -0.013249
v -0.037090 0.009272 -0.004504
v -0.037090 0.009272 0.004503
v -0.034935 0.009272 0.013249
v -0.030749 0.009272 0.021224
v -0.024776 0.009272 0.027966
v -0.017363 0.009272 0.033083
v -0.008941 0.009272 0.036277
v -0.000000 0.009272 0.037362
v 0.008941 0.009272 0.036277
v 0.017363 0.009272 0.033083
v 0.024776 0.009272 0.027966
v 0.030749 0.009272 0.021224
v 0.034935 0.009272 0.013249
v 0.037090 0.009272 0.004503
v 0.037090 0.009272 -0.004504
v 0.034935 0.009272 -0.013249
v 0.030749 0.009272 -0.021225
v 0.024776 0.009272 -0.027966
v 0.017363 0.009272 -0.033083
v -0.000000 0.009272 -0.037363
v 0.008941 0.009272 -0.036277
v 0.000000 0.380919 -0.033807
v 0.008782 0.380935 -0.032402
v 0.016118 0.380610 -0.028795
v 0.022491 0.379754 -0.023654
v 0.027786 0.378436 -0.017581
v 0.031417 0.377098 -0.010865
v 0.033240 0.376199 -0.003555
v 0.033251 0.376099 0.003527
v 0.031298 0.376796 0.010333
v 0.026903 0.378546 0.017364
v 0.020623 0.380421 0.025322
v 0.013925 0.379996 0.032256
v 0.007363 0.378531 0.037271
v 0.000000 0.377851 0.039001
v -0.007363 0.378531 0.037271
v -0.013925 0.379996 0.032256
v -0.020623 0.380421 0.025322
v -0.026903 0.378546 0.017364
v -0.031298 0.376796 0.010333
v -0.033251 0.376099 0.003527
v -0.033240 0.376199 -0.003555
v -0.031417 0.377098 -0.010865
v -0.027786 0.378436 -0.017581
v -0.022491 0.379754 -0.023654
v -0.016118 0.380610 -0.028795
v -0.008782 0.380935 -0.032402
v 0.000000 0.394215 -0.051285
v 0.011631 0.394226 -0.049105
v 0.022229 0.393749 -0.043537
v 0.031684 0.392232 -0.036335
v 0.040073 0.389286 -0.028222
v 0.045953 0.386380 -0.018546
v 0.049083 0.384810 -0.006207
v 0.049190 0.384694 0.005420
v 0.045522 0.386382 0.016325
v 0.036754 0.390785 0.026988
v 0.025988 0.394046 0.038885
v 0.017674 0.392762 0.049168
v 0.010102 0.388576 0.056740
v 0.000000 0.386193 0.059333
v -0.010102 0.388576 0.056740
v -0.017674 0.392762 0.049168
v -0.025988 0.394046 0.038885
v -0.036754 0.390785 0.026988
v -0.045522 0.386382 0.016325
v -0.049190 0.384694 0.005420
v -0.049083 0.384810 -0.006207
v -0.045953 0.386380 -0.018546
v -0.040073 0.389286 -0.028222
v -0.031684 0.392232 -0.036335
v -0.022229 0.393749 -0.043537
v -0.011631 0.394226 -0.049105
v 0.000000 0.397759 -0.046948
v 0.010621 0.397773 -0.044889
v 0.020450 0.397281 -0.039659
v 0.029420 0.395850 -0.032856
v 0.037427 0.393134 -0.025251
v 0.042913 0.390524 -0.016419
v 0.045745 0.389131 -0.005440
v 0.045819 0.388898 0.004479
v 0.042385 0.390063 0.013693
v 0.033613 0.393819 0.023528
v 0.022338 0.396693 0.035587
v 0.013825 0.395519 0.046254
v 0.007438 0.392232 0.053765
v 0.000000 0.390471 0.056193
v -0.007438 0.392232 0.053765
v -0.013825 0.395519 0.046254
v -0.022338 0.396693 0.035587
v -0.033613 0.393819 0.023528
v -0.042385 0.390063 0.013693
v -0.045819 0.388898 0.004479
v -0.045745 0.389131 -0.005440
v -0.042913 0.390524 -0.016419
v -0.037427 0.393134 -0.025251
v -0.029420 0.395850 -0.032856
v -0.020450 0.397281 -0.039659
v -0.010621 0.397773 -0.044889
v -0.042644 0.003131 -0.005178
v -0.042644 0.003131 0.005178
v -0.040166 0.003131 0.015233
v 0.010280 0.003131 0.041709
v 0.019963 0.003131 0.038037
v 0.028486 0.003131 0.032154
v 0.035353 0.003131 -0.024403
v 0.028486 0.003131 -0.032155
v 0.019963 0.003131 -0.038037
v 0.000000 0.003131 -0.042958
v -0.010280 0.003131 -0.041710
v -0.019963 0.003131 -0.038037
v -0.035353 0.003131 0.024402
v -0.028486 0.003131 0.032154
v 0.035353 0.003131 0.024402
v 0.040166 0.003131 0.015233
v 0.010280 0.003131 -0.041710
v -0.028486 0.003131 -0.032155
v -0.035353 0.003131 -0.024403
v -0.019963 0.003131 0.038037
v -0.010280 0.003131 0.041709
v 0.042644 0.003131 0.005178
v 0.042644 0.003131 -0.005178
v -0.040166 0.003131 -0.015233
v 0.000000 0.003131 0.042957
v 0.040166 0.003131 -0.015233
v -0.048047 0.002014 0.005834
v -0.045255 0.002014 0.017163
v 0.022493 0.002014 0.042856
v 0.032095 0.002014 0.036228
v 0.032095 0.002014 -0.036228
v 0.022493 0.002014 -0.042856
v -0.011583 0.002014 -0.046994
v -0.022493 0.002014 -0.042856
v -0.039832 0.002014 0.027494
v -0.032095 0.002014 0.036228
v 0.039832 0.002014 0.027494
v 0.045255 0.002014 0.017163
v 0.011583 0.002014 -0.046994
v -0.032095 0.002014 -0.036228
v -0.039832 0.002014 -0.027494
v -0.022493 0.002014 0.042856
v -0.011583 0.002014 0.046993
v 0.048047 0.002014 0.005834
v 0.048047 0.002014 -0.005834
v -0.045255 0.002014 -0.017163
v 0.000000 0.002014 0.048400
v 0.045255 0.002014 -0.017163
v -0.048047 0.002014 -0.005834
v 0.011583 0.002014 0.046993
v 0.039832 0.002014 -0.027494
v 0.000000 0.002014 -0.048400
v -0.000000 0.011768 -0.000000
v 0.000000 0.004899 -0.027216
v 0.012648 0.004899 -0.024098
v 0.018047 0.004899 -0.020371
v 0.022398 0.004899 -0.015460
v 0.025447 0.004899 -0.009651
v 0.027017 0.004899 -0.003281
v 0.027017 0.004899 0.003280
v 0.025447 0.004899 0.009650
v 0.022398 0.004899 0.015460
v 0.018047 0.004899 0.020371
v 0.012648 0.004899 0.024098
v 0.006513 0.004899 0.026424
v 0.000000 0.004899 0.027215
v -0.006513 0.004899 0.026424
v -0.012648 0.004899 0.024098
v -0.018047 0.004899 0.020371
v -0.022398 0.004899 0.015460
v -0.025447 0.004899 0.009650
v -0.027017 0.004899 0.003280
v -0.027017 0.004899 -0.003281
v -0.025447 0.004899 -0.009651
v -0.022398 0.004899 -0.015460
v -0.018047 0.004899 -0.020371
v -0.012648 0.004899 -0.024098
v -0.006513 0.004899 -0.026425
v 0.006513 0.004899 -0.026425
v -0.000000 0.005701 -0.000000
v -0.000000 0.397441 -0.054171
v 0.005976 0.398942 -0.053843
v 0.011912 0.397445 -0.051877
v 0.005892 0.394237 -0.050714
v 0.017582 0.398761 -0.049491
v 0.023035 0.396947 -0.045986
v 0.017086 0.394082 -0.046629
v 0.028221 0.397799 -0.042541
v 0.033063 0.395336 -0.038459
v 0.027070 0.393170 -0.040069
v 0.037999 0.395265 -0.034490
v 0.042075 0.392092 -0.030021
v 0.036098 0.390872 -0.032394
v 0.045931 0.391710 -0.025389
v 0.048388 0.388885 -0.019862
v 0.043363 0.387723 -0.023717
v 0.050827 0.389138 -0.013443
v 0.051762 0.387207 -0.006667
v 0.047872 0.385404 -0.012513
v 0.052649 0.388252 -0.000370
v 0.051890 0.387081 0.005645
v 0.049536 0.384579 -0.000245
v 0.050919 0.388916 0.011375
v 0.047864 0.388938 0.017146
v 0.047953 0.385200 0.010954
v 0.043737 0.392544 0.022544
v 0.038044 0.393840 0.028445
v 0.041679 0.388412 0.021545
v 0.031669 0.397432 0.034892
v 0.026133 0.397310 0.041208
v 0.031274 0.392850 0.032928
v 0.020786 0.398540 0.047473
v 0.017472 0.395866 0.052264
v 0.021510 0.393972 0.044314
v 0.013361 0.394984 0.057482
v 0.010019 0.391251 0.060338
v 0.014072 0.390758 0.053437
v 0.005058 0.390700 0.063119
v -0.000000 0.388599 0.063057
v 0.005305 0.386874 0.058702
v -0.005058 0.390701 0.063119
v -0.010019 0.391251 0.060338
v -0.005305 0.386874 0.058702
v -0.013361 0.394984 0.057482
v -0.017472 0.395866 0.052264
v -0.014072 0.390758 0.053437
v -0.020786 0.398540 0.047473
v -0.026133 0.397310 0.041208
v -0.021510 0.393972 0.044314
v -0.031669 0.397432 0.034892
v -0.038044 0.393839 0.028445
v -0.031274 0.392850 0.032928
v -0.043737 0.392544 0.022544
v -0.047864 0.388938 0.017146
v -0.041679 0.388412 0.021545
v -0.050919 0.388916 0.011375
v -0.051890 0.387081 0.005645
v -0.047953 0.385200 0.010954
v -0.052649 0.388252 -0.000370
v -0.051762 0.387207 -0.006667
v -0.049536 0.384579 -0.000245
v -0.050827 0.389138 -0.013443
v -0.048388 0.388885 -0.019862
v -0.047872 0.385404 -0.012513
v -0.045931 0.391710 -0.025389
v -0.042075 0.392092 -0.030021
v -0.043363 0.387723 -0.023717
v -0.037999 0.395265 -0.034490
v -0.033063 0.395336 -0.038459
v -0.036098 0.390872 -0.032394
v -0.028221 0.397799 -0.042541
v -0.023035 0.396947 -0.045986
v -0.027070 0.393170 -0.040069
v -0.017582 0.398761 -0.049491
v -0.011912 0.397445 -0.051877
v -0.017086 0.394082 -0.046629
v -0.005976 0.398942 -0.053843
v -0.005892 0.394237 -0.050714
v -0.017919 0.007908 -0.072700
v -0.009440 0.012279 -0.077748
v 0.000000 0.007908 -0.074876
v -0.008651 0.005051 -0.071249
v -0.023993 0.207061 -0.046423
v -0.016354 0.216160 -0.043439
v -0.012238 0.207061 -0.050904
v -0.020173 0.198756 -0.054861
v -0.042776 0.207061 -0.029783
v -0.034652 0.216160 -0.030807
v -0.034395 0.207061 -0.039243
v -0.043271 0.198756 -0.038908
v -0.027981 0.264116 -0.003398
v -0.025976 0.278649 -0.006403
v -0.026354 0.264116 -0.009995
v -0.029315 0.254375 -0.007226
v -0.023689 0.278649 -0.012433
v -0.023197 0.264116 -0.016012
v -0.026734 0.254374 -0.014032
v -0.026354 0.264116 0.009995
v -0.025976 0.278649 0.006402
v -0.027981 0.264116 0.003397
v -0.029315 0.254375 0.007225
v -0.051674 0.207061 -0.006320
v -0.044986 0.216160 -0.011118
v -0.048650 0.207061 -0.018591
v -0.056322 0.198756 -0.014042
v -0.048650 0.207061 0.018591
v -0.044986 0.216160 0.011118
v -0.051674 0.207061 0.006319
v -0.056322 0.198756 0.014041
v -0.046336 0.216160 -0.000000
v -0.058027 0.198756 -0.000000
v -0.042776 0.207061 0.029782
v -0.041014 0.216160 0.021590
v -0.051306 0.198756 0.027266
v -0.013099 0.264116 0.024957
v -0.015198 0.278649 0.022017
v -0.018691 0.264116 0.021097
v -0.017151 0.254375 0.024848
v -0.000000 0.207061 0.052427
v -0.005541 0.216160 0.046119
v -0.012238 0.207061 0.050904
v -0.006763 0.198756 0.058245
v 0.013099 0.264116 0.024957
v 0.009487 0.278649 0.025014
v 0.006745 0.264116 0.027367
v 0.010707 0.254375 0.028230
v 0.003225 0.278649 0.026558
v -0.000000 0.264116 0.028186
v 0.003639 0.254375 0.029972
v 0.023197 0.264116 0.016011
v 0.020025 0.278649 0.017740
v 0.018691 0.264116 0.021097
v 0.022600 0.254375 0.020021
v 0.023993 0.207061 0.046422
v 0.016354 0.216160 0.043438
v 0.012238 0.207061 0.050904
v 0.020173 0.198756 0.054860
v 0.042776 0.207061 0.029782
v 0.034652 0.216160 0.030807
v 0.034395 0.207061 0.039242
v 0.043271 0.198756 0.038907
v 0.026269 0.216160 0.038234
v 0.032684 0.198756 0.048287
v 0.048650 0.207061 0.018591
v 0.041014 0.216160 0.021590
v 0.051306 0.198756 0.027266
v 0.027981 0.264116 -0.003398
v 0.026753 0.278649 -0.000000
v 0.027981 0.264116 0.003397
v 0.030193 0.254375 -0.000000
v 0.042776 0.207061 -0.029783
v 0.041014 0.216160 -0.021590
v 0.048650 0.207061 -0.018591
v 0.051306 0.198756 -0.027267
v 0.013099 0.264116 -0.024958
v 0.015198 0.278649 -0.022018
v 0.018691 0.264116 -0.021098
v 0.017151 0.254374 -0.024848
v 0.020025 0.278649 -0.017741
v 0.023197 0.264116 -0.016012
v 0.022600 0.254375 -0.020022
v 0.006745 0.264116 -0.027367
v 0.009487 0.278649 -0.025015
v 0.010707 0.254375 -0.028231
v 0.023993 0.207061 -0.046423
v 0.026269 0.216160 -0.038234
v 0.034395 0.207061 -0.039243
v 0.032684 0.198756 -0.048287
v 0.012238 0.207061 -0.050904
v 0.016354 0.216160 -0.043439
v 0.020173 0.198756 -0.054861
v -0.005541 0.216160 -0.046119
v 0.000000 0.207061 -0.052428
v -0.006763 0.198756 -0.058246
v 0.061622 0.007908 -0.042535
v 0.069348 0.012279 -0.036397
v 0.070010 0.007908 -0.026552
v 0.063551 0.005051 -0.033355
v 0.076043 0.012279 -0.018743
v 0.074330 0.007908 -0.009026
v 0.069687 0.005051 -0.017177
v 0.078319 0.012279 -0.000000
v 0.074330 0.007908 0.009025
v 0.071772 0.005051 -0.000000
v 0.076043 0.012279 0.018743
v 0.070010 0.007908 0.026551
v 0.069687 0.005051 0.017176
v 0.069348 0.012279 0.036396
v 0.061622 0.007908 0.042534
v 0.063551 0.005051 0.033354
v 0.058623 0.012279 0.051935
v 0.049652 0.007908 0.056045
v 0.053722 0.005051 0.047594
v 0.044490 0.012279 0.064455
v 0.034797 0.007908 0.066299
v 0.040771 0.005051 0.059067
v 0.027772 0.012279 0.073229
v 0.017919 0.007908 0.072700
v 0.025451 0.005051 0.067108
v 0.009440 0.012279 0.077748
v 0.000000 0.007908 0.074875
v 0.008651 0.005051 0.071249
v -0.009440 0.012279 0.077748
v -0.017919 0.007908 0.072700
v -0.008651 0.005051 0.071249
v -0.027772 0.012279 0.073229
v -0.034797 0.007908 0.066299
v -0.025451 0.005051 0.067108
v -0.044490 0.012279 0.064455
v -0.049652 0.007908 0.056045
v -0.040771 0.005051 0.059067
v -0.058623 0.012279 0.051935
v -0.061622 0.007908 0.042534
v -0.053722 0.005051 0.047594
v -0.069348 0.012279 0.036396
v -0.070010 0.007908 0.026551
v -0.063551 0.005051 0.033354
v -0.076043 0.012279 0.018743
v -0.074330 0.007908 0.009025
v -0.069687 0.005051 0.017176
v -0.078319 0.012279 -0.000000
v -0.074330 0.007908 -0.009026
v -0.071772 0.005051 -0.000000
v -0.076043 0.012279 -0.018743
v -0.070010 0.007908 -0.026552
v -0.069687 0.005051 -0.017177
v -0.069348 0.012279 -0.036397
v -0.061622 0.007908 -0.042535
v -0.063551 0.005051 -0.033355
v -0.058623 0.012279 -0.051935
v -0.049652 0.007908 -0.056046
v -0.053722 0.005051 -0.047594
v -0.044490 0.012279 -0.064455
v -0.034797 0.007908 -0.066299
v -0.040771 0.005051 -0.059068
v -0.027772 0.012279 -0.073230
v -0.025451 0.005051 -0.067108
v -0.042957 0.003131 -0.000000
v -0.040686 0.003516 -0.004940
v -0.038505 0.003887 -0.000000
v -0.040686 0.003516 0.004940
v 0.017919 0.007908 -0.072700
v 0.027772 0.012279 -0.073230
v 0.034797 0.007908 -0.066299
v 0.025451 0.005051 -0.067108
v 0.023411 0.056626 -0.094982
v 0.035457 0.068664 -0.093493
v 0.045461 0.056626 -0.086620
v 0.033663 0.045023 -0.088762
v -0.023411 0.056626 -0.094982
v -0.012053 0.068664 -0.099262
v 0.000000 0.056626 -0.097825
v -0.011443 0.045023 -0.094239
v -0.045461 0.056626 -0.086620
v -0.035457 0.068664 -0.093493
v -0.033663 0.045023 -0.088762
v -0.064870 0.056626 -0.073223
v -0.056801 0.068664 -0.082291
v -0.053927 0.045023 -0.078127
v -0.080508 0.056626 -0.055571
v -0.074844 0.068664 -0.066306
v -0.071057 0.045023 -0.062951
v -0.091468 0.056626 -0.034689
v -0.088537 0.068664 -0.046468
v -0.084057 0.045023 -0.044117
v -0.097111 0.056626 -0.011792
v -0.097085 0.068664 -0.023930
v -0.092172 0.045023 -0.022719
v -0.097111 0.056626 0.011791
v -0.099991 0.068664 -0.000000
v -0.094931 0.045023 -0.000000
v -0.091468 0.056626 0.034689
v -0.097085 0.068664 0.023929
v -0.092172 0.045024 0.022718
v -0.080508 0.056626 0.055570
v -0.088537 0.068664 0.046468
v -0.084057 0.045024 0.044116
v -0.064870 0.056626 0.073222
v -0.074844 0.068664 0.066306
v -0.071057 0.045024 0.062950
v -0.045461 0.056626 0.086619
v -0.056801 0.068664 0.082290
v -0.053927 0.045024 0.078126
v -0.023411 0.056626 0.094982
v -0.035457 0.068664 0.093493
v -0.033663 0.045024 0.088761
v 0.000000 0.056626 0.097824
v -0.012053 0.068664 0.099261
v -0.011443 0.045024 0.094238
v 0.023411 0.056626 0.094982
v 0.012053 0.068664 0.099261
v 0.011443 0.045024 0.094238
v 0.045461 0.056626 0.086619
v 0.035457 0.068664 0.093493
v 0.033663 0.045024 0.088761
v 0.064870 0.056626 0.073222
v 0.056801 0.068664 0.082290
v 0.053927 0.045024 0.078126
v 0.080508 0.056626 0.055570
v 0.074844 0.068664 0.066306
v 0.071057 0.045024 0.062950
v 0.091468 0.056626 0.034689
v 0.088537 0.068664 0.046468
v 0.084057 0.045024 0.044116
v 0.097111 0.056626 0.011791
v 0.097085 0.068664 0.023929
v 0.092172 0.045024 0.022718
v 0.097111 0.056626 -0.011792
v 0.099991 0.068664 -0.000000
v 0.094931 0.045024 -0.000000
v 0.091468 0.056626 -0.034689
v 0.097085 0.068664 -0.023930
v 0.092172 0.045023 -0.022719
v 0.080508 0.056626 -0.055571
v 0.088537 0.068664 -0.046468
v 0.084057 0.045023 -0.044117
v 0.064870 0.056626 -0.073223
v 0.074844 0.068664 -0.066306
v 0.071057 0.045023 -0.062951
v 0.056801 0.068664 -0.082291
v 0.053927 0.045023 -0.078127
v 0.012053 0.068664 -0.099262
v 0.011443 0.045023 -0.094239
v 0.044490 0.012279 -0.064455
v 0.049652 0.007908 -0.056046
v 0.040771 0.005051 -0.059068
v -0.006642 0.341889 -0.027245
v -0.003773 0.355858 -0.030554
v -0.000000 0.341905 -0.028114
v -0.003155 0.323726 -0.026146
v -0.012865 0.341844 -0.024726
v -0.010916 0.355796 -0.028546
v -0.009282 0.323716 -0.024599
v -0.018335 0.341789 -0.020771
v -0.017246 0.355621 -0.024829
v -0.014869 0.323703 -0.021611
v -0.022742 0.341746 -0.015684
v -0.022590 0.355371 -0.019767
v -0.019593 0.323695 -0.017379
v -0.025831 0.341712 -0.009774
v -0.026645 0.355100 -0.013748
v -0.023177 0.323694 -0.012167
v -0.027421 0.341689 -0.003319
v -0.029176 0.354860 -0.007054
v -0.025415 0.323694 -0.006265
v -0.027421 0.341688 0.003327
v -0.030037 0.354755 0.000031
v -0.026176 0.323694 -0.000000
v -0.025831 0.341711 0.009780
v -0.029176 0.354850 0.007117
v -0.025415 0.323694 0.006264
v -0.022742 0.341754 0.015672
v -0.026645 0.355113 0.013800
v -0.023177 0.323694 0.012164
v -0.018335 0.341800 0.020683
v -0.022590 0.355517 0.019851
v -0.019593 0.323694 0.017357
v -0.012865 0.341789 0.024501
v -0.017246 0.355687 0.024911
v -0.014869 0.323694 0.021542
v -0.006642 0.341747 0.026905
v -0.010919 0.355419 0.028604
v -0.009282 0.323694 0.024474
v 0.000000 0.341725 0.027727
v -0.003775 0.355119 0.030618
v -0.003155 0.323694 0.025984
v 0.006642 0.341747 0.026905
v 0.003775 0.355119 0.030618
v 0.003155 0.323694 0.025984
v 0.012865 0.341789 0.024501
v 0.010919 0.355419 0.028604
v 0.009282 0.323694 0.024474
v 0.018335 0.341800 0.020683
v 0.017246 0.355687 0.024911
v 0.014869 0.323694 0.021542
v 0.022742 0.341754 0.015672
v 0.022590 0.355517 0.019851
v 0.019593 0.323694 0.017357
v 0.025831 0.341711 0.009780
v 0.026645 0.355113 0.013800
v 0.023177 0.323694 0.012164
v 0.027421 0.341688 0.003327
v 0.029176 0.354850 0.007117
v 0.025415 0.323694 0.006264
v 0.027421 0.341689 -0.003319
v 0.030037 0.354755 0.000031
v 0.026176 0.323694 -0.000000
v 0.025831 0.341712 -0.009774
v 0.029176 0.354860 -0.007054
v 0.025415 0.323694 -0.006265
v 0.022742 0.341746 -0.015684
v 0.026645 0.355100 -0.013748
v 0.023177 0.323694 -0.012167
v 0.018335 0.341789 -0.020771
v 0.022590 0.355371 -0.019767
v 0.019593 0.323695 -0.017379
v 0.012865 0.341844 -0.024726
v 0.017246 0.355621 -0.024829
v 0.014869 0.323703 -0.021611
v 0.006642 0.341889 -0.027245
v 0.010916 0.355796 -0.028546
v 0.009282 0.323716 -0.024599
v 0.003773 0.355858 -0.030554
v 0.003155 0.323726 -0.026146
v 0.058623 0.012279 -0.051935
v 0.053722 0.005051 -0.047594
v -0.014894 0.190933 -0.063142
v 0.000000 0.190933 -0.065032
v -0.008246 0.183016 -0.070871
v -0.029419 0.190933 -0.057583
v -0.024581 0.183016 -0.066752
v -0.042321 0.190933 -0.048677
v -0.032684 0.198756 -0.048287
v -0.039804 0.183016 -0.058754
v -0.052717 0.190933 -0.036943
v -0.052687 0.183016 -0.047341
v -0.060003 0.190933 -0.023061
v -0.051306 0.198756 -0.027267
v -0.062463 0.183016 -0.033177
v -0.063755 0.190933 -0.007839
v -0.068566 0.183016 -0.017085
v -0.063755 0.190933 0.007838
v -0.070641 0.183016 -0.000000
v -0.060003 0.190933 0.023060
v -0.068566 0.183016 0.017085
v -0.052717 0.190933 0.036942
v -0.062463 0.183016 0.033177
v -0.042321 0.190933 0.048677
v -0.043271 0.198756 0.038907
v -0.052687 0.183016 0.047341
v -0.029419 0.190933 0.057583
v -0.032684 0.198756 0.048287
v -0.039804 0.183016 0.058753
v -0.014894 0.190933 0.063142
v -0.020173 0.198756 0.054860
v -0.024581 0.183016 0.066752
v -0.000000 0.190933 0.065032
v -0.008246 0.183016 0.070870
v 0.014894 0.190933 0.063142
v 0.006763 0.198756 0.058245
v 0.008246 0.183016 0.070870
v 0.029419 0.190933 0.057583
v 0.024581 0.183016 0.066752
v 0.042321 0.190933 0.048677
v 0.039804 0.183016 0.058753
v 0.052717 0.190933 0.036942
v 0.052687 0.183016 0.047341
v 0.060003 0.190933 0.023060
v 0.062463 0.183016 0.033177
v 0.063755 0.190933 0.007838
v 0.056322 0.198756 0.014041
v 0.068566 0.183016 0.017085
v 0.063755 0.190933 -0.007839
v 0.058027 0.198756 -0.000000
v 0.070641 0.183016 -0.000000
v 0.060003 0.190933 -0.023061
v 0.056322 0.198756 -0.014042
v 0.068566 0.183016 -0.017085
v 0.052717 0.190933 -0.036943
v 0.062463 0.183016 -0.033177
v 0.042321 0.190933 -0.048677
v 0.043271 0.198756 -0.038908
v 0.052687 0.183016 -0.047341
v 0.029419 0.190933 -0.057583
v 0.039804 0.183016 -0.058754
v -0.012273 0.091139 -0.101075
v 0.000000 0.079907 -0.101281
v -0.024238 0.079907 -0.098338
v 0.012273 0.091139 -0.101075
v 0.024238 0.079907 -0.098338
v -0.036105 0.091139 -0.095201
v -0.047068 0.079907 -0.089680
v -0.000000 0.300523 -0.025994
v 0.006216 0.300523 -0.025237
v 0.003225 0.278649 -0.026558
v -0.057839 0.091139 -0.083794
v -0.067162 0.079907 -0.075810
v -0.033691 0.140914 -0.088835
v -0.023597 0.128511 -0.095735
v -0.035724 0.115970 -0.094196
v -0.045822 0.128511 -0.087306
v -0.076211 0.091139 -0.067518
v -0.083352 0.079907 -0.057534
v -0.053971 0.140914 -0.078191
v -0.057228 0.115970 -0.082910
v -0.065384 0.128511 -0.073803
v -0.090155 0.091139 -0.047317
v -0.094699 0.079907 -0.035915
v -0.071115 0.140914 -0.063003
v -0.075407 0.115970 -0.066805
v -0.081146 0.128511 -0.056012
v -0.098859 0.091139 -0.024367
v -0.100542 0.079907 -0.012208
v -0.084126 0.140914 -0.044153
v -0.089203 0.115970 -0.046818
v -0.092193 0.128511 -0.034964
v -0.101817 0.091139 -0.000000
v -0.100542 0.079907 0.012208
v -0.092248 0.140914 -0.022737
v -0.097815 0.115970 -0.024110
v -0.097881 0.128511 -0.011885
v -0.098859 0.091139 0.024366
v -0.094699 0.079907 0.035914
v -0.095009 0.140914 -0.000000
v -0.100743 0.115970 -0.000000
v -0.097881 0.128511 0.011885
v -0.090155 0.091139 0.047317
v -0.083352 0.079907 0.057534
v -0.092248 0.140914 0.022737
v -0.097815 0.115970 0.024109
v -0.092193 0.128511 0.034964
v -0.076211 0.091139 0.067517
v -0.067162 0.079907 0.075809
v -0.084126 0.140914 0.044153
v -0.089203 0.115970 0.046817
v -0.081146 0.128511 0.056011
v -0.057839 0.091139 0.083794
v -0.047068 0.079907 0.089679
v -0.071115 0.140914 0.063002
v -0.075407 0.115971 0.066805
v -0.065384 0.128511 0.073803
v -0.036105 0.091139 0.095201
v -0.024238 0.079907 0.098337
v -0.053971 0.140914 0.078191
v -0.057228 0.115970 0.082909
v -0.045822 0.128511 0.087306
v -0.012273 0.091139 0.101075
v 0.000000 0.079907 0.101281
v -0.033691 0.140914 0.088835
v -0.035724 0.115971 0.094196
v -0.023597 0.128511 0.095735
v 0.012273 0.091139 0.101075
v 0.024238 0.079907 0.098337
v -0.011452 0.140914 0.094316
v -0.012143 0.115971 0.100008
v 0.000000 0.128511 0.098600
v 0.036105 0.091139 0.095201
v 0.047068 0.079907 0.089679
v 0.011452 0.140914 0.094316
v 0.012143 0.115971 0.100008
v 0.023597 0.128511 0.095735
v 0.057839 0.091139 0.083794
v 0.067162 0.079907 0.075809
v 0.033691 0.140914 0.088835
v 0.035724 0.115971 0.094196
v 0.045822 0.128511 0.087306
v 0.076211 0.091139 0.067517
v 0.083352 0.079907 0.057534
v 0.053971 0.140914 0.078191
v 0.057228 0.115971 0.082909
v 0.065384 0.128511 0.073803
v 0.090155 0.091139 0.047317
v 0.094699 0.079907 0.035914
v 0.071115 0.140914 0.063002
v 0.075407 0.115970 0.066805
v 0.081146 0.128511 0.056011
v 0.098859 0.091139 0.024366
v 0.100542 0.079907 0.012208
v 0.084126 0.140914 0.044153
v 0.089203 0.115970 0.046817
v 0.092193 0.128511 0.034964
v 0.101817 0.091139 -0.000000
v 0.100542 0.079907 -0.012208
v 0.092248 0.140914 0.022737
v 0.097815 0.115970 0.024109
v 0.097881 0.128511 0.011885
v 0.098859 0.091139 -0.024367
v 0.094699 0.079907 -0.035915
v 0.095009 0.140914 -0.000000
v 0.100743 0.115970 -0.000000
v 0.097881 0.128511 -0.011885
v 0.090155 0.091139 -0.047317
v 0.083352 0.079907 -0.057534
v 0.092248 0.140914 -0.022737
v 0.097815 0.115970 -0.024110
v 0.092193 0.128511 -0.034964
v 0.076211 0.091139 -0.067518
v 0.067162 0.079907 -0.075810
v 0.084126 0.140914 -0.044153
v 0.089203 0.115970 -0.046818
v 0.081146 0.128511 -0.056012
v 0.057839 0.091139 -0.083794
v 0.047068 0.079907 -0.089680
v 0.071115 0.140914 -0.063003
v 0.075407 0.115970 -0.066805
v 0.065384 0.128511 -0.073804
v 0.036105 0.091139 -0.095201
v 0.053971 0.140914 -0.078191
v 0.057228 0.115970 -0.082910
v 0.045822 0.128511 -0.087306
v -0.011452 0.140914 -0.094316
v 0.000000 0.128511 -0.098600
v -0.012143 0.115970 -0.100009
v 0.033691 0.140914 -0.088835
v 0.035724 0.115970 -0.094196
v 0.023597 0.128511 -0.095735
v 0.000000 0.153152 -0.089889
v 0.010035 0.164524 -0.083269
v 0.021495 0.153152 -0.087277
v 0.011452 0.140914 -0.094316
v 0.006763 0.198756 -0.058246
v 0.014894 0.190933 -0.063142
v 0.008246 0.183016 -0.070871
v -0.006745 0.264116 -0.027367
v -0.003225 0.278649 -0.026558
v -0.000000 0.264116 -0.028186
v -0.003639 0.254375 -0.029973
v -0.026269 0.216160 -0.038234
v 0.023689 0.278649 -0.012433
v 0.026354 0.264116 -0.009995
v 0.026734 0.254374 -0.014032
v 0.034652 0.216160 -0.030807
v 0.025976 0.278649 -0.006403
v 0.029315 0.254374 -0.007226
v 0.025976 0.278649 0.006402
v 0.026354 0.264116 0.009995
v 0.029315 0.254375 0.007225
v 0.051674 0.207061 -0.006320
v 0.046336 0.216160 -0.000000
v 0.051674 0.207061 0.006319
v 0.044986 0.216160 -0.011118
v 0.044986 0.216160 0.011118
v 0.015198 0.278649 0.022017
v 0.017151 0.254374 0.024848
v 0.023689 0.278649 0.012433
v 0.026734 0.254375 0.014031
v -0.003225 0.278649 0.026558
v -0.006745 0.264116 0.027367
v -0.003639 0.254375 0.029972
v 0.005541 0.216160 0.046119
v -0.009487 0.278649 0.025014
v -0.010707 0.254375 0.028230
v -0.020025 0.278649 0.017740
v -0.023197 0.264116 0.016011
v -0.022600 0.254374 0.020021
v -0.023993 0.207061 0.046422
v -0.026269 0.216160 0.038234
v -0.034395 0.207061 0.039242
v -0.016354 0.216160 0.043438
v -0.034652 0.216160 0.030807
v -0.026753 0.278649 -0.000000
v -0.030193 0.254375 -0.000000
v -0.023689 0.278649 0.012432
v -0.026734 0.254375 0.014031
v -0.020025 0.278649 -0.017741
v -0.018691 0.264116 -0.021098
v -0.022600 0.254374 -0.020022
v -0.041014 0.216160 -0.021590
v -0.015198 0.278649 -0.022018
v -0.013099 0.264116 -0.024958
v -0.017151 0.254375 -0.024848
v -0.009487 0.278649 -0.025015
v -0.010707 0.254374 -0.028231
v 0.005541 0.216160 -0.046119
v 0.018200 0.174388 -0.075418
v 0.000000 0.174388 -0.077675
v 0.029591 0.164524 -0.078430
v 0.041754 0.153152 -0.079592
v 0.024581 0.183016 -0.066752
v 0.035631 0.174388 -0.068778
v 0.047493 0.164524 -0.069033
v 0.059587 0.153152 -0.067283
v 0.051041 0.174388 -0.058141
v 0.062628 0.164524 -0.055623
v 0.073957 0.153152 -0.051063
v 0.063459 0.174388 -0.044125
v 0.074115 0.164524 -0.038982
v 0.084027 0.153152 -0.031875
v 0.072161 0.174388 -0.027544
v 0.081286 0.164524 -0.020074
v 0.089213 0.153152 -0.010835
v 0.076642 0.174388 -0.009363
v 0.083724 0.164524 -0.000000
v 0.089213 0.153152 0.010835
v 0.076642 0.174388 0.009362
v 0.081286 0.164524 0.020074
v 0.084027 0.153152 0.031875
v 0.072161 0.174388 0.027544
v 0.074116 0.164524 0.038981
v 0.073957 0.153152 0.051062
v 0.063459 0.174388 0.044124
v 0.062628 0.164524 0.055623
v 0.059587 0.153152 0.067282
v 0.051041 0.174388 0.058140
v 0.047493 0.164524 0.069032
v 0.041754 0.153152 0.079592
v 0.035631 0.174388 0.068778
v 0.029591 0.164524 0.078429
v 0.021495 0.153152 0.087276
v 0.018200 0.174388 0.075418
v 0.010035 0.164524 0.083269
v 0.000000 0.153152 0.089888
v 0.000000 0.174388 0.077675
v -0.010035 0.164524 0.083269
v -0.021495 0.153152 0.087276
v -0.018200 0.174388 0.075418
v -0.029591 0.164524 0.078429
v -0.041754 0.153152 0.079592
v -0.035631 0.174388 0.068778
v -0.047493 0.164524 0.069032
v -0.059587 0.153152 0.067282
v -0.051041 0.174388 0.058140
v -0.062628 0.164524 0.055623
v -0.073957 0.153152 0.051062
v -0.063459 0.174388 0.044124
v -0.074116 0.164524 0.038981
v -0.084027 0.153152 0.031875
v -0.072161 0.174388 0.027544
v -0.081286 0.164524 0.020074
v -0.089213 0.153152 0.010835
v -0.076642 0.174388 0.009362
v -0.083724 0.164524 -0.000000
v -0.089213 0.153152 -0.010835
v -0.076642 0.174388 -0.009363
v -0.081286 0.164524 -0.020074
v -0.084027 0.153152 -0.031875
v -0.072161 0.174388 -0.027544
v -0.074115 0.164524 -0.038982
v -0.073957 0.153152 -0.051063
v -0.063459 0.174388 -0.044125
v -0.062628 0.164524 -0.055623
v -0.059587 0.153152 -0.067283
v -0.051041 0.174388 -0.058141
v -0.047493 0.164524 -0.069033
v -0.041754 0.153152 -0.079592
v -0.035631 0.174388 -0.068778
v -0.029591 0.164524 -0.078430
v -0.021495 0.153152 -0.087277
v -0.018200 0.174388 -0.075418
v -0.010035 0.164524 -0.083269
v 0.003639 0.254375 -0.029973
v 0.007854 0.245436 -0.031865
v 0.004380 0.236096 -0.036076
v 0.000000 0.245436 -0.032819
v 0.009794 0.226095 -0.039787
v 0.000000 0.226095 -0.040978
v 0.015252 0.245436 -0.029060
v 0.012887 0.236096 -0.033980
v 0.019028 0.226095 -0.036284
v 0.021763 0.245436 -0.024565
v 0.020644 0.236096 -0.029908
v 0.027158 0.226095 -0.030673
v 0.027009 0.245436 -0.018643
v 0.027202 0.236096 -0.024099
v 0.033709 0.226095 -0.023278
v 0.030686 0.245436 -0.011638
v 0.032178 0.236096 -0.016889
v 0.038300 0.226095 -0.014531
v 0.032579 0.245436 -0.003956
v 0.035285 0.236096 -0.008697
v 0.040664 0.226095 -0.004940
v 0.032579 0.245436 0.003956
v 0.036341 0.236096 -0.000000
v 0.040664 0.226095 0.004939
v 0.030686 0.245436 0.011637
v 0.035285 0.236096 0.008697
v 0.038300 0.226095 0.014531
v 0.027009 0.245436 0.018643
v 0.032178 0.236096 0.016888
v 0.033709 0.226095 0.023278
v 0.021763 0.245436 0.024565
v 0.027202 0.236096 0.024098
v 0.027158 0.226095 0.030672
v 0.015252 0.245436 0.029059
v 0.020644 0.236096 0.029908
v 0.019028 0.226095 0.036284
v 0.007854 0.245436 0.031865
v 0.012887 0.236096 0.033979
v 0.009794 0.226095 0.039787
v 0.000000 0.245436 0.032818
v 0.004380 0.236096 0.036076
v 0.000000 0.226095 0.040977
v -0.007854 0.245436 0.031865
v -0.004380 0.236096 0.036076
v -0.009794 0.226095 0.039787
v -0.015252 0.245436 0.029059
v -0.012887 0.236096 0.033979
v -0.019028 0.226095 0.036284
v -0.021763 0.245436 0.024565
v -0.020644 0.236096 0.029908
v -0.027158 0.226095 0.030672
v -0.027009 0.245436 0.018643
v -0.027202 0.236096 0.024098
v -0.033709 0.226095 0.023278
v -0.030686 0.245436 0.011637
v -0.032178 0.236096 0.016888
v -0.038300 0.226095 0.014531
v -0.032579 0.245436 0.003956
v -0.035285 0.236096 0.008697
v -0.040664 0.226095 0.004939
v -0.032579 0.245436 -0.003956
v -0.036341 0.236096 -0.000000
v -0.040664 0.226095 -0.004940
v -0.030686 0.245436 -0.011638
v -0.035285 0.236096 -0.008697
v -0.038300 0.226095 -0.014531
v -0.027009 0.245436 -0.018643
v -0.032178 0.236096 -0.016889
v -0.033709 0.226095 -0.023278
v -0.021763 0.245436 -0.024565
v -0.027202 0.236096 -0.024099
v -0.027158 0.226095 -0.030673
v -0.015252 0.245436 -0.029060
v -0.020644 0.236096 -0.029908
v -0.019028 0.226095 -0.036284
v -0.007854 0.245436 -0.031865
v -0.012887 0.236096 -0.033980
v -0.009794 0.226095 -0.039787
v -0.004380 0.236096 -0.036076
v 0.000000 0.035155 -0.091475
v -0.010533 0.026578 -0.086746
v -0.021891 0.035155 -0.088817
v 0.000000 0.018728 -0.082721
v -0.019797 0.018728 -0.080318
v -0.030986 0.026578 -0.081705
v -0.042510 0.035155 -0.080997
v -0.038442 0.018728 -0.073246
v -0.049639 0.026578 -0.071915
v -0.060659 0.035155 -0.068470
v -0.054854 0.018728 -0.061918
v -0.065407 0.026578 -0.057946
v -0.075282 0.035155 -0.051964
v -0.068078 0.018728 -0.046991
v -0.077374 0.026578 -0.040609
v -0.085530 0.035155 -0.032438
v -0.077346 0.018728 -0.029334
v -0.084844 0.026578 -0.020912
v -0.090808 0.035155 -0.011026
v -0.082118 0.018728 -0.009971
v -0.087383 0.026578 -0.000000
v -0.090808 0.035155 0.011026
v -0.082118 0.018728 0.009971
v -0.084844 0.026578 0.020912
v -0.085530 0.035155 0.032437
v -0.077346 0.018728 0.029333
v -0.077374 0.026578 0.040609
v -0.075282 0.035155 0.051963
v -0.068078 0.018728 0.046991
v -0.065407 0.026578 0.057945
v -0.060659 0.035155 0.068470
v -0.054854 0.018728 0.061917
v -0.049639 0.026578 0.071914
v -0.042510 0.035155 0.080997
v -0.038442 0.018728 0.073246
v -0.030986 0.026578 0.081704
v -0.021891 0.035155 0.088816
v -0.019796 0.018728 0.080317
v -0.010533 0.026578 0.086746
v 0.000000 0.035155 0.091475
v 0.000000 0.018728 0.082721
v 0.010533 0.026578 0.086746
v 0.021891 0.035155 0.088816
v 0.019796 0.018728 0.080317
v 0.030986 0.026578 0.081704
v 0.042510 0.035155 0.080997
v 0.038442 0.018728 0.073246
v 0.049639 0.026578 0.071914
v 0.060659 0.035155 0.068470
v 0.054854 0.018728 0.061917
v 0.065407 0.026578 0.057945
v 0.075282 0.035155 0.051963
v 0.068078 0.018728 0.046991
v 0.077374 0.026578 0.040609
v 0.085530 0.035155 0.032437
v 0.077346 0.018728 0.029333
v 0.084844 0.026578 0.020912
v 0.090808 0.035155 0.011026
v 0.082118 0.018728 0.009971
v 0.087383 0.026578 -0.000000
v 0.090808 0.035155 -0.011026
v 0.082118 0.018728 -0.009971
v 0.084844 0.026578 -0.020912
v 0.085530 0.035155 -0.032438
v 0.077346 0.018728 -0.029334
v 0.077374 0.026578 -0.040609
v 0.075282 0.035155 -0.051964
v 0.068078 0.018728 -0.046991
v 0.065407 0.026578 -0.057946
v 0.060659 0.035155 -0.068470
v 0.054854 0.018728 -0.061918
v 0.049639 0.026578 -0.071915
v 0.042510 0.035155 -0.080997
v 0.038442 0.018728 -0.073246
v 0.030986 0.026578 -0.081705
v 0.021891 0.035155 -0.088817
v 0.019797 0.018728 -0.080318
v 0.010533 0.026578 -0.086746
v 0.009440 0.012279 -0.077748
v 0.061951 0.001703 -0.015270
v 0.058269 0.001209 -0.007075
v 0.052490 0.001253 -0.012938
v 0.054883 0.001209 -0.020814
v -0.024342 0.103305 -0.098760
v 0.000000 0.103305 -0.101715
v -0.047269 0.103305 -0.090064
v -0.067450 0.103305 -0.076135
v -0.083710 0.103305 -0.057781
v -0.095105 0.103305 -0.036069
v -0.100973 0.103305 -0.012261
v -0.100973 0.103305 0.012260
v -0.095105 0.103305 0.036068
v -0.083710 0.103305 0.057780
v -0.067450 0.103305 0.076134
v -0.047269 0.103305 0.090064
v -0.024342 0.103305 0.098759
v 0.000000 0.103305 0.101715
v 0.024342 0.103305 0.098759
v 0.047269 0.103305 0.090064
v 0.067450 0.103305 0.076134
v 0.083710 0.103305 0.057780
v 0.095105 0.103305 0.036068
v 0.100973 0.103305 0.012260
v 0.100973 0.103305 -0.012261
v 0.095105 0.103305 -0.036069
v 0.083710 0.103305 -0.057781
v 0.067450 0.103305 -0.076135
v 0.047269 0.103305 -0.090064
v 0.024342 0.103305 -0.098760
v 0.012143 0.115970 -0.100009
v 0.012070 0.300521 -0.023010
v 0.017223 0.300520 -0.019447
v 0.021375 0.300519 -0.014756
v 0.024285 0.300519 -0.009211
v 0.025784 0.300519 -0.003131
v 0.025784 0.300519 0.003130
v 0.024285 0.300519 0.009210
v 0.021375 0.300519 0.014754
v 0.017223 0.300519 0.019441
v 0.012070 0.300519 0.022998
v 0.006216 0.300519 0.025218
v 0.000000 0.300519 0.025973
v -0.006216 0.300519 0.025218
v -0.012070 0.300519 0.022998
v -0.017223 0.300519 0.019441
v -0.021375 0.300519 0.014754
v -0.024285 0.300519 0.009210
v -0.025784 0.300519 0.003130
v -0.025784 0.300519 -0.003131
v -0.024285 0.300519 -0.009211
v -0.021375 0.300519 -0.014756
v -0.017223 0.300520 -0.019447
v -0.012070 0.300521 -0.023010
v -0.006216 0.300523 -0.025237
v 0.008651 0.005051 -0.071249
v 0.016319 0.002998 -0.066209
v 0.007691 0.001703 -0.063340
v 0.000000 0.002998 -0.068191
v 0.031690 0.002998 -0.060380
v 0.022626 0.001703 -0.059659
v 0.045219 0.002998 -0.051042
v 0.036245 0.001703 -0.052511
v 0.056120 0.002998 -0.038737
v 0.047759 0.001703 -0.042311
v 0.063759 0.002998 -0.024181
v 0.056496 0.001703 -0.029652
v 0.067694 0.002998 -0.008220
v 0.067694 0.002998 0.008219
v 0.063805 0.001703 -0.000000
v 0.063759 0.002998 0.024180
v 0.061951 0.001703 0.015269
v 0.056120 0.002998 0.038736
v 0.056496 0.001703 0.029651
v 0.045219 0.002998 0.051041
v 0.047759 0.001703 0.042310
v 0.031690 0.002998 0.060380
v 0.036245 0.001703 0.052510
v 0.016319 0.002998 0.066209
v 0.022626 0.001703 0.059658
v 0.000000 0.002998 0.068190
v 0.007691 0.001703 0.063339
v -0.016319 0.002998 0.066209
v -0.007691 0.001703 0.063339
v -0.031690 0.002998 0.060380
v -0.022626 0.001703 0.059658
v -0.045219 0.002998 0.051041
v -0.036245 0.001703 0.052510
v -0.056120 0.002998 0.038736
v -0.047759 0.001703 0.042310
v -0.063759 0.002998 0.024181
v -0.056496 0.001703 0.029651
v -0.067694 0.002998 0.008219
v -0.061951 0.001703 0.015269
v -0.067694 0.002998 -0.008220
v -0.063805 0.001703 -0.000000
v -0.063759 0.002998 -0.024181
v -0.061951 0.001703 -0.015270
v -0.056120 0.002998 -0.038737
v -0.056496 0.001703 -0.029652
v -0.045219 0.002998 -0.051042
v -0.047759 0.001703 -0.042311
v -0.031690 0.002998 -0.060380
v -0.036245 0.001703 -0.052511
v -0.016319 0.002998 -0.066209
v -0.022626 0.001703 -0.059659
v -0.007691 0.001703 -0.063340
v 0.027278 0.001209 0.051973
v 0.030710 0.001253 0.044491
v 0.038923 0.001209 0.043935
v -0.038923 0.001209 0.043935
v -0.030710 0.001253 0.044491
v -0.027278 0.001209 0.051973
v -0.054883 0.001209 -0.020814
v -0.052490 0.001253 -0.012938
v -0.058269 0.001209 -0.007075
v 0.048307 0.001209 -0.033344
v 0.040465 0.001253 -0.035849
v 0.038923 0.001209 -0.043935
v 0.048307 0.001209 0.033343
v 0.047869 0.001253 0.025123
v 0.054883 0.001209 0.020814
v -0.014047 0.001209 0.056991
v -0.006516 0.001253 0.053666
v 0.000000 0.001209 0.058697
v -0.058269 0.001209 0.007075
v -0.052490 0.001253 0.012937
v -0.054883 0.001209 0.020814
v -0.027278 0.001209 -0.051974
v -0.030710 0.001253 -0.044492
v -0.038923 0.001209 -0.043935
v 0.027278 0.001209 -0.051974
v 0.019170 0.001253 -0.050548
v 0.014047 0.001209 -0.056991
v 0.058269 0.001209 0.007075
v 0.054061 0.001253 -0.000000
v 0.014047 0.001209 0.056991
v 0.019170 0.001253 0.050548
v -0.048307 0.001209 0.033343
v -0.040465 0.001253 0.035849
v -0.048307 0.001209 -0.033344
v -0.047869 0.001253 -0.025124
v 0.047869 0.001253 -0.025124
v 0.040465 0.001253 0.035849
v -0.019170 0.001253 0.050548
v -0.054061 0.001253 -0.000000
v -0.014047 0.001209 -0.056991
v -0.019170 0.001253 -0.050548
v 0.030710 0.001253 -0.044491
v 0.052490 0.001253 0.012937
v 0.006516 0.001253 0.053666
v -0.047869 0.001253 0.025123
v -0.040465 0.001253 -0.035849
v 0.000000 0.001209 -0.058697
v -0.006516 0.001253 -0.053667
v 0.006516 0.001253 -0.053667
v 0.004641 0.003887 -0.038225
v 0.013654 0.003887 -0.036003
v 0.021873 0.003887 -0.031689
v 0.028822 0.003887 -0.025534
v 0.034095 0.003887 -0.017894
v 0.037386 0.003887 -0.009215
v 0.038505 0.003887 -0.000000
v 0.037386 0.003887 0.009215
v 0.034095 0.003887 0.017894
v 0.028822 0.003887 0.025533
v 0.021873 0.003887 0.031689
v 0.013654 0.003887 0.036003
v 0.004641 0.003887 0.038224
v -0.004641 0.003887 0.038224
v -0.013654 0.003887 0.036003
v -0.021873 0.003887 0.031689
v -0.028822 0.003887 0.025533
v -0.034095 0.003887 0.017894
v -0.037386 0.003887 0.009215
v -0.037386 0.003887 -0.009215
v -0.034095 0.003887 -0.017894
v -0.028822 0.003887 -0.025534
v -0.021873 0.003887 -0.031689
v -0.013654 0.003887 -0.036003
v -0.004641 0.003887 -0.038225
v -0.041709 0.003131 0.010280
v -0.038322 0.003516 0.014533
v 0.015233 0.003131 0.040165
v 0.009808 0.003516 0.039794
v 0.019047 0.003516 0.036290
v 0.024403 0.003131 0.035353
v 0.027178 0.003516 0.030678
v 0.032154 0.003131 -0.028486
v 0.033730 0.003516 -0.023283
v 0.027178 0.003516 -0.030678
v 0.024403 0.003131 -0.035353
v 0.019047 0.003516 -0.036291
v -0.005178 0.003131 -0.042644
v 0.000000 0.003516 -0.040985
v -0.009808 0.003516 -0.039794
v -0.015233 0.003131 -0.040166
v -0.019047 0.003516 -0.036291
v -0.038037 0.003131 0.019963
v -0.033730 0.003516 0.023282
v -0.032154 0.003131 0.028486
v -0.027178 0.003516 0.030678
v 0.032154 0.003131 0.028486
v 0.033730 0.003516 0.023282
v 0.038037 0.003131 0.019963
v 0.038322 0.003516 0.014533
v 0.015233 0.003131 -0.040166
v 0.009808 0.003516 -0.039794
v -0.024403 0.003131 -0.035353
v -0.027178 0.003516 -0.030678
v -0.032154 0.003131 -0.028486
v -0.033730 0.003516 -0.023283
v -0.024403 0.003131 0.035353
v -0.019047 0.003516 0.036290
v -0.015233 0.003131 0.040165
v -0.009808 0.003516 0.039794
v 0.041709 0.003131 0.010280
v 0.040686 0.003516 0.004940
v 0.042957 0.003131 -0.000000
v 0.040686 0.003516 -0.004940
v 0.005178 0.003131 -0.042644
v -0.038037 0.003131 -0.019963
v -0.038322 0.003516 -0.014534
v -0.041709 0.003131 -0.010281
v -0.005178 0.003131 0.042644
v 0.000000 0.003516 0.040985
v 0.005178 0.003131 0.042644
v 0.041709 0.003131 -0.010281
v 0.038322 0.003516 -0.014534
v 0.038037 0.003131 -0.019963
v -0.008663 0.367794 -0.032793
v -0.005122 0.378404 -0.038341
v 0.000000 0.367807 -0.034080
v -0.016066 0.367556 -0.029385
v -0.014321 0.378279 -0.035385
v -0.022407 0.366985 -0.024359
v -0.021960 0.377625 -0.030397
v -0.027535 0.366187 -0.018215
v -0.028505 0.376325 -0.024088
v -0.031129 0.365367 -0.011286
v -0.033552 0.374694 -0.016874
v -0.032982 0.364789 -0.003773
v -0.036698 0.373325 -0.008662
v -0.032985 0.364776 0.003933
v -0.037793 0.372764 0.000071
v -0.031118 0.365343 0.011408
v -0.036714 0.373245 0.008598
v -0.027454 0.366418 0.018410
v -0.033222 0.374875 0.016667
v -0.022267 0.367552 0.025079
v -0.027559 0.377291 0.024822
v -0.015957 0.367277 0.030516
v -0.020870 0.378162 0.032532
v -0.008636 0.366200 0.034425
v -0.013740 0.376506 0.038720
v 0.000000 0.365647 0.035855
v -0.005017 0.374596 0.042445
v 0.008636 0.366200 0.034425
v 0.005017 0.374595 0.042445
v 0.015957 0.367277 0.030516
v 0.013740 0.376506 0.038720
v 0.022267 0.367552 0.025079
v 0.020870 0.378162 0.032532
v 0.027454 0.366418 0.018410
v 0.027559 0.377291 0.024822
v 0.031118 0.365343 0.011408
v 0.033222 0.374875 0.016667
v 0.032985 0.364776 0.003933
v 0.036714 0.373245 0.008598
v 0.032982 0.364789 -0.003773
v 0.037793 0.372764 0.000071
v 0.031129 0.365367 -0.011286
v 0.036698 0.373325 -0.008662
v 0.027535 0.366187 -0.018215
v 0.033552 0.374694 -0.016874
v 0.022407 0.366985 -0.024359
v 0.028505 0.376325 -0.024088
v 0.016066 0.367556 -0.029385
v 0.021960 0.377625 -0.030397
v 0.008663 0.367794 -0.032793
v 0.014321 0.378279 -0.035385
v 0.005122 0.378404 -0.038341
v 0.005371 0.397784 -0.046407
v 0.010986 0.401033 -0.047955
v 0.005648 0.401477 -0.051092
v 0.000000 0.401027 -0.050151
v 0.015654 0.397618 -0.042565
v 0.021415 0.400513 -0.042359
v 0.016684 0.401287 -0.046880
v 0.025022 0.396727 -0.036385
v 0.031028 0.398971 -0.035172
v 0.026956 0.400329 -0.040150
v 0.033641 0.394589 -0.029143
v 0.039716 0.395939 -0.027175
v 0.036508 0.397889 -0.032344
v 0.040518 0.391723 -0.021109
v 0.045674 0.393027 -0.017805
v 0.044210 0.394522 -0.023638
v 0.044660 0.389662 -0.011007
v 0.048769 0.391531 -0.005926
v 0.048876 0.392139 -0.012427
v 0.046139 0.388890 -0.000302
v 0.048860 0.391284 0.004727
v 0.050576 0.391293 -0.000411
v 0.044691 0.389183 0.009111
v 0.045040 0.392602 0.014576
v 0.048926 0.391716 0.010117
v 0.038604 0.391757 0.018361
v 0.035143 0.396836 0.025105
v 0.041830 0.394878 0.020381
v 0.027909 0.395646 0.029463
v 0.022611 0.399889 0.038116
v 0.029459 0.399355 0.032605
v 0.017647 0.396578 0.041237
v 0.013699 0.398537 0.049614
v 0.018141 0.400300 0.045536
v 0.010604 0.393909 0.050543
v 0.007411 0.394832 0.057640
v 0.010976 0.397130 0.055700
v 0.003859 0.390966 0.055618
v 0.000000 0.392804 0.060199
v 0.004068 0.393519 0.061204
v -0.003859 0.390966 0.055618
v -0.007411 0.394832 0.057640
v -0.004068 0.393519 0.061204
v -0.010604 0.393909 0.050543
v -0.013699 0.398537 0.049614
v -0.010976 0.397130 0.055700
v -0.017647 0.396578 0.041237
v -0.022611 0.399889 0.038116
v -0.018141 0.400300 0.045536
v -0.027909 0.395646 0.029463
v -0.035143 0.396836 0.025105
v -0.029459 0.399355 0.032605
v -0.038604 0.391757 0.018361
v -0.045040 0.392602 0.014576
v -0.041830 0.394878 0.020381
v -0.044691 0.389183 0.009111
v -0.048860 0.391284 0.004727
v -0.048926 0.391716 0.010117
v -0.046139 0.388890 -0.000302
v -0.048769 0.391531 -0.005926
v -0.050576 0.391293 -0.000411
v -0.044660 0.389662 -0.011007
v -0.045674 0.393027 -0.017805
v -0.048876 0.392139 -0.012427
v -0.040518 0.391723 -0.021109
v -0.039716 0.395939 -0.027175
v -0.044210 0.394522 -0.023638
v -0.033641 0.394589 -0.029143
v -0.031028 0.398971 -0.035172
v -0.036508 0.397889 -0.032344
v -0.025022 0.396727 -0.036385
v -0.021415 0.400513 -0.042359
v -0.026956 0.400329 -0.040150
v -0.015654 0.397618 -0.042565
v -0.010986 0.401034 -0.047955
v -0.016684 0.401287 -0.046880
v -0.005371 0.397784 -0.046407
v -0.005648 0.401477 -0.051092
v -0.008267 0.009509 -0.068087
v 0.000000 0.011853 -0.071022
v -0.008920 0.015744 -0.073463
v -0.016997 0.011853 -0.068958
v -0.018835 0.195435 -0.049663
v -0.011292 0.203964 -0.045813
v -0.014702 0.213348 -0.038766
v -0.021927 0.203964 -0.041779
v -0.039757 0.195435 -0.035221
v -0.031288 0.203964 -0.035318
v -0.031033 0.213348 -0.027493
v -0.038831 0.203964 -0.026804
v -0.024110 0.252973 -0.005943
v -0.021261 0.263115 -0.008064
v -0.020631 0.278080 -0.005086
v -0.022573 0.263115 -0.002741
v -0.021987 0.252973 -0.011540
v -0.018714 0.263115 -0.012917
v -0.018814 0.278080 -0.009876
v -0.024110 0.252973 0.005942
v -0.022573 0.263115 0.002741
v -0.020631 0.278080 0.005085
v -0.021261 0.263115 0.008063
v -0.051571 0.195435 -0.012711
v -0.044117 0.203964 -0.016732
v -0.040255 0.213348 -0.009922
v -0.046839 0.203964 -0.005688
v -0.051571 0.195435 0.012711
v -0.046839 0.203964 0.005687
v -0.040255 0.213348 0.009922
v -0.044117 0.203964 0.016731
v -0.053114 0.195435 -0.000000
v -0.041460 0.213348 -0.000000
v -0.047030 0.195435 0.024683
v -0.036711 0.213348 0.019267
v -0.038831 0.203964 0.026803
v -0.014106 0.252973 0.020435
v -0.015079 0.263115 0.017020
v -0.012071 0.278080 0.017487
v -0.010567 0.263115 0.020134
v -0.006402 0.195435 0.052727
v -0.011292 0.203964 0.045812
v -0.004997 0.213348 0.041157
v 0.000000 0.203964 0.047183
v 0.008805 0.252973 0.023217
v 0.005442 0.263115 0.022078
v 0.007535 0.278080 0.019867
v 0.010567 0.263115 0.020134
v 0.002993 0.252973 0.024650
v 0.000000 0.263115 0.022738
v 0.002561 0.278080 0.021093
v 0.018587 0.252973 0.016466
v 0.015079 0.263115 0.017020
v 0.015905 0.278080 0.014090
v 0.018714 0.263115 0.012917
v 0.018835 0.195435 0.049662
v 0.011292 0.203964 0.045812
v 0.014702 0.213348 0.038765
v 0.021927 0.203964 0.041779
v 0.039757 0.195435 0.035221
v 0.031288 0.203964 0.035317
v 0.031033 0.213348 0.027493
v 0.038831 0.203964 0.026803
v 0.030172 0.195435 0.043712
v 0.023552 0.213348 0.034120
v 0.047030 0.195435 0.024683
v 0.036711 0.213348 0.019267
v 0.044117 0.203964 0.016731
v 0.024831 0.252973 -0.000000
v 0.022573 0.263115 0.002741
v 0.021249 0.278080 -0.000000
v 0.022573 0.263115 -0.002741
v 0.047030 0.195435 -0.024684
v 0.044117 0.203964 -0.016732
v 0.036711 0.213348 -0.019268
v 0.038831 0.203964 -0.026804
v 0.014106 0.252973 -0.020436
v 0.015078 0.263115 -0.017021
v 0.012069 0.278081 -0.017489
v 0.010567 0.263116 -0.020135
v 0.018587 0.252973 -0.016466
v 0.018714 0.263115 -0.012917
v 0.015904 0.278081 -0.014092
v 0.008805 0.252973 -0.023218
v 0.007533 0.278083 -0.019869
v 0.005442 0.263116 -0.022078
v 0.030172 0.195435 -0.043712
v 0.031288 0.203964 -0.035318
v 0.023552 0.213348 -0.034121
v 0.021927 0.203964 -0.041779
v 0.018835 0.195435 -0.049663
v 0.014702 0.213348 -0.038766
v 0.011292 0.203964 -0.045813
v -0.006402 0.195435 -0.052727
v 0.000000 0.203964 -0.047184
v -0.004997 0.213348 -0.041158
v 0.060731 0.009509 -0.031874
v 0.066407 0.011853 -0.025185
v 0.065526 0.015744 -0.034391
v 0.058450 0.011853 -0.040345
v 0.066594 0.009509 -0.016414
v 0.070504 0.011853 -0.008561
v 0.071852 0.015744 -0.017710
v 0.068587 0.009509 -0.000000
v 0.070504 0.011853 0.008561
v 0.074002 0.015744 -0.000000
v 0.066594 0.009509 0.016414
v 0.066407 0.011853 0.025185
v 0.071852 0.015744 0.017710
v 0.060731 0.009509 0.031874
v 0.058450 0.011853 0.040345
v 0.065526 0.015744 0.034390
v 0.051338 0.009509 0.045481
v 0.047096 0.011853 0.053160
v 0.055392 0.015744 0.049072
v 0.038962 0.009509 0.056446
v 0.033006 0.011853 0.062887
v 0.042038 0.015744 0.060903
v 0.024321 0.009509 0.064130
v 0.016997 0.011853 0.068958
v 0.026242 0.015744 0.069193
v 0.008267 0.009509 0.068087
v 0.000000 0.011853 0.071022
v 0.008920 0.015744 0.073463
v -0.008267 0.009509 0.068087
v -0.016997 0.011853 0.068958
v -0.008920 0.015744 0.073463
v -0.024321 0.009509 0.064130
v -0.033006 0.011853 0.062887
v -0.026242 0.015744 0.069193
v -0.038962 0.009509 0.056446
v -0.047096 0.011853 0.053160
v -0.042038 0.015744 0.060903
v -0.051338 0.009509 0.045481
v -0.058450 0.011853 0.040345
v -0.055392 0.015744 0.049072
v -0.060731 0.009509 0.031874
v -0.066407 0.011853 0.025185
v -0.065526 0.015744 0.034390
v -0.066594 0.009509 0.016414
v -0.070504 0.011853 0.008561
v -0.071852 0.015744 0.017710
v -0.068587 0.009509 -0.000000
v -0.070504 0.011853 -0.008561
v -0.074002 0.015744 -0.000000
v -0.066594 0.009509 -0.016414
v -0.066407 0.011853 -0.025185
v -0.071852 0.015744 -0.017710
v -0.060731 0.009509 -0.031874
v -0.058450 0.011853 -0.040345
v -0.065526 0.015744 -0.034391
v -0.051338 0.009509 -0.045482
v -0.047096 0.011853 -0.053161
v -0.055392 0.015744 -0.049073
v -0.038962 0.009509 -0.056446
v -0.033006 0.011853 -0.062887
v -0.042038 0.015744 -0.060903
v -0.024321 0.009509 -0.064130
v -0.026242 0.015744 -0.069194
v -0.046096 0.008067 0.005597
v -0.037743 0.009246 -0.000000
v -0.046096 0.008067 -0.005597
v -0.052807 0.007126 -0.000000
v 0.024321 0.009509 -0.064130
v 0.033006 0.011853 -0.062887
v 0.026242 0.015744 -0.069194
v 0.016997 0.011853 -0.068958
v 0.031795 0.046719 -0.083837
v 0.042954 0.057864 -0.081842
v 0.033515 0.069489 -0.088371
v 0.022120 0.057864 -0.089744
v -0.010808 0.046719 -0.089010
v 0.000000 0.057864 -0.092429
v -0.011392 0.069489 -0.093823
v -0.022120 0.057864 -0.089744
v -0.031795 0.046719 -0.083837
v -0.033515 0.069489 -0.088371
v -0.042954 0.057864 -0.081842
v -0.050935 0.046719 -0.073792
v -0.053689 0.069489 -0.077782
v -0.061292 0.057864 -0.069184
v -0.067114 0.046719 -0.059458
v -0.070743 0.069489 -0.062673
v -0.076068 0.057864 -0.052506
v -0.079393 0.046719 -0.041669
v -0.083686 0.069489 -0.043922
v -0.086423 0.057864 -0.032776
v -0.087058 0.046719 -0.021458
v -0.091766 0.069489 -0.022619
v -0.091755 0.057864 -0.011141
v -0.089664 0.046719 -0.000000
v -0.094512 0.069489 -0.000000
v -0.091755 0.057865 0.011141
v -0.087058 0.046719 0.021458
v -0.091766 0.069489 0.022618
v -0.086423 0.057865 0.032776
v -0.079393 0.046719 0.041669
v -0.083686 0.069489 0.043922
v -0.076068 0.057865 0.052505
v -0.067114 0.046719 0.059458
v -0.070743 0.069489 0.062673
v -0.061292 0.057865 0.069184
v -0.050935 0.046719 0.073792
v -0.053689 0.069489 0.077782
v -0.042954 0.057865 0.081842
v -0.031795 0.046719 0.083837
v -0.033515 0.069489 0.088370
v -0.022120 0.057865 0.089743
v -0.010808 0.046719 0.089010
v -0.011392 0.069489 0.093823
v 0.000000 0.057865 0.092429
v 0.010808 0.046719 0.089010
v 0.011392 0.069489 0.093823
v 0.022120 0.057865 0.089743
v 0.031795 0.046719 0.083837
v 0.033515 0.069489 0.088370
v 0.042954 0.057865 0.081842
v 0.050935 0.046719 0.073792
v 0.053689 0.069489 0.077782
v 0.061292 0.057865 0.069184
v 0.067114 0.046719 0.059458
v 0.070743 0.069489 0.062673
v 0.076068 0.057865 0.052505
v 0.079393 0.046719 0.041669
v 0.083686 0.069489 0.043922
v 0.086423 0.057865 0.032776
v 0.087058 0.046719 0.021458
v 0.091766 0.069489 0.022618
v 0.091755 0.057865 0.011141
v 0.089664 0.046719 -0.000000
v 0.094512 0.069489 -0.000000
v 0.091755 0.057865 -0.011141
v 0.087058 0.046719 -0.021458
v 0.091766 0.069489 -0.022619
v 0.086423 0.057864 -0.032776
v 0.079393 0.046719 -0.041669
v 0.083686 0.069489 -0.043922
v 0.076068 0.057864 -0.052506
v 0.067114 0.046719 -0.059458
v 0.070743 0.069489 -0.062673
v 0.061292 0.057864 -0.069184
v 0.050935 0.046719 -0.073792
v 0.053689 0.069489 -0.077782
v 0.010808 0.046719 -0.089010
v 0.011392 0.069489 -0.093823
v 0.038962 0.009509 -0.056446
v 0.047096 0.011853 -0.053161
v 0.042038 0.015744 -0.060903
v -0.002485 0.324067 -0.020637
v 0.000000 0.342629 -0.022551
v -0.003118 0.357050 -0.025109
v -0.005321 0.342631 -0.021860
v -0.007313 0.324064 -0.019422
v -0.009005 0.357033 -0.023469
v -0.010309 0.342621 -0.019849
v -0.011724 0.324061 -0.017066
v -0.014233 0.356928 -0.020399
v -0.014714 0.342607 -0.016666
v -0.015461 0.324064 -0.013719
v -0.018679 0.356768 -0.016181
v -0.018272 0.342611 -0.012557
v -0.018298 0.324076 -0.009594
v -0.022046 0.356603 -0.011182
v -0.020760 0.342627 -0.007800
v -0.020066 0.324091 -0.004935
v -0.024125 0.356455 -0.005696
v -0.022035 0.342640 -0.002642
v -0.020666 0.324098 0.000000
v -0.024824 0.356387 0.000026
v -0.022036 0.342641 0.002648
v -0.020067 0.324092 0.004933
v -0.024127 0.356425 0.005716
v -0.020762 0.342626 0.007794
v -0.018299 0.324079 0.009590
v -0.022030 0.356565 0.011168
v -0.018257 0.342628 0.012552
v -0.015454 0.324075 0.013707
v -0.018562 0.356901 0.016305
v -0.014638 0.342690 0.016660
v -0.011696 0.324094 0.017035
v -0.013910 0.357141 0.020740
v -0.010148 0.342773 0.019805
v -0.007269 0.324136 0.019360
v -0.008565 0.357111 0.023964
v -0.005171 0.342869 0.021751
v -0.002463 0.324172 0.020548
v -0.002902 0.357075 0.025658
v 0.000000 0.342916 0.022399
v 0.002463 0.324172 0.020548
v 0.002902 0.357075 0.025658
v 0.005171 0.342869 0.021751
v 0.007269 0.324136 0.019360
v 0.008565 0.357111 0.023964
v 0.010148 0.342773 0.019805
v 0.011696 0.324094 0.017035
v 0.013910 0.357141 0.020740
v 0.014638 0.342690 0.016660
v 0.015454 0.324075 0.013707
v 0.018562 0.356901 0.016305
v 0.018257 0.342628 0.012552
v 0.018299 0.324079 0.009590
v 0.022030 0.356565 0.011168
v 0.020762 0.342626 0.007794
v 0.020067 0.324092 0.004933
v 0.024127 0.356425 0.005716
v 0.022036 0.342641 0.002648
v 0.020666 0.324098 0.000000
v 0.024824 0.356387 0.000026
v 0.022035 0.342640 -0.002642
v 0.020066 0.324091 -0.004935
v 0.024125 0.356455 -0.005696
v 0.020760 0.342627 -0.007800
v 0.018298 0.324076 -0.009594
v 0.022046 0.356603 -0.011182
v 0.018272 0.342611 -0.012557
v 0.015461 0.324064 -0.013719
v 0.018679 0.356768 -0.016181
v 0.014714 0.342607 -0.016666
v 0.011724 0.324061 -0.017066
v 0.014233 0.356928 -0.020399
v 0.010309 0.342621 -0.019849
v 0.007313 0.324064 -0.019422
v 0.009005 0.357033 -0.023469
v 0.005321 0.342631 -0.021860
v 0.002485 0.324067 -0.020637
v 0.003118 0.357050 -0.025109
v 0.051338 0.009509 -0.045482
v 0.055392 0.015744 -0.049073
v -0.007924 0.179580 -0.065263
v 0.000000 0.187485 -0.059299
v -0.014191 0.187485 -0.057576
v -0.023312 0.179580 -0.061470
v -0.027558 0.187485 -0.052507
v -0.037346 0.179580 -0.054105
v -0.030172 0.195435 -0.043712
v -0.039323 0.187485 -0.044386
v -0.049208 0.179580 -0.043595
v -0.048802 0.187485 -0.033686
v -0.058211 0.179580 -0.030552
v -0.047030 0.195435 -0.024684
v -0.055446 0.187485 -0.021028
v -0.063831 0.179580 -0.015733
v -0.058867 0.187485 -0.007148
v -0.065742 0.179580 -0.000000
v -0.058867 0.187485 0.007147
v -0.063831 0.179580 0.015733
v -0.055446 0.187485 0.021028
v -0.058211 0.179580 0.030551
v -0.048802 0.187485 0.033685
v -0.049208 0.179580 0.043594
v -0.039757 0.195435 0.035221
v -0.039323 0.187485 0.044386
v -0.037346 0.179580 0.054104
v -0.030172 0.195435 0.043712
v -0.027558 0.187485 0.052506
v -0.023312 0.179580 0.061469
v -0.018835 0.195435 0.049662
v -0.014191 0.187485 0.057576
v -0.007924 0.179580 0.065262
v 0.000000 0.187485 0.059299
v 0.007924 0.179580 0.065262
v 0.006402 0.195435 0.052727
v 0.014191 0.187485 0.057576
v 0.023312 0.179580 0.061469
v 0.027558 0.187485 0.052506
v 0.037346 0.179580 0.054104
v 0.039323 0.187485 0.044386
v 0.049208 0.179580 0.043594
v 0.048802 0.187485 0.033685
v 0.058211 0.179580 0.030551
v 0.055446 0.187485 0.021028
v 0.063831 0.179580 0.015733
v 0.051571 0.195435 0.012711
v 0.058867 0.187485 0.007147
v 0.065742 0.179580 -0.000000
v 0.053114 0.195435 -0.000000
v 0.058867 0.187485 -0.007148
v 0.063831 0.179580 -0.015733
v 0.051571 0.195435 -0.012711
v 0.055446 0.187485 -0.021028
v 0.058211 0.179580 -0.030552
v 0.048802 0.187485 -0.033686
v 0.049208 0.179580 -0.043595
v 0.039757 0.195435 -0.035221
v 0.039323 0.187485 -0.044386
v 0.037346 0.179580 -0.054105
v 0.027558 0.187485 -0.052507
v -0.022916 0.080370 -0.092974
v -0.000000 0.080370 -0.095756
v -0.011605 0.091252 -0.095575
v 0.022916 0.080370 -0.092974
v 0.011605 0.091252 -0.095575
v -0.044500 0.080370 -0.084788
v -0.034140 0.091252 -0.090020
v 0.002560 0.278083 -0.021095
v 0.004888 0.300421 -0.019867
v 0.000000 0.300422 -0.020461
v -0.063498 0.080370 -0.071675
v -0.054691 0.091252 -0.079234
v -0.043326 0.127243 -0.082550
v -0.033781 0.115238 -0.089074
v -0.022311 0.127243 -0.090520
v -0.031847 0.139069 -0.083973
v -0.078806 0.080370 -0.054396
v -0.072064 0.091252 -0.063844
v -0.061822 0.127243 -0.069783
v -0.054116 0.115238 -0.078401
v -0.051017 0.139069 -0.073911
v -0.089534 0.080370 -0.033956
v -0.085249 0.091252 -0.044742
v -0.076726 0.127243 -0.052960
v -0.071306 0.115238 -0.063172
v -0.067223 0.139069 -0.059554
v -0.095058 0.080370 -0.011542
v -0.093479 0.091252 -0.023041
v -0.087170 0.127243 -0.033060
v -0.084352 0.115238 -0.044272
v -0.079522 0.139069 -0.041736
v -0.095058 0.080370 0.011542
v -0.096277 0.091252 -0.000000
v -0.092549 0.127243 -0.011238
v -0.092496 0.115238 -0.022799
v -0.087199 0.139069 -0.021493
v -0.089534 0.080370 0.033955
v -0.093479 0.091252 0.023040
v -0.092549 0.127243 0.011237
v -0.095264 0.115238 -0.000000
v -0.089809 0.139069 -0.000000
v -0.078806 0.080370 0.054395
v -0.085249 0.091252 0.044742
v -0.087170 0.127243 0.033059
v -0.092496 0.115238 0.022798
v -0.087199 0.139069 0.021492
v -0.063498 0.080370 0.071674
v -0.072064 0.091252 0.063843
v -0.076726 0.127243 0.052960
v -0.084352 0.115238 0.044271
v -0.079522 0.139069 0.041736
v -0.044500 0.080370 0.084788
v -0.054691 0.091252 0.079234
v -0.061822 0.127243 0.069782
v -0.071306 0.115238 0.063171
v -0.067223 0.139069 0.059554
v -0.022916 0.080370 0.092973
v -0.034140 0.091252 0.090020
v -0.043326 0.127243 0.082550
v -0.054116 0.115238 0.078400
v -0.051017 0.139069 0.073911
v -0.000000 0.080370 0.095756
v -0.011605 0.091252 0.095574
v -0.022311 0.127243 0.090519
v -0.033781 0.115238 0.089073
v -0.031847 0.139069 0.083972
v 0.022916 0.080370 0.092973
v 0.011605 0.091252 0.095574
v -0.000000 0.127243 0.093228
v -0.011483 0.115238 0.094569
v -0.010825 0.139069 0.089154
v 0.044500 0.080370 0.084788
v 0.034140 0.091252 0.090020
v 0.022311 0.127243 0.090519
v 0.011483 0.115238 0.094569
v 0.010825 0.139069 0.089154
v 0.063498 0.080370 0.071674
v 0.054691 0.091252 0.079234
v 0.043326 0.127243 0.082550
v 0.033781 0.115238 0.089073
v 0.031847 0.139069 0.083972
v 0.078806 0.080370 0.054395
v 0.072064 0.091252 0.063843
v 0.061822 0.127243 0.069782
v 0.054116 0.115238 0.078400
v 0.051017 0.139069 0.073911
v 0.089534 0.080370 0.033955
v 0.085249 0.091252 0.044742
v 0.076726 0.127243 0.052960
v 0.071306 0.115238 0.063171
v 0.067223 0.139069 0.059554
v 0.095058 0.080370 0.011542
v 0.093479 0.091252 0.023040
v 0.087170 0.127243 0.033059
v 0.084352 0.115238 0.044271
v 0.079522 0.139069 0.041736
v 0.095058 0.080370 -0.011542
v 0.096277 0.091252 -0.000000
v 0.092549 0.127243 0.011237
v 0.092496 0.115238 0.022798
v 0.087199 0.139069 0.021492
v 0.089534 0.080370 -0.033956
v 0.093479 0.091252 -0.023041
v 0.092549 0.127243 -0.011238
v 0.095264 0.115238 -0.000000
v 0.089809 0.139069 -0.000000
v 0.078806 0.080370 -0.054396
v 0.085249 0.091252 -0.044742
v 0.087170 0.127243 -0.033060
v 0.092496 0.115238 -0.022799
v 0.087199 0.139069 -0.021493
v 0.063498 0.080370 -0.071675
v 0.072064 0.091252 -0.063843
v 0.076726 0.127243 -0.052960
v 0.084352 0.115238 -0.044272
v 0.079522 0.139069 -0.041736
v 0.044500 0.080370 -0.084788
v 0.054691 0.091252 -0.079234
v 0.061822 0.127243 -0.069783
v 0.071306 0.115238 -0.063172
v 0.067223 0.139069 -0.059554
v 0.034140 0.091252 -0.090020
v 0.043326 0.127243 -0.082550
v 0.054116 0.115238 -0.078401
v 0.051017 0.139069 -0.073911
v -0.011483 0.115238 -0.094570
v -0.000000 0.127243 -0.093229
v -0.010825 0.139069 -0.089154
v 0.022311 0.127243 -0.090520
v 0.033781 0.115238 -0.089074
v 0.031847 0.139069 -0.083973
v 0.010825 0.139069 -0.089154
v 0.020314 0.150741 -0.082419
v 0.009510 0.161625 -0.078318
v 0.000000 0.150741 -0.084886
v 0.007924 0.179580 -0.065263
v 0.014191 0.187485 -0.057576
v 0.006402 0.195435 -0.052727
v -0.002993 0.252973 -0.024650
v 0.000000 0.263116 -0.022739
v -0.002560 0.278083 -0.021095
v -0.005442 0.263116 -0.022078
v -0.023552 0.213348 -0.034121
v 0.021987 0.252973 -0.011540
v 0.021261 0.263115 -0.008064
v 0.018814 0.278080 -0.009876
v 0.031033 0.213348 -0.027493
v 0.024110 0.252973 -0.005943
v 0.020631 0.278080 -0.005086
v 0.024110 0.252973 0.005942
v 0.021261 0.263115 0.008063
v 0.020631 0.278080 0.005085
v 0.046839 0.203964 0.005687
v 0.041460 0.213348 -0.000000
v 0.046839 0.203964 -0.005688
v 0.040255 0.213348 -0.009922
v 0.040255 0.213348 0.009922
v 0.014106 0.252973 0.020435
v 0.012071 0.278080 0.017487
v 0.021987 0.252973 0.011539
v 0.018815 0.278080 0.009874
v -0.002993 0.252973 0.024650
v -0.005442 0.263115 0.022078
v -0.002561 0.278080 0.021093
v 0.004997 0.213348 0.041157
v -0.008805 0.252973 0.023217
v -0.007535 0.278080 0.019867
v -0.018587 0.252973 0.016466
v -0.018714 0.263115 0.012917
v -0.015905 0.278080 0.014090
v -0.031288 0.203964 0.035317
v -0.023552 0.213348 0.034120
v -0.021927 0.203964 0.041779
v -0.014702 0.213348 0.038765
v -0.031033 0.213348 0.027493
v -0.024831 0.252973 -0.000000
v -0.021249 0.278080 -0.000000
v -0.021987 0.252973 0.011539
v -0.018815 0.278080 0.009874
v -0.018587 0.252973 -0.016466
v -0.015078 0.263115 -0.017021
v -0.015904 0.278081 -0.014092
v -0.036711 0.213348 -0.019268
v -0.014106 0.252973 -0.020436
v -0.010567 0.263116 -0.020135
v -0.012069 0.278082 -0.017489
v -0.008805 0.252973 -0.023218
v -0.007533 0.278083 -0.019869
v 0.004997 0.213348 -0.041158
v -0.000000 0.171137 -0.072378
v 0.017321 0.171137 -0.070275
v 0.039448 0.150741 -0.075163
v 0.027976 0.161625 -0.073767
v 0.033636 0.171137 -0.064087
v 0.023312 0.179580 -0.061470
v 0.056290 0.150741 -0.063538
v 0.044816 0.161625 -0.064928
v 0.047995 0.171137 -0.054176
v 0.069859 0.150741 -0.048221
v 0.059052 0.161625 -0.052316
v 0.059565 0.171137 -0.041115
v 0.079369 0.150741 -0.030101
v 0.069857 0.161625 -0.036664
v 0.067674 0.171137 -0.025666
v 0.084267 0.150741 -0.010232
v 0.076601 0.161625 -0.018881
v 0.071850 0.171137 -0.008724
v 0.084267 0.150741 0.010232
v 0.078893 0.161625 -0.000000
v 0.071850 0.171137 0.008724
v 0.079369 0.150741 0.030101
v 0.076601 0.161625 0.018880
v 0.067674 0.171137 0.025665
v 0.069859 0.150741 0.048220
v 0.069857 0.161625 0.036663
v 0.059566 0.171137 0.041115
v 0.056290 0.150741 0.063537
v 0.059052 0.161625 0.052316
v 0.047995 0.171137 0.054175
v 0.039448 0.150741 0.075162
v 0.044816 0.161625 0.064928
v 0.033636 0.171137 0.064087
v 0.020314 0.150741 0.082419
v 0.027976 0.161625 0.073766
v 0.017321 0.171137 0.070274
v 0.000000 0.150741 0.084885
v 0.009510 0.161625 0.078318
v -0.000000 0.171137 0.072377
v -0.020314 0.150741 0.082419
v -0.009510 0.161625 0.078318
v -0.017321 0.171137 0.070274
v -0.039448 0.150741 0.075162
v -0.027976 0.161625 0.073766
v -0.033636 0.171137 0.064087
v -0.056290 0.150741 0.063537
v -0.044816 0.161625 0.064928
v -0.047995 0.171137 0.054175
v -0.069859 0.150741 0.048220
v -0.059052 0.161625 0.052316
v -0.059565 0.171137 0.041115
v -0.079369 0.150741 0.030101
v -0.069857 0.161625 0.036663
v -0.067674 0.171137 0.025665
v -0.084267 0.150741 0.010232
v -0.076601 0.161625 0.018880
v -0.071850 0.171137 0.008724
v -0.084267 0.150741 -0.010232
v -0.078893 0.161625 -0.000000
v -0.071850 0.171137 -0.008724
v -0.079369 0.150741 -0.030101
v -0.076601 0.161625 -0.018881
v -0.067674 0.171137 -0.025666
v -0.069859 0.150741 -0.048221
v -0.069857 0.161625 -0.036664
v -0.059565 0.171137 -0.041115
v -0.056290 0.150741 -0.063538
v -0.059052 0.161625 -0.052316
v -0.047995 0.171137 -0.054176
v -0.039448 0.150741 -0.075163
v -0.044816 0.161625 -0.064928
v -0.033636 0.171137 -0.064087
v -0.020314 0.150741 -0.082419
v -0.027976 0.161625 -0.073767
v -0.017321 0.171137 -0.070275
v -0.009510 0.161625 -0.078318
v -0.000000 0.243653 -0.027568
v 0.003764 0.233950 -0.030997
v 0.006598 0.243653 -0.026767
v 0.002993 0.252973 -0.024650
v -0.000000 0.223604 -0.035991
v 0.008613 0.223604 -0.034945
v 0.011073 0.233950 -0.029196
v 0.012812 0.243653 -0.024411
v 0.016726 0.223604 -0.031868
v 0.017738 0.233950 -0.025698
v 0.018281 0.243653 -0.020635
v 0.023866 0.223604 -0.026940
v 0.023372 0.233950 -0.020706
v 0.022688 0.243653 -0.015661
v 0.029620 0.223604 -0.020445
v 0.027648 0.233950 -0.014511
v 0.025777 0.243653 -0.009776
v 0.033652 0.223604 -0.012763
v 0.030317 0.233950 -0.007473
v 0.027367 0.243653 -0.003323
v 0.035728 0.223604 -0.004338
v 0.031225 0.233950 -0.000000
v 0.027367 0.243653 0.003323
v 0.035728 0.223604 0.004338
v 0.030317 0.233950 0.007472
v 0.025777 0.243653 0.009775
v 0.033652 0.223604 0.012762
v 0.027648 0.233950 0.014511
v 0.022688 0.243653 0.015660
v 0.029620 0.223604 0.020445
v 0.023372 0.233950 0.020706
v 0.018281 0.243653 0.020635
v 0.023866 0.223604 0.026939
v 0.017738 0.233950 0.025697
v 0.012812 0.243653 0.024410
v 0.016726 0.223604 0.031868
v 0.011073 0.233950 0.029195
v 0.006597 0.243653 0.026767
v 0.008613 0.223604 0.034944
v 0.003764 0.233950 0.030997
v 0.000000 0.243653 0.027568
v -0.000000 0.223604 0.035990
v -0.003764 0.233950 0.030997
v -0.006597 0.243653 0.026767
v -0.008613 0.223604 0.034944
v -0.011073 0.233950 0.029195
v -0.012812 0.243653 0.024410
v -0.016726 0.223604 0.031868
v -0.017738 0.233950 0.025697
v -0.018281 0.243653 0.020635
v -0.023866 0.223604 0.026939
v -0.023372 0.233950 0.020706
v -0.022688 0.243653 0.015660
v -0.029620 0.223604 0.020445
v -0.027648 0.233950 0.014511
v -0.025777 0.243653 0.009775
v -0.033652 0.223604 0.012762
v -0.030317 0.233950 0.007472
v -0.027367 0.243653 0.003323
v -0.035728 0.223604 0.004338
v -0.031225 0.233950 -0.000000
v -0.027367 0.243653 -0.003323
v -0.035728 0.223604 -0.004338
v -0.030317 0.233950 -0.007473
v -0.025777 0.243653 -0.009776
v -0.033652 0.223604 -0.012763
v -0.027648 0.233950 -0.014511
v -0.022688 0.243653 -0.015661
v -0.029620 0.223604 -0.020445
v -0.023372 0.233950 -0.020706
v -0.018281 0.243653 -0.020635
v -0.023866 0.223604 -0.026940
v -0.017738 0.233950 -0.025698
v -0.012812 0.243653 -0.024411
v -0.016726 0.223604 -0.031868
v -0.011073 0.233950 -0.029196
v -0.006598 0.243653 -0.026767
v -0.008613 0.223604 -0.034945
v -0.003764 0.233950 -0.030997
v -0.020674 0.037329 -0.083876
v -0.009945 0.029210 -0.081906
v 0.000000 0.037329 -0.086387
v -0.018687 0.021773 -0.075817
v -0.000000 0.021773 -0.078086
v -0.040146 0.037329 -0.076492
v -0.029257 0.029210 -0.077146
v -0.036288 0.021773 -0.069141
v -0.057285 0.037329 -0.064661
v -0.046869 0.029210 -0.067902
v -0.051780 0.021773 -0.058448
v -0.071095 0.037329 -0.049073
v -0.061757 0.029210 -0.054712
v -0.064263 0.021773 -0.044358
v -0.080773 0.037329 -0.030633
v -0.073056 0.029210 -0.038343
v -0.073011 0.021773 -0.027690
v -0.085756 0.037329 -0.010413
v -0.080109 0.029210 -0.019745
v -0.077516 0.021773 -0.009412
v -0.085756 0.037329 0.010412
v -0.082507 0.029210 -0.000000
v -0.077516 0.021773 0.009412
v -0.080773 0.037329 0.030633
v -0.080109 0.029210 0.019745
v -0.073011 0.021773 0.027689
v -0.071095 0.037329 0.049073
v -0.073056 0.029211 0.038343
v -0.064263 0.021773 0.044357
v -0.057285 0.037329 0.064661
v -0.061757 0.029211 0.054712
v -0.051780 0.021773 0.058447
v -0.040146 0.037329 0.076491
v -0.046869 0.029211 0.067902
v -0.036288 0.021773 0.069141
v -0.020674 0.037329 0.083876
v -0.029257 0.029211 0.077145
v -0.018687 0.021773 0.075816
v 0.000000 0.037329 0.086386
v -0.009945 0.029211 0.081905
v 0.000000 0.021773 0.078085
v 0.020674 0.037329 0.083876
v 0.009945 0.029211 0.081905
v 0.018687 0.021773 0.075816
v 0.040146 0.037329 0.076491
v 0.029257 0.029211 0.077145
v 0.036288 0.021773 0.069141
v 0.057285 0.037329 0.064661
v 0.046869 0.029211 0.067902
v 0.051780 0.021773 0.058447
v 0.071095 0.037329 0.049073
v 0.061757 0.029211 0.054712
v 0.064263 0.021773 0.044357
v 0.080773 0.037329 0.030633
v 0.073056 0.029211 0.038343
v 0.073011 0.021773 0.027689
v 0.085756 0.037329 0.010412
v 0.080109 0.029210 0.019745
v 0.077516 0.021773 0.009412
v 0.085756 0.037329 -0.010413
v 0.082507 0.029210 -0.000000
v 0.077516 0.021773 -0.009412
v 0.080773 0.037329 -0.030633
v 0.080109 0.029210 -0.019745
v 0.073011 0.021773 -0.027690
v 0.071095 0.037329 -0.049073
v 0.073056 0.029210 -0.038343
v 0.064263 0.021773 -0.044358
v 0.057285 0.037329 -0.064661
v 0.061757 0.029210 -0.054712
v 0.051780 0.021773 -0.058448
v 0.040146 0.037329 -0.076492
v 0.046869 0.029210 -0.067902
v 0.036288 0.021773 -0.069141
v 0.020674 0.037329 -0.083876
v 0.029257 0.029210 -0.077146
v 0.018687 0.021773 -0.075817
v 0.009945 0.029210 -0.081906
v 0.008920 0.015744 -0.073463
v 0.054330 0.006755 -0.020605
v 0.051273 0.007126 -0.012638
v 0.057682 0.006755 -0.007004
v 0.060685 0.007026 -0.014958
v 0.000000 0.103029 -0.096185
v -0.023019 0.103029 -0.093390
v -0.044699 0.103029 -0.085168
v -0.063782 0.103029 -0.071996
v -0.079159 0.103029 -0.054640
v -0.089934 0.103029 -0.034108
v -0.095484 0.103029 -0.011594
v -0.095484 0.103029 0.011594
v -0.089934 0.103029 0.034107
v -0.079159 0.103029 0.054639
v -0.063782 0.103029 0.071995
v -0.044699 0.103029 0.085167
v -0.023019 0.103029 0.093390
v 0.000000 0.103029 0.096185
v 0.023019 0.103029 0.093390
v 0.044699 0.103029 0.085167
v 0.063782 0.103029 0.071995
v 0.079159 0.103029 0.054639
v 0.089934 0.103029 0.034107
v 0.095484 0.103029 0.011594
v 0.095484 0.103029 -0.011594
v 0.089934 0.103029 -0.034108
v 0.079159 0.103029 -0.054640
v 0.063782 0.103029 -0.071996
v 0.044699 0.103029 -0.085168
v 0.023019 0.103029 -0.093390
v 0.011483 0.115238 -0.094570
v 0.009494 0.300418 -0.018116
v 0.013552 0.300416 -0.015311
v 0.016824 0.300415 -0.011616
v 0.019116 0.300417 -0.007249
v 0.020296 0.300418 -0.002464
v 0.020296 0.300418 0.002463
v 0.019116 0.300417 0.007248
v 0.016825 0.300415 0.011613
v 0.013554 0.300416 0.015304
v 0.009495 0.300420 0.018107
v 0.004887 0.300426 0.019855
v 0.000000 0.300429 0.020448
v -0.004887 0.300426 0.019855
v -0.009495 0.300420 0.018107
v -0.013554 0.300416 0.015304
v -0.016825 0.300415 0.011613
v -0.019116 0.300417 0.007248
v -0.020296 0.300418 0.002463
v -0.020296 0.300418 -0.002464
v -0.019116 0.300417 -0.007249
v -0.016824 0.300415 -0.011616
v -0.013552 0.300416 -0.015311
v -0.009494 0.300418 -0.018116
v -0.004888 0.300421 -0.019867
v -0.000000 0.007947 -0.065902
v 0.007534 0.007026 -0.062046
v 0.015771 0.007947 -0.063987
v 0.008267 0.009509 -0.068087
v 0.022163 0.007026 -0.058440
v 0.030626 0.007947 -0.058353
v 0.035505 0.007026 -0.051438
v 0.043701 0.007947 -0.049328
v 0.046783 0.007026 -0.041446
v 0.054236 0.007947 -0.037437
v 0.055342 0.007026 -0.029046
v 0.061619 0.007947 -0.023369
v 0.065421 0.007947 -0.007944
v 0.062502 0.007026 -0.000000
v 0.065421 0.007947 0.007943
v 0.060685 0.007026 0.014957
v 0.061619 0.007947 0.023369
v 0.055342 0.007026 0.029046
v 0.054236 0.007947 0.037436
v 0.046783 0.007026 0.041446
v 0.043701 0.007947 0.049328
v 0.035505 0.007026 0.051438
v 0.030626 0.007947 0.058353
v 0.022163 0.007026 0.058440
v 0.015771 0.007947 0.063986
v 0.007534 0.007026 0.062046
v -0.000000 0.007947 0.065901
v -0.007534 0.007026 0.062046
v -0.015771 0.007947 0.063986
v -0.022163 0.007026 0.058440
v -0.030626 0.007947 0.058353
v -0.035505 0.007026 0.051438
v -0.043701 0.007947 0.049328
v -0.046783 0.007026 0.041446
v -0.054236 0.007947 0.037436
v -0.055342 0.007026 0.029046
v -0.061619 0.007947 0.023369
v -0.060685 0.007026 0.014957
v -0.065421 0.007947 0.007943
v -0.062502 0.007026 -0.000000
v -0.065421 0.007947 -0.007944
v -0.060685 0.007026 -0.014958
v -0.061619 0.007947 -0.023369
v -0.055342 0.007026 -0.029046
v -0.054236 0.007947 -0.037437
v -0.046783 0.007026 -0.041446
v -0.043701 0.007947 -0.049328
v -0.035505 0.007026 -0.051438
v -0.030626 0.007947 -0.058353
v -0.022163 0.007026 -0.058440
v -0.015771 0.007947 -0.063987
v -0.007534 0.007026 -0.062046
v 0.038531 0.006755 0.043493
v 0.029998 0.007126 0.043459
v 0.027003 0.006755 0.051450
v -0.027003 0.006755 0.051450
v -0.029998 0.007126 0.043459
v -0.038531 0.006755 0.043493
v -0.057682 0.006755 -0.007004
v -0.051273 0.007126 -0.012638
v -0.054330 0.006755 -0.020605
v 0.038531 0.006755 -0.043493
v 0.039527 0.007126 -0.035018
v 0.047820 0.006755 -0.033008
v 0.054330 0.006755 0.020604
v 0.046759 0.007126 0.024541
v 0.047820 0.006755 0.033008
v -0.000000 0.006755 0.058106
v -0.006365 0.007126 0.052422
v -0.013906 0.006755 0.056417
v -0.054330 0.006755 0.020604
v -0.051273 0.007126 0.012637
v -0.057682 0.006755 0.007004
v -0.038531 0.006755 -0.043493
v -0.029998 0.007126 -0.043460
v -0.027003 0.006755 -0.051451
v 0.013906 0.006755 -0.056418
v 0.018726 0.007126 -0.049376
v 0.027003 0.006755 -0.051451
v 0.052807 0.007126 -0.000000
v 0.057682 0.006755 0.007004
v 0.018726 0.007126 0.049375
v 0.013906 0.006755 0.056417
v -0.039527 0.007126 0.035017
v -0.047820 0.006755 0.033008
v -0.046759 0.007126 -0.024541
v -0.047820 0.006755 -0.033008
v 0.046759 0.007126 -0.024541
v 0.039527 0.007126 0.035017
v -0.018726 0.007126 0.049375
v -0.018726 0.007126 -0.049376
v -0.013906 0.006755 -0.056418
v 0.029998 0.007126 -0.043460
v 0.051273 0.007126 0.012637
v 0.006365 0.007126 0.052422
v -0.046759 0.007126 0.024541
v -0.039527 0.007126 -0.035018
v -0.006365 0.007126 -0.052423
v -0.000000 0.006755 -0.058106
v 0.006365 0.007126 -0.052423
v -0.004549 0.009246 -0.037468
v -0.013384 0.009246 -0.035291
v -0.021441 0.009246 -0.031062
v -0.028251 0.009246 -0.025029
v -0.033420 0.009246 -0.017541
v -0.036647 0.009246 -0.009033
v -0.036647 0.009246 0.009032
v -0.033420 0.009246 0.017540
v -0.028251 0.009246 0.025028
v -0.021441 0.009246 0.031062
v -0.013384 0.009246 0.035290
v -0.004549 0.009246 0.037468
v 0.004549 0.009246 0.037468
v 0.013384 0.009246 0.035290
v 0.021441 0.009246 0.031062
v 0.028251 0.009246 0.025028
v 0.033420 0.009246 0.017540
v 0.036647 0.009246 0.009032
v 0.037743 0.009246 -0.000000
v 0.036647 0.009246 -0.009033
v 0.033420 0.009246 -0.017541
v 0.028251 0.009246 -0.025029
v 0.021441 0.009246 -0.031062
v 0.013384 0.009246 -0.035291
v 0.004549 0.009246 -0.037468
v -0.043417 0.008067 0.016466
v 0.021579 0.008067 0.041115
v 0.011112 0.008067 0.045085
v 0.030792 0.008067 0.034756
v 0.030792 0.008067 -0.034757
v 0.038215 0.008067 -0.026378
v 0.021579 0.008067 -0.041116
v -0.011112 0.008067 -0.045085
v -0.000000 0.008067 -0.046435
v -0.021579 0.008067 -0.041116
v -0.038215 0.008067 0.026377
v -0.030792 0.008067 0.034756
v 0.038215 0.008067 0.026377
v 0.043417 0.008067 0.016466
v 0.011112 0.008067 -0.045085
v -0.030792 0.008067 -0.034757
v -0.038215 0.008067 -0.026378
v -0.021579 0.008067 0.041115
v -0.011112 0.008067 0.045085
v 0.046096 0.008067 0.005597
v 0.046096 0.008067 -0.005597
v -0.043417 0.008067 -0.016466
v 0.000000 0.008067 0.046434
v 0.043417 0.008067 -0.016466
v 0.000000 0.369633 -0.028803
v -0.004516 0.380938 -0.033434
v -0.007412 0.369645 -0.027716
v -0.012618 0.380835 -0.030828
v -0.013717 0.369463 -0.024816
v -0.019411 0.380251 -0.026376
v -0.019179 0.369004 -0.020475
v -0.025313 0.379130 -0.020706
v -0.023609 0.368375 -0.015164
v -0.029827 0.377740 -0.014311
v -0.026667 0.367725 -0.009279
v -0.032555 0.376564 -0.007234
v -0.028204 0.367248 -0.003064
v -0.033473 0.376050 0.000035
v -0.028204 0.367205 0.003162
v -0.032556 0.376329 0.006950
v -0.026644 0.367564 0.009214
v -0.029399 0.377549 0.013738
v -0.023405 0.368390 0.015210
v -0.023910 0.379650 0.021330
v -0.018597 0.369452 0.021359
v -0.017252 0.380481 0.028986
v -0.012783 0.369345 0.026514
v -0.010691 0.379259 0.035092
v -0.006643 0.368745 0.030113
v -0.003766 0.378031 0.038576
v 0.000000 0.368495 0.031359
v 0.003766 0.378031 0.038576
v 0.006643 0.368745 0.030113
v 0.010691 0.379259 0.035092
v 0.012783 0.369345 0.026514
v 0.017252 0.380481 0.028986
v 0.018597 0.369452 0.021359
v 0.023910 0.379650 0.021330
v 0.023405 0.368390 0.015210
v 0.029399 0.377549 0.013738
v 0.026644 0.367564 0.009214
v 0.032556 0.376329 0.006950
v 0.028204 0.367205 0.003162
v 0.033473 0.376050 0.000035
v 0.028204 0.367248 -0.003064
v 0.032555 0.376564 -0.007234
v 0.026667 0.367725 -0.009279
v 0.029827 0.377740 -0.014311
v 0.023609 0.368375 -0.015164
v 0.025313 0.379130 -0.020706
v 0.019179 0.369004 -0.020475
v 0.019411 0.380251 -0.026376
v 0.013717 0.369463 -0.024816
v 0.012618 0.380835 -0.030828
v 0.007412 0.369645 -0.027716
v 0.004516 0.380938 -0.033434
v 0.000000 0.400406 -0.053263
v 0.011571 0.400401 -0.050983
v 0.022556 0.399878 -0.045128
v 0.032604 0.398267 -0.037638
v 0.041699 0.395013 -0.029243
v 0.048003 0.391814 -0.019264
v 0.051334 0.390166 -0.006458
v 0.051450 0.389991 0.005275
v 0.047386 0.391702 0.016177
v 0.037118 0.396465 0.027340
v 0.024439 0.399796 0.040575
v 0.015514 0.398333 0.052152
v 0.008693 0.394022 0.060383
v 0.000000 0.391583 0.063068
v -0.008693 0.394022 0.060383
v -0.015514 0.398333 0.052152
v -0.024439 0.399796 0.040575
v -0.037118 0.396465 0.027340
v -0.047386 0.391702 0.016177
v -0.051450 0.389991 0.005275
v -0.051334 0.390166 -0.006458
v -0.048003 0.391814 -0.019264
v -0.041699 0.395013 -0.029243
v -0.032604 0.398267 -0.037638
v -0.022556 0.399878 -0.045128
v -0.011571 0.400401 -0.050983
v -0.010981 0.387595 -0.043401
v -0.000000 0.387586 -0.045325
v -0.020502 0.387158 -0.038521
v -0.028812 0.385851 -0.031992
v -0.035963 0.383526 -0.024490
v -0.040975 0.381205 -0.015768
v -0.043616 0.379843 -0.005251
v -0.043679 0.379762 0.004929
v -0.040720 0.381174 0.014585
v -0.034002 0.384562 0.023953
v -0.025447 0.387350 0.034129
v -0.017813 0.386392 0.042875
v -0.010086 0.383123 0.049414
v -0.000000 0.381311 0.051729
v 0.010086 0.383123 0.049414
v 0.017813 0.386392 0.042875
v 0.025447 0.387350 0.034129
v 0.034002 0.384562 0.023953
v 0.040720 0.381174 0.014585
v 0.043679 0.379762 0.004929
v 0.043616 0.379843 -0.005251
v 0.040975 0.381205 -0.015768
v 0.035963 0.383526 -0.024490
v 0.028812 0.385851 -0.031992
v 0.020502 0.387158 -0.038521
v 0.010981 0.387595 -0.043401
v 0.000000 0.390713 -0.040710
v -0.009890 0.390731 -0.038945
v -0.018552 0.390301 -0.034464
v -0.026272 0.389103 -0.028416
v -0.032954 0.387015 -0.021510
v -0.037532 0.384967 -0.013682
v -0.039864 0.383760 -0.004499
v -0.039905 0.383585 0.004027
v -0.037211 0.384554 0.012062
v -0.030624 0.387394 0.020558
v -0.021813 0.389889 0.030722
v -0.014121 0.389062 0.039695
v -0.007548 0.386597 0.046126
v 0.000000 0.385343 0.048271
v 0.007548 0.386597 0.046126
v 0.014121 0.389062 0.039695
v 0.021813 0.389889 0.030722
v 0.030624 0.387394 0.020558
v 0.037211 0.384554 0.012062
v 0.039905 0.383585 0.004027
v 0.039864 0.383760 -0.004499
v 0.037532 0.384967 -0.013682
v 0.032954 0.387015 -0.021510
v 0.026272 0.389103 -0.028416
v 0.018552 0.390301 -0.034464
v 0.009890 0.390731 -0.038945
v 0.042856 0.002014 -0.022493
v 0.042620 0.002593 -0.016164
v 0.037513 0.002593 -0.025894
v 0.046993 0.002014 -0.011583
v 0.045250 0.002593 -0.005495
v 0.005834 0.002014 0.048046
v 0.000000 0.002593 0.045582
v 0.010908 0.002593 0.044257
v -0.005834 0.002014 0.048046
v -0.010908 0.002593 0.044257
v -0.046993 0.002014 -0.011583
v -0.042620 0.002593 -0.016164
v -0.045250 0.002593 -0.005495
v -0.042856 0.002014 -0.022493
v -0.037513 0.002593 -0.025894
v 0.005834 0.002014 -0.048047
v 0.010908 0.002593 -0.044258
v 0.000000 0.002593 -0.045582
v 0.048399 0.002014 -0.000000
v 0.045250 0.002593 0.005494
v 0.046993 0.002014 0.011582
v 0.042620 0.002593 0.016163
v -0.017163 0.002014 0.045254
v -0.021183 0.002593 0.040361
v -0.027494 0.002014 0.039832
v -0.030226 0.002593 0.034118
v -0.036227 0.002014 -0.032095
v -0.030226 0.002593 -0.034119
v -0.027494 0.002014 -0.039832
v -0.021183 0.002593 -0.040361
v 0.017163 0.002014 -0.045254
v 0.021183 0.002593 -0.040361
v 0.042856 0.002014 0.022492
v 0.037513 0.002593 0.025893
v 0.036227 0.002014 0.032094
v 0.030226 0.002593 0.034118
v -0.036227 0.002014 0.032094
v -0.037513 0.002593 0.025893
v -0.042856 0.002014 0.022492
v -0.042620 0.002593 0.016163
v -0.017163 0.002014 -0.045254
v -0.010908 0.002593 -0.044258
v -0.005834 0.002014 -0.048047
v 0.027494 0.002014 -0.039832
v 0.030226 0.002593 -0.034119
v 0.036227 0.002014 -0.032095
v 0.027494 0.002014 0.039832
v 0.021183 0.002593 0.040361
v 0.017163 0.002014 0.045254
v -0.046993 0.002014 0.011582
v -0.045250 0.002593 0.005494
v -0.048399 0.002014 -0.000000
v -0.050539 0.001549 -0.006137
v -0.050539 0.001549 0.006136
v -0.047602 0.001549 0.018053
v 0.012184 0.001549 0.049431
v 0.023659 0.001549 0.045079
v 0.033760 0.001549 0.038107
v 0.041899 0.001549 -0.028921
v 0.033760 0.001549 -0.038107
v 0.023659 0.001549 -0.045079
v 0.000000 0.001549 -0.050911
v -0.012184 0.001549 -0.049432
v -0.023659 0.001549 -0.045079
v -0.041899 0.001549 0.028920
v -0.033760 0.001549 0.038107
v 0.041899 0.001549 0.028920
v 0.047602 0.001549 0.018053
v 0.012184 0.001549 -0.049432
v -0.033760 0.001549 -0.038107
v -0.041899 0.001549 -0.028921
v -0.023659 0.001549 0.045079
v -0.012184 0.001549 0.049431
v 0.050539 0.001549 0.006136
v 0.050539 0.001549 -0.006137
v -0.047602 0.001549 -0.018053
v 0.000000 0.001549 0.050910
v 0.047602 0.001549 -0.018053
v 0.033887 0.004383 0.004114
v -0.008169 0.004383 0.033143
v -0.028093 0.004383 -0.019391
v 0.033887 0.004383 -0.004115
v 0.000000 0.004383 0.034135
v -0.031917 0.004383 -0.012105
v 0.031917 0.004383 -0.012105
v 0.008169 0.004383 0.033143
v 0.028093 0.004383 -0.019391
v 0.015864 0.004383 0.030225
v -0.031917 0.004383 0.012104
v 0.022636 0.004383 -0.025551
v 0.000000 0.004383 -0.034136
v 0.022636 0.004383 0.025551
v -0.033887 0.004383 -0.004115
v -0.033887 0.004383 0.004114
v -0.028093 0.004383 0.019391
v 0.015864 0.004383 -0.030226
v 0.008169 0.004383 -0.033144
v -0.008169 0.004383 -0.033144
v -0.015864 0.004383 -0.030226
v 0.028093 0.004383 0.019391
v 0.031917 0.004383 0.012104
v -0.022636 0.004383 0.025551
v -0.015864 0.004383 0.030225
v -0.003314 0.004892 -0.027290
v -0.009748 0.004892 -0.025704
v -0.015616 0.004892 -0.022624
v -0.020577 0.004892 -0.018230
v -0.024342 0.004892 -0.012776
v -0.026692 0.004892 -0.006579
v -0.026692 0.004892 0.006579
v -0.024342 0.004892 0.012775
v -0.020577 0.004892 0.018229
v -0.015616 0.004892 0.022624
v -0.009748 0.004892 0.025704
v -0.003314 0.004892 0.027290
v 0.003314 0.004892 0.027290
v 0.009748 0.004892 0.025704
v 0.015616 0.004892 0.022624
v 0.020577 0.004892 0.018229
v 0.024342 0.004892 0.012775
v 0.026692 0.004892 0.006579
v 0.027490 0.004892 -0.000000
v 0.026692 0.004892 -0.006579
v 0.024342 0.004892 -0.012776
v -0.005770 0.010436 -0.023412
v 0.020577 0.004892 -0.018230
v 0.015616 0.004892 -0.022624
v 0.009748 0.004892 -0.025704
v 0.003314 0.004892 -0.027290
v -0.027490 0.004892 -0.000000
v -0.011205 0.010436 0.021350
v -0.005770 0.010436 0.023411
v -0.015989 0.010436 -0.018048
v -0.019844 0.010436 -0.013697
v 0.023936 0.010436 0.002906
v 0.023936 0.010436 -0.002907
v -0.023936 0.010436 -0.002907
v -0.023936 0.010436 0.002906
v -0.000000 0.010436 0.024112
v -0.022545 0.010436 -0.008550
v 0.022545 0.010436 -0.008550
v 0.005770 0.010436 0.023411
v 0.019844 0.010436 -0.013697
v 0.011205 0.010436 0.021350
v -0.022545 0.010436 0.008550
v 0.015989 0.010436 -0.018048
v 0.015989 0.010436 0.018048
v -0.019844 0.010436 0.013697
v 0.011205 0.010436 -0.021350
v -0.000000 0.010436 -0.024112
v 0.019844 0.010436 0.013697
v -0.015989 0.010436 0.018048
v 0.005770 0.010436 -0.023412
v -0.011205 0.010436 -0.021350
v 0.022545 0.010436 0.008550
v -0.022636 0.004383 -0.025551
v 0.000000 0.005306 -0.017442
v 0.017314 0.005306 0.002102
v 0.016308 0.005306 0.006185
v -0.004174 0.005306 0.016934
v -0.008105 0.005306 0.015443
v 0.004174 0.005306 -0.016935
v -0.014354 0.005306 -0.009908
v -0.011566 0.005306 -0.013055
v 0.017314 0.005306 -0.002103
v 0.000000 0.005306 0.017441
v -0.017314 0.005306 0.002102
v -0.017314 0.005306 -0.002103
v -0.016308 0.005306 -0.006185
v 0.016308 0.005306 -0.006185
v 0.004174 0.005306 0.016934
v 0.014354 0.005306 -0.009908
v 0.008105 0.005306 0.015443
v -0.016308 0.005306 0.006185
v 0.011566 0.005306 0.013055
v -0.014354 0.005306 0.009908
v 0.011566 0.005306 -0.013055
v -0.004174 0.005306 -0.016935
v 0.014354 0.005306 0.009908
v -0.011566 0.005306 0.013055
v 0.008105 0.005306 -0.015444
v -0.008105 0.005306 -0.015444
v 0.006009 0.397461 -0.053573
v 0.017610 0.397293 -0.049252
v 0.028156 0.396342 -0.042351
v 0.037796 0.393845 -0.034360
v 0.045609 0.390362 -0.025320
v 0.050453 0.387835 -0.013415
v 0.052257 0.386961 -0.000335
v 0.050549 0.387628 0.011481
v 0.043564 0.391211 0.022662
v 0.031933 0.396061 0.034804
v 0.021382 0.397199 0.047049
v 0.013911 0.393660 0.056828
v 0.005275 0.389359 0.062402
v -0.005275 0.389359 0.062402
v -0.013911 0.393660 0.056828
v -0.021382 0.397199 0.047049
v -0.031933 0.396061 0.034804
v -0.043564 0.391211 0.022662
v -0.050549 0.387628 0.011481
v -0.052257 0.386960 -0.000335
v -0.050453 0.387835 -0.013415
v -0.045609 0.390362 -0.025320
v -0.037796 0.393845 -0.034360
v -0.028156 0.396342 -0.042351
v -0.017610 0.397293 -0.049252
v -0.006009 0.397461 -0.053573
v -0.009025 0.007908 -0.074329
v -0.018228 0.207061 -0.049021
v -0.038871 0.207061 -0.034766
v -0.027367 0.264116 -0.006746
v -0.024957 0.264116 -0.013099
v -0.027367 0.264116 0.006745
v -0.050533 0.207061 -0.012547
v -0.050533 0.207061 0.012546
v -0.052056 0.207061 -0.000000
v -0.046051 0.207061 0.024364
v -0.016011 0.264116 0.023196
v -0.006142 0.207061 0.052045
v 0.009995 0.264116 0.026354
v 0.003397 0.264116 0.027980
v 0.021097 0.264116 0.018690
v 0.018228 0.207061 0.049020
v 0.038871 0.207061 0.034765
v 0.029411 0.207061 0.043146
v 0.046051 0.207061 0.024364
v 0.028186 0.264116 -0.000000
v 0.046051 0.207061 -0.024364
v 0.016011 0.264116 -0.023197
v 0.021097 0.264116 -0.018691
v 0.009995 0.264116 -0.026354
v 0.029411 0.207061 -0.043147
v 0.018228 0.207061 -0.049021
v -0.006142 0.207061 -0.052045
v 0.066299 0.007908 -0.034796
v 0.072699 0.007908 -0.017919
v 0.074875 0.007908 -0.000000
v 0.072699 0.007908 0.017919
v 0.066299 0.007908 0.034796
v 0.056045 0.007908 0.049651
v 0.042534 0.007908 0.061621
v 0.026551 0.007908 0.070009
v 0.009025 0.007908 0.074329
v -0.009025 0.007908 0.074329
v -0.026551 0.007908 0.070009
v -0.042534 0.007908 0.061621
v -0.056045 0.007908 0.049651
v -0.066299 0.007908 0.034796
v -0.072699 0.007908 0.017919
v -0.074875 0.007908 -0.000000
v -0.072699 0.007908 -0.017919
v -0.066299 0.007908 -0.034796
v -0.056045 0.007908 -0.049652
v -0.042534 0.007908 -0.061621
v -0.026551 0.007908 -0.070010
v -0.040985 0.003516 -0.000000
v 0.026551 0.007908 -0.070010
v 0.034689 0.056626 -0.091467
v -0.011791 0.056626 -0.097111
v -0.034689 0.056626 -0.091467
v -0.055570 0.056626 -0.080508
v -0.073222 0.056626 -0.064869
v -0.086619 0.056626 -0.045461
v -0.094981 0.056626 -0.023411
v -0.097824 0.056626 -0.000000
v -0.094981 0.056626 0.023410
v -0.086619 0.056626 0.045461
v -0.073222 0.056626 0.064869
v -0.055570 0.056626 0.080507
v -0.034689 0.056626 0.091467
v -0.011791 0.056626 0.097110
v 0.011791 0.056626 0.097110
v 0.034689 0.056626 0.091466
v 0.055570 0.056626 0.080507
v 0.073222 0.056626 0.064869
v 0.086619 0.056626 0.045461
v 0.094981 0.056626 0.023410
v 0.097824 0.056626 -0.000000
v 0.094981 0.056626 -0.023411
v 0.086619 0.056626 -0.045461
v 0.073222 0.056626 -0.064869
v 0.055570 0.056626 -0.080508
v 0.011791 0.056626 -0.097111
v 0.042534 0.007908 -0.061621
v -0.003349 0.341901 -0.027894
v -0.009828 0.341869 -0.026180
v -0.015714 0.341816 -0.022910
v -0.020689 0.341766 -0.018349
v -0.024464 0.341729 -0.012815
v -0.026821 0.341698 -0.006594
v -0.027622 0.341685 0.000004
v -0.026821 0.341697 0.006601
v -0.024464 0.341730 0.012816
v -0.020689 0.341781 0.018308
v -0.015714 0.341802 0.022756
v -0.009828 0.341768 0.025892
v -0.003349 0.341731 0.027520
v 0.003349 0.341731 0.027520
v 0.009828 0.341768 0.025892
v 0.015714 0.341802 0.022756
v 0.020689 0.341781 0.018308
v 0.024464 0.341730 0.012816
v 0.026821 0.341697 0.006601
v 0.027622 0.341685 0.000004
v 0.026821 0.341698 -0.006594
v 0.024464 0.341729 -0.012815
v 0.020689 0.341766 -0.018349
v 0.015714 0.341816 -0.022910
v 0.009828 0.341869 -0.026180
v 0.003349 0.341901 -0.027894
v 0.056045 0.007908 -0.049652
v -0.007454 0.190933 -0.064557
v -0.022274 0.190933 -0.060806
v -0.036139 0.190933 -0.053520
v -0.047874 0.190933 -0.043124
v -0.056780 0.190933 -0.030222
v -0.062339 0.190933 -0.015563
v -0.064228 0.190933 -0.000000
v -0.062339 0.190933 0.015563
v -0.056780 0.190933 0.030221
v -0.047874 0.190933 0.043123
v -0.036139 0.190933 0.053519
v -0.022274 0.190933 0.060805
v -0.007454 0.190933 0.064557
v 0.007454 0.190933 0.064557
v 0.022274 0.190933 0.060805
v 0.036139 0.190933 0.053519
v 0.047874 0.190933 0.043123
v 0.056780 0.190933 0.030221
v 0.062339 0.190933 0.015563
v 0.064228 0.190933 -0.000000
v 0.062339 0.190933 -0.015563
v 0.056780 0.190933 -0.030222
v 0.047874 0.190933 -0.043124
v 0.036139 0.190933 -0.053520
v -0.012208 0.079907 -0.100542
v 0.012208 0.079907 -0.100542
v -0.035914 0.079907 -0.094699
v 0.003131 0.300523 -0.025804
v -0.057534 0.079907 -0.083352
v -0.034964 0.128511 -0.092192
v -0.075809 0.079907 -0.067161
v -0.056011 0.128511 -0.081146
v -0.089679 0.079907 -0.047067
v -0.073803 0.128511 -0.065384
v -0.098337 0.079907 -0.024238
v -0.087305 0.128511 -0.045822
v -0.101280 0.079907 -0.000000
v -0.095734 0.128511 -0.023597
v -0.098337 0.079907 0.024238
v -0.098599 0.128511 -0.000000
v -0.089679 0.079907 0.047067
v -0.095734 0.128511 0.023596
v -0.075809 0.079907 0.067161
v -0.087305 0.128511 0.045821
v -0.057534 0.079907 0.083351
v -0.073803 0.128511 0.065383
v -0.035914 0.079907 0.094698
v -0.056011 0.128511 0.081145
v -0.012208 0.079907 0.100541
v -0.034964 0.128511 0.092192
v 0.012208 0.079907 0.100541
v -0.011885 0.128511 0.097880
v 0.035914 0.079907 0.094698
v 0.011885 0.128511 0.097880
v 0.057534 0.079907 0.083351
v 0.034964 0.128511 0.092192
v 0.075809 0.079907 0.067161
v 0.056011 0.128511 0.081145
v 0.089679 0.079907 0.047067
v 0.073803 0.128511 0.065383
v 0.098337 0.079907 0.024238
v 0.087305 0.128511 0.045821
v 0.101280 0.079907 -0.000000
v 0.095734 0.128511 0.023596
v 0.098337 0.079907 -0.024238
v 0.098599 0.128511 -0.000000
v 0.089679 0.079907 -0.047067
v 0.095734 0.128511 -0.023597
v 0.075809 0.079907 -0.067161
v 0.087305 0.128511 -0.045822
v 0.057534 0.079907 -0.083352
v 0.073803 0.128511 -0.065384
v 0.035914 0.079907 -0.094699
v 0.056011 0.128511 -0.081146
v -0.011885 0.128511 -0.097881
v 0.034964 0.128511 -0.092192
v 0.010825 0.153152 -0.089232
v 0.007454 0.190933 -0.064557
v -0.003397 0.264116 -0.027981
v -0.029411 0.207061 -0.043147
v 0.024957 0.264116 -0.013099
v 0.038871 0.207061 -0.034766
v 0.027367 0.264116 -0.006746
v 0.027367 0.264116 0.006745
v 0.052056 0.207061 -0.000000
v 0.050533 0.207061 -0.012547
v 0.050533 0.207061 0.012546
v 0.016011 0.264116 0.023196
v 0.024957 0.264116 0.013098
v -0.003397 0.264116 0.027980
v 0.006142 0.207061 0.052045
v -0.009995 0.264116 0.026354
v -0.021097 0.264116 0.018690
v -0.029411 0.207061 0.043146
v -0.018228 0.207061 0.049020
v -0.038871 0.207061 0.034765
v -0.028186 0.264116 -0.000000
v -0.024957 0.264116 0.013098
v -0.021097 0.264116 -0.018691
v -0.046051 0.207061 -0.024364
v -0.016011 0.264116 -0.023197
v -0.009995 0.264116 -0.026354
v 0.006142 0.207061 -0.052045
v 0.009139 0.174388 -0.077108
v 0.031855 0.153152 -0.084047
v 0.027087 0.174388 -0.072627
v 0.051042 0.153152 -0.073976
v 0.043657 0.174388 -0.063925
v 0.067262 0.153152 -0.059607
v 0.057673 0.174388 -0.051508
v 0.079572 0.153152 -0.041773
v 0.068310 0.174388 -0.036097
v 0.087256 0.153152 -0.021512
v 0.074951 0.174388 -0.018589
v 0.089868 0.153152 -0.000000
v 0.077208 0.174388 -0.000000
v 0.087256 0.153152 0.021511
v 0.074951 0.174388 0.018588
v 0.079572 0.153152 0.041773
v 0.068310 0.174388 0.036097
v 0.067262 0.153152 0.059606
v 0.057673 0.174388 0.051507
v 0.051042 0.153152 0.073976
v 0.043657 0.174388 0.063924
v 0.031855 0.153152 0.084046
v 0.027087 0.174388 0.072627
v 0.010825 0.153152 0.089232
v 0.009139 0.174388 0.077108
v -0.010825 0.153152 0.089232
v -0.009139 0.174388 0.077108
v -0.031855 0.153152 0.084046
v -0.027087 0.174388 0.072627
v -0.051042 0.153152 0.073976
v -0.043657 0.174388 0.063924
v -0.067262 0.153152 0.059606
v -0.057673 0.174388 0.051507
v -0.079572 0.153152 0.041773
v -0.068310 0.174388 0.036097
v -0.087256 0.153152 0.021511
v -0.074951 0.174388 0.018588
v -0.089868 0.153152 -0.000000
v -0.077208 0.174388 -0.000000
v -0.087256 0.153152 -0.021512
v -0.074951 0.174388 -0.018589
v -0.079572 0.153152 -0.041773
v -0.068310 0.174388 -0.036097
v -0.067262 0.153152 -0.059607
v -0.057673 0.174388 -0.051508
v -0.051042 0.153152 -0.073976
v -0.043657 0.174388 -0.063925
v -0.031855 0.153152 -0.084047
v -0.027087 0.174388 -0.072627
v -0.010825 0.153152 -0.089232
v -0.009139 0.174388 -0.077108
v 0.022274 0.190933 -0.060806
v 0.003956 0.245436 -0.032579
v 0.004932 0.226095 -0.040679
v 0.011638 0.245436 -0.030686
v 0.014516 0.226095 -0.038315
v 0.018643 0.245436 -0.027009
v 0.023263 0.226095 -0.033724
v 0.024565 0.245436 -0.021763
v 0.030657 0.226095 -0.027173
v 0.029059 0.245436 -0.015252
v 0.036268 0.226095 -0.019043
v 0.031865 0.245436 -0.007854
v 0.039771 0.226095 -0.009807
v 0.032818 0.245436 -0.000000
v 0.040962 0.226095 -0.000000
v 0.031865 0.245436 0.007854
v 0.039771 0.226095 0.009806
v 0.029059 0.245436 0.015251
v 0.036268 0.226095 0.019043
v 0.024565 0.245436 0.021762
v 0.030657 0.226095 0.027173
v 0.018643 0.245436 0.027009
v 0.023263 0.226095 0.033723
v 0.011638 0.245436 0.030685
v 0.014516 0.226095 0.038314
v 0.003956 0.245436 0.032579
v 0.004932 0.226095 0.040678
v -0.003956 0.245436 0.032579
v -0.004932 0.226095 0.040678
v -0.011638 0.245436 0.030685
v -0.014516 0.226095 0.038314
v -0.018643 0.245436 0.027009
v -0.023263 0.226095 0.033723
v -0.024565 0.245436 0.021762
v -0.030657 0.226095 0.027173
v -0.029059 0.245436 0.015251
v -0.036268 0.226095 0.019043
v -0.031865 0.245436 0.007854
v -0.039771 0.226095 0.009806
v -0.032818 0.245436 -0.000000
v -0.040962 0.226095 -0.000000
v -0.031865 0.245436 -0.007854
v -0.039771 0.226095 -0.009807
v -0.029059 0.245436 -0.015252
v -0.036268 0.226095 -0.019043
v -0.024565 0.245436 -0.021763
v -0.030657 0.226095 -0.027173
v -0.018643 0.245436 -0.027009
v -0.023263 0.226095 -0.033724
v -0.011638 0.245436 -0.030686
v -0.014516 0.226095 -0.038315
v -0.003956 0.245436 -0.032579
v -0.004932 0.226095 -0.040679
v 0.003397 0.264116 -0.027981
v -0.011026 0.035155 -0.090807
v -0.009971 0.018728 -0.082118
v -0.032437 0.035155 -0.085530
v -0.029333 0.018728 -0.077345
v -0.051963 0.035155 -0.075282
v -0.046991 0.018728 -0.068078
v -0.068469 0.035155 -0.060659
v -0.061917 0.018728 -0.054854
v -0.080996 0.035155 -0.042510
v -0.073245 0.018728 -0.038442
v -0.088816 0.035155 -0.021891
v -0.080317 0.018728 -0.019797
v -0.091474 0.035155 -0.000000
v -0.082720 0.018728 -0.000000
v -0.088816 0.035155 0.021891
v -0.080317 0.018728 0.019796
v -0.080996 0.035155 0.042510
v -0.073245 0.018728 0.038442
v -0.068469 0.035155 0.060658
v -0.061917 0.018728 0.054854
v -0.051963 0.035155 0.075281
v -0.046991 0.018728 0.068077
v -0.032437 0.035155 0.085529
v -0.029333 0.018728 0.077345
v -0.011026 0.035155 0.090807
v -0.009971 0.018728 0.082117
v 0.011026 0.035155 0.090807
v 0.009971 0.018728 0.082117
v 0.032437 0.035155 0.085529
v 0.029333 0.018728 0.077345
v 0.051963 0.035155 0.075281
v 0.046991 0.018728 0.068077
v 0.068469 0.035155 0.060658
v 0.061917 0.018728 0.054854
v 0.080996 0.035155 0.042510
v 0.073245 0.018728 0.038442
v 0.088816 0.035155 0.021891
v 0.080317 0.018728 0.019796
v 0.091474 0.035155 -0.000000
v 0.082720 0.018728 -0.000000
v 0.088816 0.035155 -0.021891
v 0.080317 0.018728 -0.019797
v 0.080996 0.035155 -0.042510
v 0.073245 0.018728 -0.038442
v 0.068469 0.035155 -0.060659
v 0.061917 0.018728 -0.054854
v 0.051963 0.035155 -0.075282
v 0.046991 0.018728 -0.068078
v 0.032437 0.035155 -0.085530
v 0.029333 0.018728 -0.077345
v 0.011026 0.035155 -0.090807
v 0.009971 0.018728 -0.082118
v 0.056991 0.001209 -0.014047
v -0.012260 0.103305 -0.100973
v -0.036068 0.103305 -0.095105
v -0.057780 0.103305 -0.083709
v -0.076134 0.103305 -0.067449
v -0.090063 0.103305 -0.047269
v -0.098758 0.103305 -0.024342
v -0.101714 0.103305 -0.000000
v -0.098758 0.103305 0.024341
v -0.090063 0.103305 0.047269
v -0.076134 0.103305 0.067449
v -0.057780 0.103305 0.083709
v -0.036068 0.103305 0.095104
v -0.012260 0.103305 0.100972
v 0.012260 0.103305 0.100972
v 0.036068 0.103305 0.095104
v 0.057780 0.103305 0.083709
v 0.076134 0.103305 0.067449
v 0.090063 0.103305 0.047269
v 0.098758 0.103305 0.024341
v 0.101714 0.103305 -0.000000
v 0.098758 0.103305 -0.024342
v 0.090063 0.103305 -0.047269
v 0.076134 0.103305 -0.067449
v 0.057780 0.103305 -0.083709
v 0.036068 0.103305 -0.095105
v 0.012260 0.103305 -0.100973
v 0.011885 0.128511 -0.097881
v 0.009210 0.300522 -0.024301
v 0.014754 0.300520 -0.021384
v 0.019441 0.300519 -0.017226
v 0.022998 0.300519 -0.012071
v 0.025218 0.300519 -0.006216
v 0.025973 0.300519 -0.000000
v 0.025218 0.300519 0.006215
v 0.022998 0.300519 0.012070
v 0.019441 0.300519 0.017223
v 0.014754 0.300519 0.021375
v 0.009210 0.300519 0.024285
v 0.003131 0.300519 0.025783
v -0.003131 0.300519 0.025783
v -0.009210 0.300519 0.024285
v -0.014754 0.300519 0.021375
v -0.019441 0.300519 0.017223
v -0.022998 0.300519 0.012070
v -0.025218 0.300519 0.006215
v -0.025973 0.300519 -0.000000
v -0.025218 0.300519 -0.006216
v -0.022998 0.300519 -0.012071
v -0.019441 0.300519 -0.017226
v -0.014754 0.300520 -0.021384
v -0.009210 0.300522 -0.024301
v -0.003131 0.300523 -0.025804
v 0.008219 0.002998 -0.067693
v 0.024181 0.002998 -0.063759
v 0.038736 0.002998 -0.056120
v 0.051041 0.002998 -0.045219
v 0.060379 0.002998 -0.031690
v 0.066209 0.002998 -0.016319
v 0.068190 0.002998 -0.000000
v 0.066209 0.002998 0.016319
v 0.060379 0.002998 0.031689
v 0.051041 0.002998 0.045218
v 0.038736 0.002998 0.056119
v 0.024181 0.002998 0.063759
v 0.008219 0.002998 0.067693
v -0.008219 0.002998 0.067693
v -0.024181 0.002998 0.063759
v -0.038736 0.002998 0.056119
v -0.051041 0.002998 0.045218
v -0.060379 0.002998 0.031689
v -0.066209 0.002998 0.016319
v -0.068190 0.002998 -0.000000
v -0.066209 0.002998 -0.016319
v -0.060379 0.002998 -0.031690
v -0.051041 0.002998 -0.045219
v -0.038736 0.002998 -0.056120
v -0.024181 0.002998 -0.063759
v -0.008219 0.002998 -0.067693
v 0.009025 0.007908 -0.074329
v 0.033343 0.001209 0.048306
v -0.033343 0.001209 0.048306
v -0.056991 0.001209 -0.014047
v 0.043935 0.001209 -0.038923
v 0.051973 0.001209 0.027277
v -0.007075 0.001209 0.058268
v -0.056991 0.001209 0.014047
v -0.033343 0.001209 -0.048306
v 0.020814 0.001209 -0.054882
v 0.058696 0.001209 -0.000000
v 0.020814 0.001209 0.054882
v -0.043935 0.001209 0.038923
v -0.051973 0.001209 -0.027278
v 0.051973 0.001209 -0.027278
v 0.043935 0.001209 0.038923
v -0.020814 0.001209 0.054882
v -0.058696 0.001209 -0.000000
v -0.020814 0.001209 -0.054882
v 0.033343 0.001209 -0.048306
v 0.056991 0.001209 0.014047
v 0.007075 0.001209 0.058268
v -0.051973 0.001209 0.027277
v -0.043935 0.001209 -0.038923
v -0.007075 0.001209 -0.058269
v 0.007075 0.001209 -0.058269
v -0.039794 0.003516 0.009808
v 0.014533 0.003516 0.038321
v 0.023282 0.003516 0.033730
v 0.030678 0.003516 -0.027178
v 0.023282 0.003516 -0.033730
v -0.004940 0.003516 -0.040686
v -0.014533 0.003516 -0.038322
v -0.036290 0.003516 0.019046
v -0.030678 0.003516 0.027178
v 0.030678 0.003516 0.027178
v 0.036290 0.003516 0.019046
v 0.014533 0.003516 -0.038322
v -0.023282 0.003516 -0.033730
v -0.030678 0.003516 -0.027178
v -0.023282 0.003516 0.033730
v -0.014533 0.003516 0.038321
v 0.039794 0.003516 0.009808
v 0.040985 0.003516 -0.000000
v 0.004940 0.003516 -0.040686
v -0.036290 0.003516 -0.019047
v -0.039794 0.003516 -0.009809
v -0.004940 0.003516 0.040686
v 0.004940 0.003516 0.040686
v 0.039794 0.003516 -0.009809
v 0.036290 0.003516 -0.019047
v -0.004436 0.367811 -0.033742
v -0.012524 0.367715 -0.031321
v -0.019367 0.367309 -0.027043
v -0.025144 0.366603 -0.021401
v -0.029539 0.365765 -0.014837
v -0.032282 0.365024 -0.007581
v -0.033217 0.364706 0.000083
v -0.032284 0.364992 0.007726
v -0.029498 0.365820 0.014947
v -0.025026 0.367082 0.021838
v -0.019231 0.367595 0.027972
v -0.012457 0.366751 0.032715
v -0.004429 0.365799 0.035492
v 0.004429 0.365799 0.035492
v 0.012457 0.366751 0.032715
v 0.019231 0.367595 0.027972
v 0.025026 0.367082 0.021838
v 0.029498 0.365820 0.014947
v 0.032284 0.364992 0.007726
v 0.033217 0.364706 0.000083
v 0.032282 0.365024 -0.007581
v 0.029539 0.365766 -0.014837
v 0.025144 0.366603 -0.021401
v 0.019367 0.367309 -0.027043
v 0.012524 0.367715 -0.031321
v 0.004436 0.367811 -0.033742
v 0.005530 0.401050 -0.049576
v 0.016300 0.400867 -0.045463
v 0.026302 0.399925 -0.038890
v 0.035600 0.397569 -0.031268
v 0.043073 0.394357 -0.022807
v 0.047579 0.392094 -0.011958
v 0.049207 0.391275 -0.000394
v 0.047618 0.391603 0.009681
v 0.040773 0.394530 0.019564
v 0.028750 0.398805 0.031501
v 0.017612 0.399724 0.044214
v 0.010511 0.396730 0.054208
v 0.003860 0.393379 0.059597
v -0.003860 0.393379 0.059597
v -0.010511 0.396730 0.054208
v -0.017612 0.399724 0.044214
v -0.028750 0.398805 0.031501
v -0.040773 0.394530 0.019564
v -0.047618 0.391603 0.009681
v -0.049207 0.391275 -0.000394
v -0.047579 0.392094 -0.011958
v -0.043073 0.394357 -0.022807
v -0.035600 0.397569 -0.031268
v -0.026302 0.399925 -0.038890
v -0.016300 0.400867 -0.045463
v -0.005530 0.401050 -0.049576
v -0.008561 0.011853 -0.070504
v -0.016731 0.203964 -0.044117
v -0.035317 0.203964 -0.031288
v -0.022078 0.263115 -0.005442
v -0.020134 0.263115 -0.010568
v -0.022078 0.263115 0.005441
v -0.045812 0.203964 -0.011292
v -0.045812 0.203964 0.011291
v -0.047183 0.203964 -0.000000
v -0.041779 0.203964 0.021927
v -0.012917 0.263115 0.018713
v -0.005687 0.203964 0.046839
v 0.008063 0.263115 0.021260
v 0.002741 0.263115 0.022572
v 0.017020 0.263115 0.015078
v 0.016731 0.203964 0.044117
v 0.035317 0.203964 0.031288
v 0.026803 0.203964 0.038831
v 0.041779 0.203964 0.021927
v 0.022738 0.263115 -0.000000
v 0.041779 0.203964 -0.021927
v 0.012917 0.263116 -0.018714
v 0.017020 0.263115 -0.015079
v 0.008063 0.263116 -0.021261
v 0.026803 0.203964 -0.038831
v 0.016731 0.203964 -0.044117
v -0.005687 0.203964 -0.046839
v 0.062886 0.011853 -0.033006
v 0.068958 0.011853 -0.016997
v 0.071021 0.011853 -0.000000
v 0.068958 0.011853 0.016996
v 0.062886 0.011853 0.033005
v 0.053160 0.011853 0.047096
v 0.040345 0.011853 0.058449
v 0.025185 0.011853 0.066406
v 0.008561 0.011853 0.070503
v -0.008561 0.011853 0.070503
v -0.025185 0.011853 0.066406
v -0.040345 0.011853 0.058449
v -0.053160 0.011853 0.047096
v -0.062886 0.011853 0.033005
v -0.068958 0.011853 0.016996
v -0.071021 0.011853 -0.000000
v -0.068958 0.011853 -0.016997
v -0.062886 0.011853 -0.033006
v -0.053160 0.011853 -0.047096
v -0.040345 0.011853 -0.058450
v -0.025185 0.011853 -0.066406
v -0.046482 0.008064 -0.000000
v 0.025185 0.011853 -0.066406
v 0.032776 0.057864 -0.086422
v -0.011141 0.057864 -0.091755
v -0.032776 0.057864 -0.086422
v -0.052505 0.057864 -0.076067
v -0.069184 0.057864 -0.061292
v -0.081841 0.057864 -0.042954
v -0.089743 0.057864 -0.022120
v -0.092428 0.057864 -0.000000
v -0.089743 0.057865 0.022119
v -0.081841 0.057865 0.042953
v -0.069184 0.057865 0.061291
v -0.052505 0.057865 0.076067
v -0.032776 0.057865 0.086422
v -0.011141 0.057865 0.091754
v 0.011141 0.057865 0.091754
v 0.032776 0.057865 0.086422
v 0.052505 0.057865 0.076067
v 0.069184 0.057865 0.061291
v 0.081841 0.057865 0.042953
v 0.089743 0.057865 0.022119
v 0.092428 0.057864 -0.000000
v 0.089743 0.057864 -0.022120
v 0.081841 0.057864 -0.042954
v 0.069184 0.057864 -0.061292
v 0.052505 0.057864 -0.076067
v 0.011141 0.057864 -0.091755
v 0.040345 0.011853 -0.058450
v -0.002683 0.342630 -0.022376
v -0.007873 0.342628 -0.021012
v -0.012601 0.342613 -0.018390
v -0.016615 0.342607 -0.014710
v -0.019661 0.342618 -0.010244
v -0.021555 0.342634 -0.005255
v -0.022196 0.342643 0.000004
v -0.021557 0.342634 0.005254
v -0.019658 0.342621 0.010237
v -0.016575 0.342653 0.014707
v -0.012478 0.342729 0.018370
v -0.007699 0.342823 0.020937
v -0.002596 0.342903 0.022237
v 0.002596 0.342903 0.022237
v 0.007699 0.342822 0.020937
v 0.012478 0.342729 0.018370
v 0.016575 0.342653 0.014707
v 0.019658 0.342621 0.010237
v 0.021557 0.342634 0.005254
v 0.022196 0.342643 0.000004
v 0.021555 0.342634 -0.005255
v 0.019661 0.342618 -0.010244
v 0.016615 0.342607 -0.014710
v 0.012601 0.342613 -0.018390
v 0.007873 0.342628 -0.021012
v 0.002683 0.342630 -0.022376
v 0.053160 0.011853 -0.047096
v -0.007148 0.187485 -0.058867
v -0.021028 0.187485 -0.055445
v -0.033685 0.187485 -0.048802
v -0.044386 0.187485 -0.039323
v -0.052506 0.187485 -0.027558
v -0.057576 0.187485 -0.014191
v -0.059299 0.187485 -0.000000
v -0.057576 0.187485 0.014191
v -0.052506 0.187485 0.027557
v -0.044386 0.187485 0.039322
v -0.033685 0.187485 0.048801
v -0.021028 0.187485 0.055445
v -0.007148 0.187485 0.058866
v 0.007148 0.187485 0.058866
v 0.021028 0.187485 0.055445
v 0.033685 0.187485 0.048801
v 0.044386 0.187485 0.039322
v 0.052506 0.187485 0.027557
v 0.057576 0.187485 0.014191
v 0.059299 0.187485 -0.000000
v 0.057576 0.187485 -0.014191
v 0.052506 0.187485 -0.027558
v 0.044386 0.187485 -0.039323
v 0.033685 0.187485 -0.048802
v -0.011542 0.080370 -0.095057
v 0.011542 0.080370 -0.095057
v -0.033955 0.080370 -0.089533
v 0.002461 0.300422 -0.020312
v -0.054395 0.080370 -0.078805
v -0.033059 0.127243 -0.087170
v -0.071674 0.080370 -0.063498
v -0.052959 0.127243 -0.076725
v -0.084787 0.080370 -0.044500
v -0.069782 0.127243 -0.061822
v -0.092973 0.080370 -0.022916
v -0.082549 0.127243 -0.043325
v -0.095755 0.080370 -0.000000
v -0.090519 0.127243 -0.022311
v -0.092973 0.080370 0.022916
v -0.093228 0.127243 -0.000000
v -0.084787 0.080370 0.044499
v -0.090519 0.127243 0.022311
v -0.071674 0.080370 0.063497
v -0.082549 0.127243 0.043325
v -0.054395 0.080370 0.078805
v -0.069782 0.127243 0.061821
v -0.033955 0.080370 0.089533
v -0.052959 0.127243 0.076725
v -0.011542 0.080370 0.095057
v -0.033059 0.127243 0.087169
v 0.011542 0.080370 0.095057
v -0.011237 0.127243 0.092548
v 0.033955 0.080370 0.089533
v 0.011237 0.127243 0.092548
v 0.054395 0.080370 0.078805
v 0.033059 0.127243 0.087169
v 0.071674 0.080370 0.063497
v 0.052959 0.127243 0.076725
v 0.084787 0.080370 0.044499
v 0.069782 0.127243 0.061821
v 0.092973 0.080370 0.022916
v 0.082549 0.127243 0.043325
v 0.095755 0.080370 -0.000000
v 0.090519 0.127243 0.022311
v 0.092973 0.080370 -0.022916
v 0.093228 0.127243 -0.000000
v 0.084787 0.080370 -0.044500
v 0.090519 0.127243 -0.022311
v 0.071674 0.080370 -0.063498
v 0.082549 0.127243 -0.043325
v 0.054395 0.080370 -0.078805
v 0.069782 0.127243 -0.061822
v 0.033955 0.080370 -0.089533
v 0.052959 0.127243 -0.076725
v -0.011237 0.127243 -0.092548
v 0.033059 0.127243 -0.087170
v 0.010232 0.150741 -0.084266
v 0.007148 0.187485 -0.058867
v -0.002741 0.263116 -0.022573
v -0.026803 0.203964 -0.038831
v 0.020134 0.263115 -0.010568
v 0.035317 0.203964 -0.031288
v 0.022078 0.263115 -0.005442
v 0.022078 0.263115 0.005441
v 0.047183 0.203964 -0.000000
v 0.045812 0.203964 -0.011292
v 0.045812 0.203964 0.011291
v 0.012917 0.263115 0.018713
v 0.020134 0.263115 0.010567
v -0.002741 0.263115 0.022572
v 0.005687 0.203964 0.046839
v -0.008063 0.263115 0.021260
v -0.017020 0.263115 0.015078
v -0.026803 0.203964 0.038831
v -0.016731 0.203964 0.044117
v -0.035317 0.203964 0.031288
v -0.022738 0.263115 -0.000000
v -0.020134 0.263115 0.010567
v -0.017020 0.263115 -0.015079
v -0.041779 0.203964 -0.021927
v -0.012917 0.263116 -0.018714
v -0.008063 0.263116 -0.021261
v 0.005687 0.203964 -0.046839
v 0.008724 0.171137 -0.071849
v 0.030101 0.150741 -0.079369
v 0.025665 0.171137 -0.067674
v 0.048220 0.150741 -0.069859
v 0.041115 0.171137 -0.059565
v 0.063537 0.150741 -0.056289
v 0.054175 0.171137 -0.047995
v 0.075162 0.150741 -0.039448
v 0.064086 0.171137 -0.033635
v 0.082418 0.150741 -0.020315
v 0.070274 0.171137 -0.017321
v 0.084885 0.150741 -0.000000
v 0.072377 0.171137 -0.000000
v 0.082418 0.150741 0.020314
v 0.070274 0.171137 0.017321
v 0.075162 0.150741 0.039448
v 0.064086 0.171137 0.033635
v 0.063537 0.150741 0.056289
v 0.054175 0.171137 0.047994
v 0.048220 0.150741 0.069858
v 0.041115 0.171137 0.059565
v 0.030101 0.150741 0.079368
v 0.025665 0.171137 0.067673
v 0.010232 0.150741 0.084266
v 0.008724 0.171137 0.071849
v -0.010232 0.150741 0.084266
v -0.008724 0.171137 0.071849
v -0.030101 0.150741 0.079368
v -0.025665 0.171137 0.067673
v -0.048220 0.150741 0.069858
v -0.041115 0.171137 0.059565
v -0.063537 0.150741 0.056289
v -0.054175 0.171137 0.047994
v -0.075162 0.150741 0.039448
v -0.064086 0.171137 0.033635
v -0.082418 0.150741 0.020314
v -0.070274 0.171137 0.017321
v -0.084885 0.150741 -0.000000
v -0.072377 0.171137 -0.000000
v -0.082418 0.150741 -0.020315
v -0.070274 0.171137 -0.017321
v -0.075162 0.150741 -0.039448
v -0.064086 0.171137 -0.033635
v -0.063537 0.150741 -0.056289
v -0.054175 0.171137 -0.047995
v -0.048220 0.150741 -0.069859
v -0.041115 0.171137 -0.059565
v -0.030101 0.150741 -0.079369
v -0.025665 0.171137 -0.067674
v -0.010232 0.150741 -0.084266
v -0.008724 0.171137 -0.071849
v 0.021028 0.187485 -0.055445
v 0.003323 0.243653 -0.027367
v 0.004338 0.223604 -0.035728
v 0.009776 0.243653 -0.025777
v 0.012762 0.223604 -0.033652
v 0.015660 0.243653 -0.022688
v 0.020445 0.223604 -0.029620
v 0.020635 0.243653 -0.018281
v 0.026939 0.223604 -0.023866
v 0.024410 0.243653 -0.012812
v 0.031868 0.223604 -0.016726
v 0.026767 0.243653 -0.006598
v 0.034944 0.223604 -0.008613
v 0.027568 0.243653 -0.000000
v 0.035990 0.223604 -0.000000
v 0.026767 0.243653 0.006597
v 0.034944 0.223604 0.008613
v 0.024410 0.243653 0.012811
v 0.031868 0.223604 0.016725
v 0.020635 0.243653 0.018280
v 0.026939 0.223604 0.023866
v 0.015660 0.243653 0.022687
v 0.020445 0.223604 0.029619
v 0.009776 0.243653 0.025776
v 0.012762 0.223604 0.033651
v 0.003323 0.243653 0.027366
v 0.004338 0.223604 0.035727
v -0.003323 0.243653 0.027366
v -0.004338 0.223604 0.035727
v -0.009776 0.243653 0.025776
v -0.012762 0.223604 0.033651
v -0.015660 0.243653 0.022687
v -0.020445 0.223604 0.029619
v -0.020635 0.243653 0.018280
v -0.026939 0.223604 0.023866
v -0.024410 0.243653 0.012811
v -0.031868 0.223604 0.016725
v -0.026767 0.243653 0.006597
v -0.034944 0.223604 0.008613
v -0.027568 0.243653 -0.000000
v -0.035990 0.223604 -0.000000
v -0.026767 0.243653 -0.006598
v -0.034944 0.223604 -0.008613
v -0.024410 0.243653 -0.012812
v -0.031868 0.223604 -0.016726
v -0.020635 0.243653 -0.018281
v -0.026939 0.223604 -0.023866
v -0.015660 0.243653 -0.022688
v -0.020445 0.223604 -0.029620
v -0.009776 0.243653 -0.025777
v -0.012762 0.223604 -0.033652
v -0.003323 0.243653 -0.027367
v -0.004338 0.223604 -0.035728
v 0.002741 0.263116 -0.022573
v -0.010413 0.037329 -0.085756
v -0.009412 0.021773 -0.077516
v -0.030633 0.037329 -0.080772
v -0.027689 0.021773 -0.073011
v -0.049073 0.037329 -0.071094
v -0.044357 0.021773 -0.064263
v -0.064661 0.037329 -0.057285
v -0.058447 0.021773 -0.051780
v -0.076491 0.037329 -0.040146
v -0.069141 0.021773 -0.036288
v -0.083875 0.037329 -0.020674
v -0.075816 0.021773 -0.018687
v -0.086386 0.037329 -0.000000
v -0.078085 0.021773 -0.000000
v -0.083875 0.037329 0.020673
v -0.075816 0.021773 0.018687
v -0.076491 0.037329 0.040145
v -0.069141 0.021773 0.036288
v -0.064661 0.037329 0.057284
v -0.058447 0.021773 0.051779
v -0.049073 0.037329 0.071094
v -0.044357 0.021773 0.064262
v -0.030633 0.037329 0.080772
v -0.027689 0.021773 0.073010
v -0.010413 0.037329 0.085755
v -0.009412 0.021773 0.077515
v 0.010413 0.037329 0.085755
v 0.009412 0.021773 0.077515
v 0.030633 0.037329 0.080772
v 0.027689 0.021773 0.073010
v 0.049073 0.037329 0.071094
v 0.044357 0.021773 0.064262
v 0.064661 0.037329 0.057284
v 0.058447 0.021773 0.051779
v 0.076491 0.037329 0.040145
v 0.069141 0.021773 0.036288
v 0.083875 0.037329 0.020673
v 0.075816 0.021773 0.018687
v 0.086386 0.037329 -0.000000
v 0.078085 0.021773 -0.000000
v 0.083875 0.037329 -0.020674
v 0.075816 0.021773 -0.018687
v 0.076491 0.037329 -0.040146
v 0.069141 0.021773 -0.036288
v 0.064661 0.037329 -0.057285
v 0.058447 0.021773 -0.051780
v 0.049073 0.037329 -0.071094
v 0.044357 0.021773 -0.064263
v 0.030633 0.037329 -0.080772
v 0.027689 0.021773 -0.073011
v 0.010413 0.037329 -0.085756
v 0.009412 0.021773 -0.077516
v 0.056417 0.006755 -0.013906
v -0.011594 0.103029 -0.095483
v -0.034107 0.103029 -0.089934
v -0.054639 0.103029 -0.079158
v -0.071995 0.103029 -0.063782
v -0.085167 0.103029 -0.044699
v -0.093389 0.103029 -0.023019
v -0.096184 0.103029 -0.000000
v -0.093389 0.103029 0.023018
v -0.085167 0.103029 0.044699
v -0.071995 0.103029 0.063782
v -0.054639 0.103029 0.079158
v -0.034107 0.103029 0.089933
v -0.011594 0.103029 0.095483
v 0.011594 0.103029 0.095483
v 0.034107 0.103029 0.089933
v 0.054639 0.103029 0.079158
v 0.071995 0.103029 0.063782
v 0.085167 0.103029 0.044699
v 0.093389 0.103029 0.023018
v 0.096184 0.103029 -0.000000
v 0.093389 0.103029 -0.023019
v 0.085167 0.103029 -0.044699
v 0.071995 0.103029 -0.063782
v 0.054639 0.103029 -0.079158
v 0.034107 0.103029 -0.089934
v 0.011594 0.103029 -0.095483
v 0.011237 0.127243 -0.092548
v 0.007243 0.300420 -0.019131
v 0.011607 0.300417 -0.016836
v 0.015299 0.300415 -0.013562
v 0.018102 0.300416 -0.009501
v 0.019850 0.300417 -0.004892
v 0.020445 0.300418 -0.000000
v 0.019851 0.300418 0.004891
v 0.018103 0.300416 0.009499
v 0.015301 0.300415 0.013557
v 0.011609 0.300418 0.016828
v 0.007243 0.300423 0.019120
v 0.002461 0.300428 0.020299
v -0.002461 0.300428 0.020299
v -0.007243 0.300423 0.019120
v -0.011609 0.300418 0.016828
v -0.015301 0.300415 0.013557
v -0.018103 0.300416 0.009499
v -0.019851 0.300418 0.004891
v -0.020445 0.300418 -0.000000
v -0.019850 0.300417 -0.004892
v -0.018102 0.300416 -0.009501
v -0.015299 0.300415 -0.013562
v -0.011607 0.300417 -0.016836
v -0.007243 0.300420 -0.019131
v -0.002461 0.300422 -0.020312
v 0.007944 0.007947 -0.065421
v 0.023369 0.007947 -0.061619
v 0.037436 0.007947 -0.054236
v 0.049328 0.007947 -0.043701
v 0.058353 0.007947 -0.030626
v 0.063986 0.007947 -0.015771
v 0.065901 0.007947 -0.000000
v 0.063986 0.007947 0.015771
v 0.058353 0.007947 0.030626
v 0.049328 0.007947 0.043700
v 0.037436 0.007947 0.054235
v 0.023369 0.007947 0.061618
v 0.007944 0.007947 0.065420
v -0.007944 0.007947 0.065420
v -0.023369 0.007947 0.061618
v -0.037436 0.007947 0.054235
v -0.049328 0.007947 0.043700
v -0.058353 0.007947 0.030626
v -0.063986 0.007947 0.015771
v -0.065901 0.007947 -0.000000
v -0.063986 0.007947 -0.015771
v -0.058353 0.007947 -0.030626
v -0.049328 0.007947 -0.043701
v -0.037436 0.007947 -0.054236
v -0.023369 0.007947 -0.061619
v -0.007944 0.007947 -0.065421
v 0.008561 0.011853 -0.070504
v 0.033008 0.006755 0.047820
v -0.033008 0.006755 0.047820
v -0.056417 0.006755 -0.013906
v 0.043493 0.006755 -0.038531
v 0.051450 0.006755 0.027003
v -0.007004 0.006755 0.057682
v -0.056417 0.006755 0.013905
v -0.033008 0.006755 -0.047820
v 0.020604 0.006755 -0.054330
v 0.058105 0.006755 -0.000000
v 0.020604 0.006755 0.054329
v -0.043493 0.006755 0.038531
v -0.051450 0.006755 -0.027003
v 0.051450 0.006755 -0.027003
v 0.043493 0.006755 0.038531
v -0.020604 0.006755 0.054329
v -0.058105 0.006755 -0.000000
v -0.020604 0.006755 -0.054330
v 0.033008 0.006755 -0.047820
v 0.056417 0.006755 0.013905
v 0.007004 0.006755 0.057682
v -0.051450 0.006755 0.027003
v -0.043493 0.006755 -0.038531
v -0.007004 0.006755 -0.057682
v 0.007004 0.006755 -0.057682
v -0.045131 0.008064 0.011123
v 0.016483 0.008064 0.043461
v 0.026404 0.008064 0.038253
v 0.034792 0.008064 -0.030823
v 0.026404 0.008064 -0.038254
v -0.005603 0.008064 -0.046143
v -0.016483 0.008064 -0.043461
v -0.041157 0.008064 0.021601
v -0.034792 0.008064 0.030823
v 0.034792 0.008064 0.030823
v 0.041157 0.008064 0.021601
v 0.016483 0.008064 -0.043461
v -0.026404 0.008064 -0.038254
v -0.034792 0.008064 -0.030823
v -0.026404 0.008064 0.038253
v -0.016483 0.008064 0.043461
v 0.045131 0.008064 0.011123
v 0.046482 0.008064 -0.000000
v 0.005603 0.008064 -0.046143
v -0.041157 0.008064 -0.021601
v -0.045131 0.008064 -0.011124
v -0.005603 0.008064 0.046142
v 0.005603 0.008064 0.046142
v 0.045131 0.008064 -0.011124
v 0.041157 0.008064 -0.021601
v -0.003800 0.369645 -0.028518
v -0.010698 0.369589 -0.026468
v -0.016552 0.369264 -0.022797
v -0.021547 0.368702 -0.017912
v -0.025323 0.368043 -0.012278
v -0.027628 0.367445 -0.006193
v -0.028395 0.367171 0.000064
v -0.027627 0.367334 0.006213
v -0.025235 0.367906 0.012186
v -0.021172 0.368992 0.018328
v -0.015760 0.369538 0.024103
v -0.009761 0.369039 0.028560
v -0.003368 0.368557 0.031050
v 0.003368 0.368557 0.031050
v 0.009761 0.369039 0.028560
v 0.015760 0.369538 0.024103
v 0.021172 0.368992 0.018328
v 0.025235 0.367906 0.012186
v 0.027627 0.367334 0.006213
v 0.028395 0.367171 0.000064
v 0.027628 0.367445 -0.006193
v 0.025323 0.368043 -0.012278
v 0.021547 0.368702 -0.017912
v 0.016552 0.369264 -0.022797
v 0.010698 0.369589 -0.026468
v 0.003800 0.369645 -0.028518
v 0.005822 0.400424 -0.052669
v 0.017175 0.400235 -0.048375
v 0.027672 0.399272 -0.041513
v 0.037383 0.396772 -0.033553
v 0.045240 0.393282 -0.024607
v 0.050045 0.390782 -0.012985
v 0.051816 0.389910 -0.000396
v 0.050117 0.390471 0.010784
v 0.042926 0.393905 0.021543
v 0.030614 0.398615 0.033887
v 0.019454 0.399640 0.046708
v 0.012158 0.396256 0.056839
v 0.004562 0.392281 0.062430
v -0.004562 0.392281 0.062430
v -0.012158 0.396256 0.056839
v -0.019454 0.399640 0.046708
v -0.030614 0.398615 0.033887
v -0.042926 0.393905 0.021543
v -0.050117 0.390471 0.010784
v -0.051816 0.389910 -0.000396
v -0.050045 0.390782 -0.012985
v -0.045240 0.393282 -0.024607
v -0.037383 0.396772 -0.033553
v -0.027672 0.399272 -0.041513
v -0.017175 0.400235 -0.048375
v -0.005822 0.400424 -0.052669
v -0.005610 0.387605 -0.044817
v -0.015931 0.387462 -0.041243
v -0.024781 0.386640 -0.035404
v -0.032592 0.384768 -0.028352
v -0.038764 0.382293 -0.020359
v -0.042601 0.380372 -0.010611
v -0.043983 0.379642 -0.000073
v -0.042649 0.380220 0.009829
v -0.037769 0.382719 0.019198
v -0.029742 0.386282 0.029058
v -0.021496 0.387342 0.038740
v -0.014157 0.384818 0.046542
v -0.005269 0.381824 0.051156
v 0.005269 0.381824 0.051156
v 0.014157 0.384818 0.046542
v 0.021496 0.387342 0.038740
v 0.029742 0.386282 0.029058
v 0.037769 0.382719 0.019198
v 0.042649 0.380220 0.009829
v 0.043983 0.379642 -0.000073
v 0.042601 0.380372 -0.010611
v 0.038764 0.382293 -0.020359
v 0.032592 0.384768 -0.028352
v 0.024781 0.386640 -0.035404
v 0.015931 0.387462 -0.041243
v 0.005610 0.387605 -0.044817
v -0.005047 0.390737 -0.040243
v -0.014374 0.390596 -0.036967
v -0.022509 0.389820 -0.031580
v -0.029811 0.388126 -0.025050
v -0.035531 0.385924 -0.017775
v -0.038978 0.384234 -0.009140
v -0.040177 0.383554 -0.000122
v -0.038993 0.383857 0.008066
v -0.034370 0.385812 0.016120
v -0.026265 0.388928 0.025579
v -0.017742 0.389865 0.035464
v -0.010848 0.387842 0.043348
v -0.003891 0.385688 0.047754
v 0.003891 0.385688 0.047754
v 0.010848 0.387842 0.043348
v 0.017742 0.389865 0.035464
v 0.026265 0.388928 0.025579
v 0.034370 0.385812 0.016120
v 0.038993 0.383857 0.008066
v 0.040177 0.383554 -0.000122
v 0.038978 0.384234 -0.009140
v 0.035531 0.385924 -0.017775
v 0.029811 0.388126 -0.025050
v 0.022509 0.389820 -0.031580
v 0.014374 0.390596 -0.036967
v 0.005047 0.390737 -0.040243
v 0.040360 0.002593 -0.021183
v 0.044257 0.002593 -0.010909
v 0.005494 0.002593 0.045249
v -0.005494 0.002593 0.045249
v -0.044257 0.002593 -0.010909
v -0.040360 0.002593 -0.021183
v 0.005494 0.002593 -0.045249
v 0.045582 0.002593 -0.000000
v 0.044257 0.002593 0.010908
v -0.016163 0.002593 0.042619
v -0.025893 0.002593 0.037513
v -0.034118 0.002593 -0.030226
v -0.025893 0.002593 -0.037513
v 0.016163 0.002593 -0.042620
v 0.040360 0.002593 0.021183
v 0.034118 0.002593 0.030226
v -0.034118 0.002593 0.030226
v -0.040360 0.002593 0.021183
v -0.016163 0.002593 -0.042620
v -0.005494 0.002593 -0.045249
v 0.025893 0.002593 -0.037513
v 0.034118 0.002593 -0.030226
v 0.025893 0.002593 0.037513
v 0.016163 0.002593 0.042619
v -0.044257 0.002593 0.010908
v -0.045582 0.002593 -0.000000
v -0.050910 0.001549 -0.000000
v -0.049431 0.001549 0.012183
v 0.018053 0.001549 0.047602
v 0.028920 0.001549 0.041898
v 0.038107 0.001549 -0.033760
v 0.028920 0.001549 -0.041899
v -0.006137 0.001549 -0.050539
v -0.018053 0.001549 -0.047602
v -0.045079 0.001549 0.023659
v -0.038107 0.001549 0.033759
v 0.038107 0.001549 0.033759
v 0.045079 0.001549 0.023659
v 0.018053 0.001549 -0.047602
v -0.028920 0.001549 -0.041899
v -0.038107 0.001549 -0.033760
v -0.028920 0.001549 0.041898
v -0.018053 0.001549 0.047602
v 0.049431 0.001549 0.012183
v 0.050910 0.001549 -0.000000
v 0.006137 0.001549 -0.050539
v -0.045079 0.001549 -0.023659
v -0.049431 0.001549 -0.012184
v -0.006137 0.001549 0.050539
v 0.006137 0.001549 0.050539
v 0.049431 0.001549 -0.012184
v 0.045079 0.001549 -0.023659
v -0.009779 0.010188 0.025786
v -0.020643 0.010188 -0.018288
v 0.027578 0.010188 -0.000000
v -0.027578 0.010188 -0.000000
v -0.003324 0.010188 0.027377
v -0.024419 0.010188 -0.012817
v 0.026777 0.010188 -0.006600
v 0.003324 0.010188 0.027377
v -0.026777 0.010188 -0.006600
v 0.024419 0.010188 -0.012817
v 0.009779 0.010188 0.025786
v -0.026777 0.010188 0.006600
v 0.020643 0.010188 -0.018288
v 0.015666 0.010188 0.022696
v -0.024419 0.010188 0.012816
v 0.015666 0.010188 -0.022697
v -0.003324 0.010188 -0.027378
v 0.020643 0.010188 0.018288
v -0.020643 0.010188 0.018288
v 0.009779 0.010188 -0.025787
v -0.009779 0.010188 -0.025787
v 0.024419 0.010188 0.012816
v -0.015666 0.010188 0.022696
v 0.003324 0.010188 -0.027378
v -0.015666 0.010188 -0.022697
v 0.026777 0.010188 0.006600
v -0.019411 0.004382 0.028121
v 0.030256 0.004382 0.015879
v -0.012117 0.004382 -0.031949
v 0.012117 0.004382 -0.031949
v -0.025576 0.004382 0.022658
v -0.034170 0.004382 -0.000000
v 0.025576 0.004382 0.022658
v -0.004119 0.004382 -0.033921
v 0.019411 0.004382 -0.028121
v -0.030256 0.004382 0.015879
v 0.019411 0.004382 0.028121
v 0.025576 0.004382 -0.022659
v -0.033177 0.004382 0.008177
v 0.012117 0.004382 0.031949
v 0.030256 0.004382 -0.015880
v -0.033177 0.004382 -0.008178
v 0.004119 0.004382 0.033920
v 0.033177 0.004382 -0.008178
v -0.030256 0.004382 -0.015880
v -0.004119 0.004382 0.033920
v 0.034170 0.004382 -0.000000
v -0.025576 0.004382 -0.022659
v -0.012117 0.004382 0.031949
v 0.033177 0.004382 0.008177
v -0.019411 0.004382 -0.028121
v 0.004119 0.004382 -0.033921
v -0.011338 0.005229 -0.016426
v 0.007078 0.005229 -0.018662
v -0.011338 0.005229 0.016426
v 0.017673 0.005229 0.009275
v -0.007078 0.005229 -0.018662
v 0.011338 0.005229 -0.016426
v -0.014940 0.005229 0.013235
v 0.014940 0.005229 0.013235
v -0.002406 0.005229 -0.019814
v 0.014940 0.005229 -0.013236
v -0.017673 0.005229 0.009275
v 0.011338 0.005229 0.016426
v -0.019379 0.005229 0.004776
v 0.007078 0.005229 0.018662
v 0.017673 0.005229 -0.009276
v -0.019379 0.005229 -0.004777
v 0.002406 0.005229 0.019813
v 0.019379 0.005229 -0.004777
v -0.017673 0.005229 -0.009276
v -0.019959 0.005229 -0.000000
v -0.002406 0.005229 0.019813
v 0.019959 0.005229 -0.000000
v -0.014940 0.005229 -0.013236
v 0.002406 0.005229 -0.019814
v -0.007078 0.005229 0.018662
v 0.019379 0.005229 0.004776
vn 0.0120 -0.9988 0.0485
vn -0.0000 0.2381 -0.9712
vn 0.0232 -0.9988 0.0442
vn 0.3386 0.2549 -0.9058
vn 0.0331 -0.9988 0.0374
vn 0.5425 0.2669 -0.7965
vn 0.0411 -0.9988 0.0284
vn 0.6530 0.2513 -0.7144
vn 0.0467 -0.9988 0.0177
vn 0.7752 0.1932 -0.6014
vn 0.0496 -0.9988 0.0060
vn 0.9252 0.1158 -0.3614
vn 0.0496 -0.9988 -0.0060
vn 0.9881 0.0822 -0.1303
vn 0.0467 -0.9988 -0.0177
vn 0.9855 0.0961 0.1399
vn 0.0411 -0.9988 -0.0284
vn 0.8545 0.2259 0.4677
vn 0.0331 -0.9988 -0.0374
vn 0.7266 0.4148 0.5477
vn 0.0232 -0.9988 -0.0442
vn 0.6678 0.5213 0.5313
vn 0.0120 -0.9988 -0.0485
vn 0.6223 0.4673 0.6280
vn -0.0000 -0.9988 -0.0500
vn 0.4819 0.1615 0.8612
vn -0.0120 -0.9988 -0.0485
vn -0.0000 -0.0672 0.9977
vn -0.0232 -0.9988 -0.0442
vn -0.4818 0.1615 0.8612
vn -0.0331 -0.9988 -0.0374
vn -0.6223 0.4673 0.6280
vn -0.0411 -0.9988 -0.0284
vn -0.6678 0.5213 0.5313
vn -0.0467 -0.9988 -0.0177
vn -0.7266 0.4148 0.5477
vn -0.0496 -0.9988 -0.0060
vn -0.8545 0.2259 0.4677
vn -0.0496 -0.9988 0.0060
vn -0.9855 0.0961 0.1399
vn -0.0467 -0.9988 0.0177
vn -0.9881 0.0822 -0.1303
vn -0.0411 -0.9988 0.0284
vn -0.9252 0.1158 -0.3614
vn -0.0331 -0.9988 0.0374
vn -0.7752 0.1932 -0.6014
vn -0.0232 -0.9988 0.0442
vn -0.6530 0.2513 -0.7144
vn -0.0000 -0.9988 0.0500
vn -0.5425 0.2669 -0.7965
vn -0.0120 -0.9988 0.0485
vn -0.3386 0.2549 -0.9057
vn -0.0000 0.0665 -0.9978
vn 0.2390 0.0666 -0.9687
vn 0.4639 0.0667 -0.8834
vn 0.6618 0.0669 -0.7467
vn 0.8212 0.0670 -0.5667
vn 0.9329 0.0670 -0.3538
vn 0.9905 0.0670 -0.1203
vn 0.9905 0.0670 0.1203
vn 0.9329 0.0670 0.3538
vn 0.8211 0.0670 0.5668
vn 0.6616 0.0670 0.7468
vn 0.4637 0.0670 0.8835
vn 0.2388 0.0670 0.9688
vn -0.0000 0.0670 0.9978
vn -0.2388 0.0670 0.9688
vn -0.4637 0.0670 0.8835
vn -0.6616 0.0670 0.7468
vn -0.8211 0.0670 0.5668
vn -0.9329 0.0670 0.3538
vn -0.9905 0.0670 0.1203
vn -0.9905 0.0670 -0.1203
vn -0.9329 0.0670 -0.3538
vn -0.8212 0.0670 -0.5667
vn -0.6618 0.0669 -0.7467
vn -0.4639 0.0667 -0.8834
vn -0.2390 0.0666 -0.9687
vn -0.0000 -0.2266 -0.9740
vn 0.2628 -0.2243 -0.9384
vn 0.4897 -0.2176 -0.8443
vn 0.6645 -0.2138 -0.7161
vn 0.8020 -0.2200 -0.5554
vn 0.9057 -0.2321 -0.3548
vn 0.9626 -0.2416 -0.1223
vn 0.9624 -0.2426 0.1217
vn 0.9042 -0.2331 0.3578
vn 0.8012 -0.2206 0.5562
vn 0.6701 -0.2284 0.7063
vn 0.5093 -0.2616 0.8199
vn 0.2840 -0.3081 0.9080
vn -0.0000 -0.3279 0.9447
vn -0.2840 -0.3081 0.9080
vn -0.5093 -0.2616 0.8199
vn -0.6701 -0.2284 0.7063
vn -0.8012 -0.2206 0.5562
vn -0.9042 -0.2331 0.3578
vn -0.9624 -0.2426 0.1217
vn -0.9626 -0.2416 -0.1223
vn -0.9057 -0.2321 -0.3548
vn -0.8020 -0.2200 -0.5554
vn -0.6645 -0.2138 -0.7161
vn -0.4897 -0.2176 -0.8443
vn -0.2628 -0.2243 -0.9384
vn -0.1925 0.6137 -0.7657
vn -0.3683 0.6103 -0.7014
vn -0.5266 0.6076 -0.5946
vn -0.6549 0.6055 -0.4522
vn -0.7452 0.6039 -0.2827
vn -0.7918 0.6032 -0.0962
vn -0.7918 0.6032 0.0962
vn -0.7452 0.6039 0.2827
vn -0.6549 0.6055 0.4522
vn -0.5266 0.6076 0.5946
vn -0.3683 0.6103 0.7014
vn -0.1925 0.6137 0.7657
vn -0.0000 0.6162 0.7876
vn 0.1925 0.6137 0.7657
vn 0.3683 0.6103 0.7014
vn 0.5266 0.6076 0.5946
vn 0.6549 0.6055 0.4522
vn 0.7452 0.6039 0.2827
vn 0.7918 0.6032 0.0962
vn 0.7918 0.6032 -0.0962
vn 0.7452 0.6039 -0.2827
vn 0.6549 0.6055 -0.4522
vn 0.5266 0.6076 -0.5946
vn 0.3683 0.6103 -0.7014
vn 0.1925 0.6137 -0.7657
vn -0.0000 0.6162 -0.7876
vn -0.0000 0.3319 -0.9433
vn -0.0000 -0.1454 -0.9894
vn -0.0000 -0.0560 -0.9984
vn 0.2368 -0.1454 -0.9606
vn 0.2258 0.3320 -0.9159
vn -0.2459 -0.0543 -0.9678
vn 0.4598 -0.1454 -0.8760
vn 0.4384 0.3322 -0.8352
vn -0.4729 -0.0503 -0.8797
vn 0.6561 -0.1454 -0.7406
vn 0.6254 0.3323 -0.7060
vn -0.6678 -0.0464 -0.7429
vn 0.8142 -0.1454 -0.5620
vn 0.7762 0.3324 -0.5357
vn -0.8235 -0.0446 -0.5656
vn 0.9251 -0.1454 -0.3508
vn 0.8818 0.3325 -0.3344
vn -0.9341 -0.0444 -0.3542
vn 0.9822 -0.1454 -0.1193
vn 0.9362 0.3325 -0.1137
vn -0.9917 -0.0445 -0.1205
vn 0.9822 -0.1454 0.1193
vn 0.9362 0.3325 0.1137
vn -0.9917 -0.0445 0.1205
vn 0.9251 -0.1454 0.3508
vn 0.8818 0.3325 0.3344
vn -0.9341 -0.0444 0.3544
vn 0.8142 -0.1454 0.5620
vn 0.7762 0.3324 0.5357
vn -0.8224 -0.0443 0.5672
vn 0.6561 -0.1454 0.7406
vn 0.6254 0.3323 0.7060
vn -0.6633 -0.0448 0.7470
vn 0.4598 -0.1454 0.8760
vn 0.4384 0.3322 0.8352
vn -0.4657 -0.0457 0.8837
vn 0.2368 -0.1454 0.9606
vn 0.2258 0.3320 0.9159
vn -0.2403 -0.0469 0.9696
vn -0.0000 -0.1454 0.9894
vn -0.0000 0.3319 0.9433
vn -0.0000 -0.0473 0.9989
vn -0.2368 -0.1454 0.9606
vn -0.2258 0.3320 0.9159
vn 0.2403 -0.0469 0.9696
vn -0.4598 -0.1454 0.8760
vn -0.4384 0.3322 0.8352
vn 0.4657 -0.0457 0.8837
vn -0.6561 -0.1454 0.7406
vn -0.6254 0.3323 0.7060
vn 0.6633 -0.0448 0.7470
vn -0.8142 -0.1454 0.5620
vn -0.7762 0.3324 0.5357
vn 0.8224 -0.0443 0.5672
vn -0.9251 -0.1454 0.3508
vn -0.8818 0.3325 0.3344
vn 0.9341 -0.0444 0.3543
vn -0.9822 -0.1454 0.1193
vn -0.9362 0.3325 0.1137
vn 0.9917 -0.0445 0.1205
vn -0.9822 -0.1454 -0.1193
vn -0.9362 0.3325 -0.1137
vn 0.9917 -0.0445 -0.1205
vn -0.9251 -0.1454 -0.3508
vn -0.8818 0.3325 -0.3344
vn 0.9341 -0.0444 -0.3542
vn -0.8142 -0.1454 -0.5620
vn -0.7762 0.3324 -0.5357
vn 0.8235 -0.0446 -0.5656
vn -0.6561 -0.1454 -0.7406
vn -0.6254 0.3323 -0.7060
vn 0.6678 -0.0464 -0.7429
vn -0.4598 -0.1454 -0.8760
vn -0.4384 0.3322 -0.8352
vn 0.4729 -0.0503 -0.8797
vn -0.2368 -0.1454 -0.9606
vn -0.2258 0.3320 -0.9159
vn 0.2459 -0.0543 -0.9678
vn 0.1929 0.6092 -0.7692
vn 0.2080 0.5022 -0.8394
vn 0.3675 0.6119 -0.7003
vn 0.4011 0.5058 -0.7637
vn 0.5232 0.6139 -0.5910
vn 0.5711 0.5085 -0.6444
vn 0.6485 0.6155 -0.4479
vn 0.7076 0.5107 -0.4883
vn 0.7360 0.6167 -0.2793
vn 0.8031 0.5122 -0.3045
vn 0.7810 0.6172 -0.0949
vn 0.8522 0.5129 -0.1034
vn 0.7810 0.6172 0.0949
vn 0.8522 0.5129 0.1034
vn 0.7360 0.6167 0.2793
vn 0.8031 0.5122 0.3045
vn 0.6485 0.6155 0.4479
vn 0.7076 0.5107 0.4883
vn 0.5232 0.6139 0.5910
vn 0.5711 0.5085 0.6444
vn 0.3675 0.6119 0.7003
vn 0.4011 0.5058 0.7637
vn 0.1929 0.6092 0.7692
vn 0.2080 0.5022 0.8394
vn -0.0000 0.6074 0.7944
vn -0.0000 0.4998 0.8662
vn -0.1929 0.6092 0.7692
vn -0.2080 0.5022 0.8394
vn -0.3675 0.6119 0.7003
vn -0.4011 0.5058 0.7637
vn -0.5232 0.6139 0.5910
vn -0.5711 0.5085 0.6444
vn -0.6485 0.6155 0.4479
vn -0.7076 0.5107 0.4883
vn -0.7360 0.6167 0.2793
vn -0.8031 0.5122 0.3045
vn -0.7810 0.6172 0.0949
vn -0.8522 0.5129 0.1034
vn -0.7810 0.6172 -0.0949
vn -0.8522 0.5129 -0.1034
vn -0.7360 0.6167 -0.2793
vn -0.8031 0.5122 -0.3045
vn -0.6485 0.6155 -0.4479
vn -0.7076 0.5107 -0.4883
vn -0.5232 0.6139 -0.5910
vn -0.5711 0.5085 -0.6444
vn -0.3675 0.6119 -0.7003
vn -0.4011 0.5058 -0.7637
vn -0.1929 0.6092 -0.7692
vn -0.2080 0.5022 -0.8394
vn -0.0000 0.6074 -0.7944
vn -0.0000 0.4998 -0.8662
vn -0.0000 0.5167 -0.8562
vn -0.0000 0.2424 -0.9702
vn -0.0000 0.3875 -0.9219
vn -0.2322 0.2424 -0.9420
vn -0.2066 0.5145 -0.8322
vn -0.2207 0.3874 -0.8951
vn -0.7984 0.2424 -0.5511
vn -0.7095 0.5070 -0.4895
vn -0.7589 0.3870 -0.5238
vn -0.9631 0.2424 0.1169
vn -0.8569 0.5049 0.1040
vn -0.9154 0.3869 0.1111
vn -0.6433 0.2424 0.7262
vn -0.5710 0.5089 0.6442
vn -0.6114 0.3871 0.6901
vn -0.0000 0.2424 0.9702
vn -0.0000 0.5167 0.8562
vn -0.0000 0.3875 0.9219
vn 0.6433 0.2424 0.7262
vn 0.5710 0.5089 0.6442
vn 0.6114 0.3871 0.6901
vn 0.9631 0.2424 0.1169
vn 0.8569 0.5049 0.1040
vn 0.9154 0.3869 0.1111
vn 0.7984 0.2424 -0.5511
vn 0.7095 0.5070 -0.4895
vn 0.7589 0.3870 -0.5238
vn 0.2322 0.2424 -0.9420
vn 0.2066 0.5145 -0.8322
vn 0.2207 0.3874 -0.8951
vn -0.4509 0.2424 -0.8591
vn -0.3997 0.5113 -0.7608
vn -0.4285 0.3872 -0.8164
vn -0.9071 0.2424 -0.3440
vn -0.8067 0.5056 -0.3059
vn -0.8622 0.3870 -0.3270
vn -0.9071 0.2424 0.3440
vn -0.8067 0.5056 0.3059
vn -0.8622 0.3870 0.3270
vn -0.4509 0.2424 0.8591
vn -0.3997 0.5113 0.7608
vn -0.4285 0.3872 0.8164
vn 0.2322 0.2424 0.9420
vn 0.2066 0.5145 0.8322
vn 0.2207 0.3874 0.8951
vn 0.7984 0.2424 0.5511
vn 0.7095 0.5070 0.4895
vn 0.7589 0.3870 0.5238
vn 0.9631 0.2424 -0.1169
vn 0.8569 0.5049 -0.1040
vn 0.9154 0.3869 -0.1111
vn 0.6433 0.2424 -0.7262
vn 0.5710 0.5089 -0.6442
vn 0.6114 0.3871 -0.6901
vn 0.4509 0.2424 -0.8591
vn 0.3997 0.5113 -0.7608
vn 0.4285 0.3872 -0.8164
vn 0.9071 0.2424 -0.3440
vn 0.8067 0.5056 -0.3059
vn 0.8622 0.3870 -0.3270
vn 0.9071 0.2424 0.3440
vn 0.8067 0.5056 0.3059
vn 0.8622 0.3870 0.3270
vn 0.4509 0.2424 0.8591
vn 0.3997 0.5113 0.7608
vn 0.4285 0.3872 0.8164
vn -0.2322 0.2424 0.9420
vn -0.2066 0.5145 0.8322
vn -0.2207 0.3874 0.8951
vn -0.7984 0.2424 0.5511
vn -0.7095 0.5070 0.4895
vn -0.7589 0.3870 0.5238
vn -0.9631 0.2424 -0.1169
vn -0.8569 0.5049 -0.1040
vn -0.9154 0.3869 -0.1111
vn -0.6433 0.2424 -0.7262
vn -0.5710 0.5089 -0.6442
vn -0.6114 0.3871 -0.6901
vn 0.1930 -0.5910 -0.7832
vn 0.2293 -0.2861 -0.9304
vn 0.2112 -0.4704 -0.8568
vn 0.3749 -0.5910 -0.7142
vn 0.4453 -0.2861 -0.8484
vn 0.4101 -0.4704 -0.7814
vn 0.5349 -0.5910 -0.6038
vn 0.6354 -0.2861 -0.7172
vn 0.5852 -0.4704 -0.6605
vn 0.6639 -0.5910 -0.4582
vn 0.7886 -0.2861 -0.5443
vn 0.7263 -0.4704 -0.5013
vn 0.7542 -0.5910 -0.2860
vn 0.8959 -0.2861 -0.3398
vn 0.8251 -0.4704 -0.3129
vn 0.8008 -0.5910 -0.0972
vn 0.9512 -0.2861 -0.1155
vn 0.8760 -0.4704 -0.1064
vn 0.8008 -0.5910 0.0972
vn 0.9512 -0.2861 0.1155
vn 0.8760 -0.4704 0.1064
vn 0.7542 -0.5910 0.2860
vn 0.8959 -0.2861 0.3398
vn 0.8251 -0.4704 0.3129
vn 0.6639 -0.5910 0.4582
vn 0.7886 -0.2861 0.5443
vn 0.7263 -0.4704 0.5013
vn 0.5349 -0.5910 0.6038
vn 0.6354 -0.2861 0.7172
vn 0.5852 -0.4704 0.6605
vn 0.3749 -0.5910 0.7142
vn 0.4453 -0.2861 0.8484
vn 0.4101 -0.4704 0.7814
vn 0.1930 -0.5910 0.7832
vn 0.2293 -0.2861 0.9304
vn 0.2112 -0.4704 0.8568
vn -0.0000 -0.5910 0.8066
vn -0.0000 -0.2861 0.9582
vn -0.0000 -0.4704 0.8825
vn -0.1930 -0.5910 0.7832
vn -0.2293 -0.2861 0.9304
vn -0.2112 -0.4704 0.8568
vn -0.3749 -0.5910 0.7142
vn -0.4453 -0.2861 0.8484
vn -0.4101 -0.4704 0.7814
vn -0.5349 -0.5910 0.6038
vn -0.6354 -0.2861 0.7172
vn -0.5852 -0.4704 0.6605
vn -0.6639 -0.5910 0.4582
vn -0.7886 -0.2861 0.5443
vn -0.7263 -0.4704 0.5013
vn -0.7542 -0.5910 0.2860
vn -0.8959 -0.2861 0.3398
vn -0.8251 -0.4704 0.3129
vn -0.8008 -0.5910 0.0972
vn -0.9512 -0.2861 0.1155
vn -0.8760 -0.4704 0.1064
vn -0.8008 -0.5910 -0.0972
vn -0.9512 -0.2861 -0.1155
vn -0.8760 -0.4704 -0.1064
vn -0.7542 -0.5910 -0.2860
vn -0.8959 -0.2861 -0.3398
vn -0.8251 -0.4704 -0.3129
vn -0.6639 -0.5910 -0.4582
vn -0.7886 -0.2861 -0.5443
vn -0.7263 -0.4704 -0.5013
vn -0.5349 -0.5910 -0.6038
vn -0.6354 -0.2861 -0.7172
vn -0.5852 -0.4704 -0.6605
vn -0.3749 -0.5910 -0.7142
vn -0.4453 -0.2861 -0.8485
vn -0.4101 -0.4704 -0.7814
vn -0.1930 -0.5910 -0.7832
vn -0.2293 -0.2861 -0.9304
vn -0.2112 -0.4704 -0.8568
vn -0.0000 -0.2861 -0.9582
vn -0.0000 -0.5910 -0.8066
vn -0.0000 -0.4704 -0.8825
vn -0.0000 0.1224 -0.9925
vn -0.0000 -0.0196 -0.9998
vn 0.2393 -0.0196 -0.9708
vn 0.2375 0.1224 -0.9636
vn 0.4646 -0.0196 -0.8853
vn 0.4612 0.1224 -0.8788
vn 0.6630 -0.0196 -0.7484
vn 0.6581 0.1224 -0.7429
vn 0.8228 -0.0196 -0.5680
vn 0.8168 0.1224 -0.5638
vn 0.9348 -0.0196 -0.3545
vn 0.9280 0.1224 -0.3519
vn 0.9925 -0.0196 -0.1205
vn 0.9852 0.1224 -0.1196
vn 0.9925 -0.0196 0.1205
vn 0.9852 0.1224 0.1196
vn 0.9348 -0.0196 0.3545
vn 0.9280 0.1224 0.3519
vn 0.8228 -0.0196 0.5680
vn 0.8168 0.1224 0.5638
vn 0.6630 -0.0196 0.7484
vn 0.6581 0.1224 0.7429
vn 0.4646 -0.0196 0.8853
vn 0.4612 0.1224 0.8788
vn 0.2393 -0.0196 0.9708
vn 0.2375 0.1224 0.9636
vn -0.0000 -0.0196 0.9998
vn -0.0000 0.1224 0.9925
vn -0.2393 -0.0196 0.9708
vn -0.2375 0.1224 0.9636
vn -0.4646 -0.0196 0.8853
vn -0.4612 0.1224 0.8788
vn -0.6630 -0.0196 0.7484
vn -0.6581 0.1224 0.7429
vn -0.8228 -0.0196 0.5680
vn -0.8168 0.1224 0.5638
vn -0.9348 -0.0196 0.3545
vn -0.9280 0.1224 0.3519
vn -0.9925 -0.0196 0.1205
vn -0.9852 0.1224 0.1196
vn -0.9925 -0.0196 -0.1205
vn -0.9852 0.1224 -0.1196
vn -0.9348 -0.0196 -0.3545
vn -0.9280 0.1224 -0.3519
vn -0.8228 -0.0196 -0.5680
vn -0.8168 0.1224 -0.5638
vn -0.6630 -0.0196 -0.7484
vn -0.6581 0.1224 -0.7429
vn -0.4646 -0.0196 -0.8853
vn -0.4612 0.1224 -0.8788
vn -0.2393 -0.0196 -0.9708
vn -0.2375 0.1224 -0.9636
vn -0.0000 -0.9810 -0.1941
vn -0.0000 -0.8046 -0.5938
vn 0.1421 -0.8046 -0.5765
vn 0.0465 -0.9810 -0.1885
vn 0.2759 -0.8046 -0.5258
vn 0.0902 -0.9810 -0.1719
vn 0.3937 -0.8046 -0.4444
vn 0.1287 -0.9810 -0.1453
vn 0.4887 -0.8046 -0.3373
vn 0.1598 -0.9810 -0.1103
vn 0.5552 -0.8046 -0.2106
vn 0.1815 -0.9810 -0.0688
vn 0.5894 -0.8046 -0.0716
vn 0.1927 -0.9810 -0.0234
vn 0.5894 -0.8046 0.0716
vn 0.1927 -0.9810 0.0234
vn 0.5552 -0.8046 0.2106
vn 0.1815 -0.9810 0.0688
vn 0.4887 -0.8046 0.3373
vn 0.1598 -0.9810 0.1103
vn 0.3937 -0.8046 0.4444
vn 0.1287 -0.9810 0.1453
vn 0.2759 -0.8046 0.5258
vn 0.0902 -0.9810 0.1719
vn 0.1421 -0.8046 0.5765
vn 0.0465 -0.9810 0.1885
vn -0.0000 -0.8046 0.5938
vn -0.0000 -0.9810 0.1941
vn -0.1421 -0.8046 0.5765
vn -0.0465 -0.9810 0.1885
vn -0.2759 -0.8046 0.5258
vn -0.0902 -0.9810 0.1719
vn -0.3937 -0.8046 0.4444
vn -0.1287 -0.9810 0.1453
vn -0.4887 -0.8046 0.3373
vn -0.1598 -0.9810 0.1103
vn -0.5552 -0.8046 0.2106
vn -0.1815 -0.9810 0.0688
vn -0.5894 -0.8046 0.0716
vn -0.1927 -0.9810 0.0234
vn -0.5894 -0.8046 -0.0716
vn -0.1927 -0.9810 -0.0234
vn -0.5552 -0.8046 -0.2106
vn -0.1815 -0.9810 -0.0688
vn -0.4887 -0.8046 -0.3373
vn -0.1598 -0.9810 -0.1103
vn -0.3937 -0.8046 -0.4444
vn -0.1287 -0.9810 -0.1453
vn -0.2759 -0.8046 -0.5258
vn -0.0902 -0.9810 -0.1719
vn -0.1421 -0.8046 -0.5765
vn -0.0465 -0.9810 -0.1885
vn 0.0314 -0.9914 0.1274
vn 0.0610 -0.9914 0.1162
vn 0.0870 -0.9914 0.0982
vn 0.1080 -0.9914 0.0745
vn 0.1227 -0.9914 0.0465
vn 0.1302 -0.9914 0.0158
vn 0.1302 -0.9914 -0.0158
vn 0.1227 -0.9914 -0.0465
vn 0.1080 -0.9914 -0.0745
vn 0.0870 -0.9914 -0.0982
vn 0.0610 -0.9914 -0.1162
vn 0.0314 -0.9914 -0.1274
vn -0.0000 -0.9914 -0.1312
vn -0.0314 -0.9914 -0.1274
vn -0.0610 -0.9914 -0.1162
vn -0.0870 -0.9914 -0.0982
vn -0.1080 -0.9914 -0.0745
vn -0.1227 -0.9914 -0.0465
vn -0.1302 -0.9914 -0.0158
vn -0.1302 -0.9914 0.0158
vn -0.1227 -0.9914 0.0465
vn -0.1080 -0.9914 0.0745
vn -0.0870 -0.9914 0.0982
vn -0.0610 -0.9914 0.1162
vn -0.0000 -0.9914 0.1312
vn -0.0314 -0.9914 0.1274
vn -0.0000 -0.4962 -0.8682
vn 0.2659 -0.4825 -0.8345
vn 0.4549 -0.4639 -0.7602
vn 0.5550 -0.4740 -0.6835
vn 0.6352 -0.5204 -0.5708
vn 0.7359 -0.5640 -0.3746
vn 0.8025 -0.5811 -0.1355
vn 0.8030 -0.5808 0.1335
vn 0.7330 -0.5272 0.4299
vn 0.6662 -0.4360 0.6050
vn 0.6624 -0.4060 0.6297
vn 0.6448 -0.4575 0.6123
vn 0.4321 -0.6129 0.6615
vn -0.0000 -0.7075 0.7067
vn -0.4321 -0.6129 0.6615
vn -0.6448 -0.4575 0.6123
vn -0.6624 -0.4060 0.6297
vn -0.6662 -0.4360 0.6050
vn -0.7330 -0.5272 0.4299
vn -0.8030 -0.5808 0.1335
vn -0.8025 -0.5811 -0.1355
vn -0.7359 -0.5640 -0.3746
vn -0.6352 -0.5204 -0.5708
vn -0.5550 -0.4740 -0.6835
vn -0.4549 -0.4639 -0.7602
vn -0.2659 -0.4826 -0.8345
vn -0.0256 0.9943 -0.1037
vn -0.0000 0.9834 -0.1815
vn -0.0496 0.9943 -0.0946
vn 0.0791 0.9842 -0.1583
vn -0.0708 0.9943 -0.0799
vn 0.1611 0.9812 -0.1058
vn -0.0879 0.9943 -0.0607
vn 0.2717 0.9618 -0.0349
vn -0.0998 0.9943 -0.0379
vn 0.3836 0.9233 0.0179
vn -0.1060 0.9943 -0.0129
vn 0.4247 0.9051 0.0186
vn -0.1060 0.9943 0.0129
vn 0.4202 0.9074 0.0050
vn -0.0998 0.9943 0.0379
vn 0.4003 0.9161 0.0226
vn -0.0879 0.9943 0.0607
vn 0.3490 0.9358 -0.0497
vn -0.0708 0.9943 0.0799
vn 0.2267 0.9656 -0.1271
vn -0.0496 0.9943 0.0946
vn 0.0051 0.9988 -0.0497
vn -0.0256 0.9943 0.1037
vn -0.2130 0.9628 0.1662
vn -0.0000 0.9943 0.1068
vn -0.1874 0.9140 0.3599
vn 0.0256 0.9943 0.1037
vn -0.0000 0.9116 0.4110
vn 0.0496 0.9943 0.0946
vn 0.1874 0.9140 0.3599
vn 0.0708 0.9943 0.0799
vn 0.2130 0.9628 0.1662
vn 0.0879 0.9943 0.0607
vn -0.0051 0.9988 -0.0497
vn 0.0998 0.9943 0.0379
vn -0.2267 0.9656 -0.1271
vn 0.1060 0.9943 0.0129
vn -0.3490 0.9358 -0.0497
vn 0.1060 0.9943 -0.0129
vn -0.4003 0.9161 0.0226
vn 0.0998 0.9943 -0.0379
vn -0.4202 0.9074 0.0050
vn 0.0879 0.9943 -0.0607
vn -0.4247 0.9051 0.0186
vn 0.0708 0.9943 -0.0799
vn -0.3836 0.9233 0.0179
vn 0.0496 0.9943 -0.0946
vn -0.2716 0.9618 -0.0349
vn -0.0000 0.9943 -0.1068
vn -0.1611 0.9812 -0.1058
vn 0.0256 0.9943 -0.1037
vn -0.0791 0.9842 -0.1583
vn -0.0000 -0.0673 0.9977
vn -0.2389 -0.0673 0.9687
vn -0.4638 -0.0674 0.8834
vn -0.6617 -0.0676 0.7467
vn -0.8211 -0.0677 0.5668
vn -0.9329 -0.0677 0.3538
vn -0.9904 -0.0676 0.1203
vn -0.9904 -0.0676 -0.1203
vn -0.9329 -0.0676 -0.3538
vn -0.8211 -0.0677 -0.5668
vn -0.6616 -0.0677 -0.7468
vn -0.4637 -0.0676 -0.8834
vn -0.2388 -0.0676 -0.9687
vn -0.0000 -0.0675 -0.9977
vn 0.2388 -0.0676 -0.9687
vn 0.4637 -0.0676 -0.8834
vn 0.6616 -0.0677 -0.7468
vn 0.8211 -0.0677 -0.5668
vn 0.9329 -0.0676 -0.3538
vn 0.9904 -0.0676 -0.1203
vn 0.9904 -0.0676 0.1203
vn 0.9329 -0.0677 0.3538
vn 0.8211 -0.0677 0.5668
vn 0.6617 -0.0676 0.7467
vn 0.4638 -0.0674 0.8834
vn 0.2389 -0.0673 0.9687
vn -0.0000 0.2276 0.9738
vn -0.2621 0.2263 0.9381
vn -0.4902 0.2216 0.8430
vn -0.6650 0.2195 0.7139
vn -0.8016 0.2268 0.5531
vn -0.9042 0.2396 0.3537
vn -0.9606 0.2498 0.1223
vn -0.9605 0.2507 -0.1211
vn -0.9019 0.2387 -0.3600
vn -0.7989 0.2225 -0.5588
vn -0.6705 0.2284 -0.7059
vn -0.5150 0.2624 -0.8161
vn -0.2901 0.3137 -0.9041
vn -0.0000 0.3369 -0.9415
vn 0.2901 0.3137 -0.9041
vn 0.5150 0.2624 -0.8161
vn 0.6705 0.2284 -0.7059
vn 0.7989 0.2225 -0.5588
vn 0.9019 0.2387 -0.3600
vn 0.9605 0.2507 -0.1211
vn 0.9606 0.2498 0.1223
vn 0.9042 0.2396 0.3537
vn 0.8016 0.2268 0.5531
vn 0.6650 0.2195 0.7139
vn 0.4902 0.2216 0.8430
vn 0.2621 0.2263 0.9381
vn 0.1927 -0.5932 0.7817
vn 0.3741 -0.5932 0.7129
vn 0.5339 -0.5932 0.6026
vn 0.6626 -0.5932 0.4573
vn 0.7528 -0.5932 0.2855
vn 0.7992 -0.5932 0.0970
vn 0.7992 -0.5932 -0.0970
vn 0.7528 -0.5932 -0.2855
vn 0.6626 -0.5932 -0.4573
vn 0.5339 -0.5932 -0.6026
vn 0.3741 -0.5932 -0.7129
vn 0.1927 -0.5932 -0.7817
vn -0.0000 -0.5932 -0.8051
vn -0.1927 -0.5932 -0.7817
vn -0.3741 -0.5932 -0.7129
vn -0.5339 -0.5932 -0.6026
vn -0.6626 -0.5932 -0.4573
vn -0.7528 -0.5932 -0.2855
vn -0.7992 -0.5932 -0.0970
vn -0.7992 -0.5932 0.0970
vn -0.7528 -0.5932 0.2855
vn -0.6626 -0.5932 0.4573
vn -0.5339 -0.5932 0.6026
vn -0.3741 -0.5932 0.7129
vn -0.1927 -0.5932 0.7817
vn -0.0000 -0.5932 0.8051
vn -0.0000 -0.3331 0.9429
vn -0.0000 0.1449 0.9894
vn -0.0000 0.0541 0.9985
vn -0.2368 0.1449 0.9607
vn -0.2257 -0.3331 0.9155
vn 0.2453 0.0529 0.9680
vn -0.4598 0.1449 0.8761
vn -0.4382 -0.3331 0.8349
vn 0.4726 0.0498 0.8799
vn -0.6561 0.1449 0.7406
vn -0.6253 -0.3331 0.7058
vn 0.6678 0.0468 0.7429
vn -0.8143 0.1449 0.5621
vn -0.7760 -0.3331 0.5356
vn 0.8235 0.0453 0.5655
vn -0.9252 0.1449 0.3509
vn -0.8816 -0.3331 0.3344
vn 0.9340 0.0454 0.3543
vn -0.9822 0.1449 0.1193
vn -0.9360 -0.3331 0.1137
vn 0.9916 0.0458 0.1206
vn -0.9822 0.1449 -0.1193
vn -0.9360 -0.3331 -0.1137
vn 0.9917 0.0459 -0.1205
vn -0.9252 0.1449 -0.3509
vn -0.8816 -0.3331 -0.3344
vn 0.9339 0.0454 -0.3547
vn -0.8143 0.1449 -0.5621
vn -0.7760 -0.3331 -0.5356
vn 0.8220 0.0449 -0.5677
vn -0.6561 0.1449 -0.7406
vn -0.6253 -0.3331 -0.7058
vn 0.6630 0.0453 -0.7472
vn -0.4598 0.1449 -0.8761
vn -0.4382 -0.3331 -0.8349
vn 0.4660 0.0471 -0.8835
vn -0.2368 0.1449 -0.9607
vn -0.2257 -0.3331 -0.9155
vn 0.2406 0.0495 -0.9693
vn -0.0000 0.1449 -0.9894
vn -0.0000 -0.3331 -0.9429
vn -0.0000 0.0506 -0.9987
vn 0.2368 0.1449 -0.9607
vn 0.2257 -0.3331 -0.9155
vn -0.2406 0.0495 -0.9693
vn 0.4598 0.1449 -0.8761
vn 0.4382 -0.3331 -0.8349
vn -0.4660 0.0471 -0.8835
vn 0.6561 0.1449 -0.7406
vn 0.6253 -0.3331 -0.7058
vn -0.6630 0.0453 -0.7472
vn 0.8143 0.1449 -0.5621
vn 0.7760 -0.3331 -0.5356
vn -0.8220 0.0449 -0.5677
vn 0.9252 0.1449 -0.3509
vn 0.8816 -0.3331 -0.3344
vn -0.9339 0.0454 -0.3547
vn 0.9822 0.1449 -0.1193
vn 0.9360 -0.3331 -0.1137
vn -0.9917 0.0459 -0.1205
vn 0.9822 0.1449 0.1193
vn 0.9360 -0.3331 0.1137
vn -0.9916 0.0458 0.1206
vn 0.9252 0.1449 0.3509
vn 0.8816 -0.3331 0.3344
vn -0.9340 0.0454 0.3543
vn 0.8143 0.1449 0.5621
vn 0.7760 -0.3331 0.5356
vn -0.8235 0.0453 0.5655
vn 0.6561 0.1449 0.7406
vn 0.6253 -0.3331 0.7058
vn -0.6678 0.0468 0.7429
vn 0.4598 0.1449 0.8761
vn 0.4382 -0.3331 0.8349
vn -0.4726 0.0498 0.8799
vn 0.2368 0.1449 0.9607
vn 0.2257 -0.3331 0.9155
vn -0.2453 0.0529 0.9680
vn -0.1869 -0.6247 0.7582
vn -0.2039 -0.5235 0.8273
vn -0.3629 -0.6247 0.6914
vn -0.3960 -0.5235 0.7544
vn -0.5178 -0.6247 0.5845
vn -0.5650 -0.5235 0.6378
vn -0.6426 -0.6247 0.4436
vn -0.7012 -0.5235 0.4840
vn -0.7301 -0.6247 0.2769
vn -0.7967 -0.5235 0.3021
vn -0.7752 -0.6247 0.0941
vn -0.8458 -0.5235 0.1027
vn -0.7752 -0.6247 -0.0941
vn -0.8458 -0.5235 -0.1027
vn -0.7301 -0.6247 -0.2769
vn -0.7967 -0.5235 -0.3021
vn -0.6426 -0.6247 -0.4436
vn -0.7012 -0.5235 -0.4840
vn -0.5178 -0.6247 -0.5845
vn -0.5650 -0.5235 -0.6378
vn -0.3629 -0.6247 -0.6914
vn -0.3960 -0.5235 -0.7544
vn -0.1869 -0.6247 -0.7582
vn -0.2039 -0.5235 -0.8273
vn -0.0000 -0.6247 -0.7808
vn -0.0000 -0.5235 -0.8520
vn 0.1869 -0.6247 -0.7582
vn 0.2039 -0.5235 -0.8273
vn 0.3629 -0.6247 -0.6914
vn 0.3960 -0.5235 -0.7544
vn 0.5178 -0.6247 -0.5845
vn 0.5650 -0.5235 -0.6378
vn 0.6426 -0.6247 -0.4436
vn 0.7012 -0.5235 -0.4840
vn 0.7301 -0.6247 -0.2769
vn 0.7967 -0.5235 -0.3021
vn 0.7752 -0.6247 -0.0941
vn 0.8458 -0.5235 -0.1027
vn 0.7752 -0.6247 0.0941
vn 0.8458 -0.5235 0.1027
vn 0.7301 -0.6247 0.2769
vn 0.7967 -0.5235 0.3021
vn 0.6426 -0.6247 0.4436
vn 0.7012 -0.5235 0.4840
vn 0.5178 -0.6247 0.5845
vn 0.5650 -0.5235 0.6378
vn 0.3629 -0.6247 0.6914
vn 0.3960 -0.5235 0.7544
vn 0.1869 -0.6247 0.7582
vn 0.2039 -0.5235 0.8273
vn -0.0000 -0.6247 0.7808
vn -0.0000 -0.5235 0.8520
vn -0.0000 -0.4963 0.8681
vn -0.0000 -0.2425 0.9702
vn -0.0000 -0.3863 0.9224
vn 0.2322 -0.2425 0.9420
vn 0.2078 -0.4963 0.8429
vn 0.2207 -0.3863 0.8956
vn 0.7984 -0.2425 0.5511
vn 0.7145 -0.4963 0.4932
vn 0.7591 -0.3863 0.5240
vn 0.9631 -0.2425 -0.1169
vn 0.8618 -0.4963 -0.1046
vn 0.9157 -0.3863 -0.1112
vn 0.6433 -0.2425 -0.7262
vn 0.5757 -0.4963 -0.6498
vn 0.6117 -0.3863 -0.6904
vn -0.0000 -0.2425 -0.9702
vn -0.0000 -0.4963 -0.8681
vn -0.0000 -0.3863 -0.9224
vn -0.6433 -0.2425 -0.7262
vn -0.5757 -0.4963 -0.6498
vn -0.6117 -0.3863 -0.6904
vn -0.9631 -0.2425 -0.1169
vn -0.8618 -0.4963 -0.1046
vn -0.9157 -0.3863 -0.1112
vn -0.7984 -0.2425 0.5511
vn -0.7145 -0.4963 0.4932
vn -0.7591 -0.3863 0.5240
vn -0.2322 -0.2425 0.9420
vn -0.2078 -0.4963 0.8429
vn -0.2207 -0.3863 0.8956
vn 0.4509 -0.2425 0.8590
vn 0.4034 -0.4963 0.7687
vn 0.4287 -0.3863 0.8167
vn 0.9071 -0.2425 0.3440
vn 0.8117 -0.4963 0.3078
vn 0.8625 -0.3863 0.3271
vn 0.9071 -0.2425 -0.3440
vn 0.8117 -0.4963 -0.3078
vn 0.8625 -0.3863 -0.3271
vn 0.4509 -0.2425 -0.8590
vn 0.4034 -0.4963 -0.7687
vn 0.4287 -0.3863 -0.8167
vn -0.2322 -0.2425 -0.9420
vn -0.2078 -0.4963 -0.8429
vn -0.2207 -0.3863 -0.8956
vn -0.7984 -0.2425 -0.5511
vn -0.7145 -0.4963 -0.4932
vn -0.7591 -0.3863 -0.5240
vn -0.9631 -0.2425 0.1169
vn -0.8618 -0.4963 0.1046
vn -0.9157 -0.3863 0.1112
vn -0.6433 -0.2425 0.7262
vn -0.5757 -0.4963 0.6498
vn -0.6117 -0.3863 0.6904
vn -0.4509 -0.2425 0.8590
vn -0.4034 -0.4963 0.7687
vn -0.4287 -0.3863 0.8167
vn -0.9071 -0.2425 0.3440
vn -0.8117 -0.4963 0.3078
vn -0.8625 -0.3863 0.3271
vn -0.9071 -0.2425 -0.3440
vn -0.8117 -0.4963 -0.3078
vn -0.8625 -0.3863 -0.3271
vn -0.4509 -0.2425 -0.8590
vn -0.4034 -0.4963 -0.7687
vn -0.4287 -0.3863 -0.8167
vn 0.2322 -0.2425 -0.9420
vn 0.2078 -0.4963 -0.8429
vn 0.2207 -0.3863 -0.8956
vn 0.7984 -0.2425 -0.5511
vn 0.7145 -0.4963 -0.4932
vn 0.7591 -0.3863 -0.5240
vn 0.9631 -0.2425 0.1169
vn 0.8618 -0.4963 0.1046
vn 0.9157 -0.3863 0.1112
vn 0.6433 -0.2425 0.7262
vn 0.5757 -0.4963 0.6498
vn 0.6117 -0.3863 0.6904
vn -0.1942 0.5842 0.7881
vn -0.2294 0.2850 0.9307
vn -0.2111 0.4708 0.8566
vn -0.3772 0.5842 0.7187
vn -0.4455 0.2850 0.8487
vn -0.4100 0.4708 0.7812
vn -0.5382 0.5842 0.6075
vn -0.6356 0.2850 0.7175
vn -0.5850 0.4708 0.6603
vn -0.6680 0.5842 0.4611
vn -0.7889 0.2850 0.5445
vn -0.7261 0.4708 0.5012
vn -0.7589 0.5842 0.2878
vn -0.8962 0.2850 0.3399
vn -0.8249 0.4708 0.3128
vn -0.8057 0.5842 0.0978
vn -0.9515 0.2850 0.1155
vn -0.8758 0.4708 0.1063
vn -0.8057 0.5842 -0.0978
vn -0.9515 0.2850 -0.1155
vn -0.8758 0.4708 -0.1063
vn -0.7589 0.5842 -0.2878
vn -0.8962 0.2850 -0.3399
vn -0.8249 0.4708 -0.3128
vn -0.6680 0.5842 -0.4611
vn -0.7889 0.2850 -0.5445
vn -0.7261 0.4708 -0.5012
vn -0.5382 0.5842 -0.6075
vn -0.6356 0.2850 -0.7175
vn -0.5850 0.4708 -0.6604
vn -0.3772 0.5842 -0.7187
vn -0.4455 0.2850 -0.8487
vn -0.4100 0.4708 -0.7812
vn -0.1942 0.5842 -0.7881
vn -0.2294 0.2850 -0.9307
vn -0.2111 0.4708 -0.8566
vn -0.0000 0.5842 -0.8116
vn -0.0000 0.2850 -0.9585
vn -0.0000 0.4708 -0.8822
vn 0.1942 0.5842 -0.7881
vn 0.2294 0.2850 -0.9307
vn 0.2111 0.4708 -0.8566
vn 0.3772 0.5842 -0.7187
vn 0.4455 0.2850 -0.8487
vn 0.4100 0.4708 -0.7812
vn 0.5382 0.5842 -0.6075
vn 0.6356 0.2850 -0.7175
vn 0.5850 0.4708 -0.6604
vn 0.6680 0.5842 -0.4611
vn 0.7889 0.2850 -0.5445
vn 0.7261 0.4708 -0.5012
vn 0.7589 0.5842 -0.2878
vn 0.8962 0.2850 -0.3399
vn 0.8249 0.4708 -0.3128
vn 0.8057 0.5842 -0.0978
vn 0.9515 0.2850 -0.1155
vn 0.8758 0.4708 -0.1063
vn 0.8057 0.5842 0.0978
vn 0.9515 0.2850 0.1155
vn 0.8758 0.4708 0.1063
vn 0.7589 0.5842 0.2878
vn 0.8962 0.2850 0.3399
vn 0.8249 0.4708 0.3128
vn 0.6680 0.5842 0.4611
vn 0.7889 0.2850 0.5445
vn 0.7261 0.4708 0.5012
vn 0.5382 0.5842 0.6075
vn 0.6356 0.2850 0.7175
vn 0.5850 0.4708 0.6603
vn 0.3772 0.5842 0.7187
vn 0.4455 0.2850 0.8487
vn 0.4100 0.4708 0.7812
vn 0.1942 0.5842 0.7881
vn 0.2294 0.2850 0.9307
vn 0.2111 0.4708 0.8566
vn -0.0000 0.2850 0.9585
vn -0.0000 0.5842 0.8116
vn -0.0000 0.4708 0.8822
vn -0.0000 -0.1211 0.9926
vn -0.0000 0.0200 0.9998
vn -0.2393 0.0200 0.9707
vn -0.2376 -0.1211 0.9638
vn -0.4646 0.0200 0.8853
vn -0.4613 -0.1211 0.8789
vn -0.6630 0.0200 0.7484
vn -0.6582 -0.1211 0.7430
vn -0.8228 0.0200 0.5680
vn -0.8169 -0.1211 0.5639
vn -0.9348 0.0200 0.3545
vn -0.9281 -0.1211 0.3520
vn -0.9925 0.0200 0.1205
vn -0.9854 -0.1211 0.1196
vn -0.9925 0.0200 -0.1205
vn -0.9854 -0.1211 -0.1196
vn -0.9348 0.0200 -0.3545
vn -0.9281 -0.1211 -0.3520
vn -0.8228 0.0200 -0.5680
vn -0.8169 -0.1211 -0.5639
vn -0.6630 0.0200 -0.7484
vn -0.6582 -0.1211 -0.7430
vn -0.4646 0.0200 -0.8853
vn -0.4613 -0.1211 -0.8789
vn -0.2393 0.0200 -0.9707
vn -0.2376 -0.1211 -0.9638
vn -0.0000 0.0200 -0.9998
vn -0.0000 -0.1211 -0.9926
vn 0.2393 0.0200 -0.9707
vn 0.2376 -0.1211 -0.9638
vn 0.4646 0.0200 -0.8853
vn 0.4613 -0.1211 -0.8789
vn 0.6630 0.0200 -0.7484
vn 0.6582 -0.1211 -0.7430
vn 0.8228 0.0200 -0.5680
vn 0.8169 -0.1211 -0.5639
vn 0.9348 0.0200 -0.3545
vn 0.9281 -0.1211 -0.3520
vn 0.9925 0.0200 -0.1205
vn 0.9854 -0.1211 -0.1196
vn 0.9925 0.0200 0.1205
vn 0.9854 -0.1211 0.1196
vn 0.9348 0.0200 0.3545
vn 0.9281 -0.1211 0.3520
vn 0.8228 0.0200 0.5680
vn 0.8169 -0.1211 0.5639
vn 0.6630 0.0200 0.7484
vn 0.6582 -0.1211 0.7430
vn 0.4646 0.0200 0.8853
vn 0.4613 -0.1211 0.8789
vn 0.2393 0.0200 0.9707
vn 0.2376 -0.1211 0.9638
vn -0.0000 0.9861 0.1662
vn -0.0000 0.7959 0.6054
vn -0.1449 0.7959 0.5878
vn -0.0398 0.9861 0.1614
vn -0.2814 0.7959 0.5361
vn -0.0772 0.9861 0.1472
vn -0.4015 0.7959 0.4532
vn -0.1102 0.9861 0.1244
vn -0.4983 0.7959 0.3439
vn -0.1368 0.9861 0.0944
vn -0.5661 0.7959 0.2147
vn -0.1554 0.9861 0.0589
vn -0.6010 0.7959 0.0730
vn -0.1650 0.9861 0.0200
vn -0.6010 0.7959 -0.0730
vn -0.1650 0.9861 -0.0200
vn -0.5661 0.7959 -0.2147
vn -0.1554 0.9861 -0.0589
vn -0.4983 0.7959 -0.3439
vn -0.1368 0.9861 -0.0944
vn -0.4015 0.7959 -0.4532
vn -0.1102 0.9861 -0.1244
vn -0.2814 0.7959 -0.5361
vn -0.0772 0.9861 -0.1472
vn -0.1449 0.7959 -0.5878
vn -0.0398 0.9861 -0.1614
vn -0.0000 0.7959 -0.6054
vn -0.0000 0.9861 -0.1662
vn 0.1449 0.7959 -0.5878
vn 0.0398 0.9861 -0.1614
vn 0.2814 0.7959 -0.5361
vn 0.0772 0.9861 -0.1472
vn 0.4015 0.7959 -0.4532
vn 0.1102 0.9861 -0.1244
vn 0.4983 0.7959 -0.3439
vn 0.1368 0.9861 -0.0944
vn 0.5661 0.7959 -0.2147
vn 0.1554 0.9861 -0.0589
vn 0.6010 0.7959 -0.0730
vn 0.1650 0.9861 -0.0200
vn 0.6010 0.7959 0.0730
vn 0.1650 0.9861 0.0200
vn 0.5661 0.7959 0.2147
vn 0.1554 0.9861 0.0589
vn 0.4983 0.7959 0.3439
vn 0.1368 0.9861 0.0944
vn 0.4015 0.7959 0.4532
vn 0.1102 0.9861 0.1244
vn 0.2814 0.7959 0.5361
vn 0.0772 0.9861 0.1472
vn 0.1449 0.7959 0.5878
vn 0.0398 0.9861 0.1614
vn -0.0266 0.9938 -0.1080
vn -0.0517 0.9938 -0.0985
vn -0.0738 0.9938 -0.0833
vn -0.0915 0.9938 -0.0632
vn -0.1040 0.9938 -0.0394
vn -0.1104 0.9938 -0.0134
vn -0.1104 0.9938 0.0134
vn -0.1040 0.9938 0.0394
vn -0.0915 0.9938 0.0632
vn -0.0738 0.9938 0.0833
vn -0.0517 0.9938 0.0985
vn -0.0266 0.9938 0.1080
vn -0.0000 0.9938 0.1112
vn 0.0266 0.9938 0.1080
vn 0.0517 0.9938 0.0985
vn 0.0738 0.9938 0.0833
vn 0.0915 0.9938 0.0632
vn 0.1040 0.9938 0.0394
vn 0.1104 0.9938 0.0134
vn 0.1104 0.9938 -0.0134
vn 0.1040 0.9938 -0.0394
vn 0.0915 0.9938 -0.0632
vn 0.0738 0.9938 -0.0833
vn 0.0517 0.9938 -0.0985
vn -0.0000 0.9938 -0.1112
vn 0.0266 0.9938 -0.1080
vn -0.0000 0.4938 0.8696
vn -0.2673 0.4808 0.8351
vn -0.4559 0.4640 0.7595
vn -0.5555 0.4745 0.6828
vn -0.6362 0.5188 0.5711
vn -0.7368 0.5621 0.3758
vn -0.8022 0.5806 0.1390
vn -0.8034 0.5813 -0.1290
vn -0.7295 0.5247 -0.4388
vn -0.6622 0.4336 -0.6111
vn -0.6632 0.4044 -0.6298
vn -0.6542 0.4496 -0.6081
vn -0.4517 0.6037 -0.6569
vn -0.0000 0.7066 -0.7076
vn 0.4517 0.6037 -0.6569
vn 0.6542 0.4496 -0.6081
vn 0.6632 0.4044 -0.6298
vn 0.6622 0.4336 -0.6111
vn 0.7295 0.5247 -0.4388
vn 0.8034 0.5813 -0.1290
vn 0.8022 0.5806 0.1390
vn 0.7368 0.5621 0.3758
vn 0.6362 0.5188 0.5711
vn 0.5555 0.4745 0.6828
vn 0.4559 0.4640 0.7595
vn 0.2673 0.4808 0.8351
vn -0.0000 -0.6666 -0.7454
vn 0.2534 -0.6444 -0.7215
vn 0.3899 -0.6212 -0.6798
vn 0.4033 -0.6344 -0.6595
vn 0.4238 -0.6836 -0.5942
vn 0.5596 -0.7370 -0.3790
vn 0.6497 -0.7479 -0.1363
vn 0.6536 -0.7449 0.1341
vn 0.5480 -0.6622 0.5111
vn 0.5049 -0.5457 0.6688
vn 0.6440 -0.4751 0.5996
vn 0.7607 -0.4429 0.4744
vn 0.5767 -0.6499 0.4950
vn -0.0000 -0.8356 0.5493
vn -0.5767 -0.6499 0.4950
vn -0.7607 -0.4429 0.4744
vn -0.6440 -0.4751 0.5996
vn -0.5049 -0.5457 0.6688
vn -0.5480 -0.6622 0.5111
vn -0.6536 -0.7449 0.1341
vn -0.6497 -0.7479 -0.1363
vn -0.5596 -0.7370 -0.3790
vn -0.4238 -0.6836 -0.5942
vn -0.4033 -0.6344 -0.6595
vn -0.3899 -0.6212 -0.6798
vn -0.2534 -0.6444 -0.7215
vn -0.0000 0.6814 0.7319
vn -0.2521 0.6597 0.7080
vn -0.3802 0.6388 0.6689
vn -0.3901 0.6510 0.6512
vn -0.4087 0.6969 0.5893
vn -0.5414 0.7519 0.3763
vn -0.6281 0.7656 0.1392
vn -0.6332 0.7643 -0.1221
vn -0.5245 0.6780 -0.5150
vn -0.4873 0.5680 -0.6632
vn -0.6302 0.5048 -0.5899
vn -0.7626 0.4582 -0.4566
vn -0.6103 0.6430 -0.4627
vn -0.0000 0.8479 -0.5302
vn 0.6103 0.6430 -0.4627
vn 0.7626 0.4582 -0.4566
vn 0.6302 0.5048 -0.5899
vn 0.4873 0.5680 -0.6632
vn 0.5245 0.6780 -0.5150
vn 0.6332 0.7643 -0.1221
vn 0.6281 0.7656 0.1392
vn 0.5414 0.7519 0.3763
vn 0.4087 0.6969 0.5893
vn 0.3901 0.6510 0.6512
vn 0.3802 0.6388 0.6689
vn 0.2521 0.6597 0.7080
vn 0.1950 -0.9805 0.0237
vn 0.1950 -0.9805 -0.0237
vn 0.1837 -0.9805 -0.0697
vn -0.0470 -0.9805 -0.1908
vn -0.0913 -0.9805 -0.1740
vn -0.1303 -0.9805 -0.1471
vn -0.1617 -0.9805 0.1116
vn -0.1303 -0.9805 0.1471
vn -0.0913 -0.9805 0.1740
vn -0.0000 -0.9805 0.1965
vn 0.0470 -0.9805 0.1908
vn 0.0913 -0.9805 0.1740
vn 0.1617 -0.9805 -0.1116
vn 0.1303 -0.9805 -0.1471
vn -0.1617 -0.9805 -0.1116
vn -0.1837 -0.9805 -0.0697
vn -0.0470 -0.9805 0.1908
vn 0.1303 -0.9805 0.1471
vn 0.1617 -0.9805 0.1116
vn 0.0913 -0.9805 -0.1740
vn 0.0470 -0.9805 -0.1908
vn -0.1950 -0.9805 -0.0237
vn -0.1950 -0.9805 0.0237
vn 0.1837 -0.9805 0.0697
vn -0.0000 -0.9805 -0.1965
vn -0.1837 -0.9805 0.0697
vn 0.1898 -0.9815 -0.0231
vn 0.1788 -0.9815 -0.0678
vn -0.0889 -0.9815 -0.1693
vn -0.1268 -0.9815 -0.1431
vn -0.1268 -0.9815 0.1431
vn -0.0889 -0.9815 0.1693
vn 0.0458 -0.9815 0.1857
vn 0.0889 -0.9815 0.1693
vn 0.1574 -0.9815 -0.1086
vn 0.1268 -0.9815 -0.1431
vn -0.1574 -0.9815 -0.1086
vn -0.1788 -0.9815 -0.0678
vn -0.0458 -0.9815 0.1857
vn 0.1268 -0.9815 0.1431
vn 0.1574 -0.9815 0.1086
vn 0.0889 -0.9815 -0.1693
vn 0.0458 -0.9815 -0.1857
vn -0.1898 -0.9815 -0.0231
vn -0.1898 -0.9815 0.0231
vn 0.1788 -0.9815 0.0678
vn -0.0000 -0.9815 -0.1912
vn -0.1788 -0.9815 0.0678
vn 0.1898 -0.9815 0.0231
vn -0.0458 -0.9815 -0.1857
vn -0.1574 -0.9815 0.1086
vn -0.0000 -0.9815 0.1912
vn -0.0000 1.0000 -0.0000
vn -0.0000 -0.9983 0.0591
vn -0.0275 -0.9983 0.0523
vn -0.0392 -0.9983 0.0442
vn -0.0486 -0.9983 0.0336
vn -0.0552 -0.9983 0.0210
vn -0.0587 -0.9983 0.0071
vn -0.0587 -0.9983 -0.0071
vn -0.0552 -0.9983 -0.0210
vn -0.0486 -0.9983 -0.0336
vn -0.0392 -0.9983 -0.0442
vn -0.0275 -0.9983 -0.0523
vn -0.0141 -0.9983 -0.0574
vn -0.0000 -0.9983 -0.0591
vn 0.0141 -0.9983 -0.0574
vn 0.0275 -0.9983 -0.0523
vn 0.0392 -0.9983 -0.0442
vn 0.0486 -0.9983 -0.0336
vn 0.0552 -0.9983 -0.0210
vn 0.0587 -0.9983 -0.0071
vn 0.0587 -0.9983 0.0071
vn 0.0552 -0.9983 0.0210
vn 0.0486 -0.9983 0.0336
vn 0.0392 -0.9983 0.0442
vn 0.0275 -0.9983 0.0523
vn 0.0141 -0.9983 0.0574
vn -0.0141 -0.9983 0.0574
vn -0.0000 -1.0000 -0.0000
vn -0.0000 -0.4325 -0.9016
vn 0.1817 0.2438 -0.9526
vn 0.3124 -0.4071 -0.8583
vn 0.1384 -0.6598 -0.7386
vn 0.4587 0.2638 -0.8485
vn 0.4816 -0.3839 -0.7878
vn 0.3384 -0.6292 -0.6997
vn 0.6034 0.2633 -0.7527
vn 0.5253 -0.3972 -0.7525
vn 0.4092 -0.6230 -0.6666
vn 0.7053 0.2270 -0.6716
vn 0.5883 -0.4479 -0.6733
vn 0.3986 -0.6548 -0.6421
vn 0.8564 0.1521 -0.4934
vn 0.7482 -0.5144 -0.4190
vn 0.4840 -0.7151 -0.5044
vn 0.9664 0.0948 -0.2387
vn 0.8304 -0.5370 -0.1485
vn 0.6178 -0.7449 -0.2519
vn 0.9968 0.0794 -0.0074
vn 0.8349 -0.5292 0.1513
vn 0.6616 -0.7498 -0.0113
vn 0.9402 0.1412 0.3099
vn 0.7136 -0.4146 0.5646
vn 0.6179 -0.7206 0.3146
vn 0.7719 0.3297 0.5435
vn 0.6455 -0.2593 0.7184
vn 0.4925 -0.5929 0.6371
vn 0.6974 0.4782 0.5338
vn 0.7455 -0.1583 0.6475
vn 0.5643 -0.5107 0.6486
vn 0.6401 0.5226 0.5633
vn 0.8124 -0.1530 0.5626
vn 0.7203 -0.4442 0.5328
vn 0.5937 0.3425 0.7281
vn 0.6229 -0.4337 0.6511
vn 0.7274 -0.5098 0.4593
vn 0.2650 -0.0002 0.9642
vn -0.0000 -0.6716 0.7410
vn 0.3170 -0.7833 0.5347
vn -0.2650 -0.0002 0.9642
vn -0.6229 -0.4337 0.6511
vn -0.3170 -0.7833 0.5347
vn -0.5937 0.3425 0.7281
vn -0.8124 -0.1530 0.5626
vn -0.7274 -0.5098 0.4593
vn -0.6401 0.5226 0.5633
vn -0.7455 -0.1583 0.6474
vn -0.7203 -0.4442 0.5328
vn -0.6974 0.4782 0.5338
vn -0.6455 -0.2593 0.7184
vn -0.5643 -0.5107 0.6486
vn -0.7719 0.3297 0.5435
vn -0.7136 -0.4146 0.5646
vn -0.4925 -0.5929 0.6371
vn -0.9402 0.1412 0.3099
vn -0.8349 -0.5292 0.1513
vn -0.6179 -0.7206 0.3146
vn -0.9968 0.0794 -0.0074
vn -0.8304 -0.5370 -0.1485
vn -0.6616 -0.7498 -0.0113
vn -0.9664 0.0947 -0.2387
vn -0.7482 -0.5144 -0.4190
vn -0.6178 -0.7449 -0.2519
vn -0.8564 0.1521 -0.4934
vn -0.5883 -0.4479 -0.6733
vn -0.4840 -0.7151 -0.5044
vn -0.7053 0.2270 -0.6716
vn -0.5253 -0.3972 -0.7525
vn -0.3986 -0.6548 -0.6421
vn -0.6034 0.2633 -0.7527
vn -0.4816 -0.3839 -0.7878
vn -0.4092 -0.6230 -0.6666
vn -0.4587 0.2638 -0.8485
vn -0.3124 -0.4071 -0.8583
vn -0.3384 -0.6292 -0.6997
vn -0.1817 0.2438 -0.9526
vn -0.1383 -0.6598 -0.7386
vn -0.1759 -0.6779 -0.7138
vn -0.0972 -0.5910 -0.8008
vn -0.0000 -0.6779 -0.7352
vn -0.0716 -0.8046 -0.5894
vn -0.3827 0.5680 -0.7286
vn -0.3052 0.5128 -0.8024
vn -0.1989 0.5724 -0.7955
vn -0.2821 0.6118 -0.7390
vn -0.6808 0.5619 -0.4699
vn -0.6449 0.5079 -0.5711
vn -0.5474 0.5646 -0.6178
vn -0.5951 0.6065 -0.5273
vn -0.9814 0.1505 -0.1192
vn -0.9688 0.0670 -0.2388
vn -0.9244 0.1505 -0.3506
vn -0.9420 0.2424 -0.2322
vn -0.8835 0.0670 -0.4637
vn -0.8136 0.1505 -0.5616
vn -0.8591 0.2424 -0.4509
vn -0.9244 0.1505 0.3506
vn -0.9688 0.0670 0.2388
vn -0.9814 0.1505 0.1192
vn -0.9420 0.2424 0.2322
vn -0.8232 0.5590 -0.0999
vn -0.8380 0.5052 -0.2065
vn -0.7747 0.5599 -0.2938
vn -0.7742 0.6035 -0.1909
vn -0.7747 0.5599 0.2938
vn -0.8380 0.5052 0.2065
vn -0.8232 0.5590 0.0999
vn -0.7742 0.6035 0.1909
vn -0.8632 0.5048 -0.0000
vn -0.7977 0.6031 -0.0000
vn -0.6808 0.5619 0.4699
vn -0.7637 0.5062 0.4007
vn -0.7053 0.6046 0.3702
vn -0.4594 0.1505 0.8754
vn -0.5668 0.0670 0.8211
vn -0.6556 0.1505 0.7400
vn -0.5511 0.2424 0.7984
vn -0.0000 0.5755 0.8178
vn -0.1045 0.5160 0.8502
vn -0.1989 0.5724 0.7955
vn -0.0982 0.6155 0.7820
vn 0.4594 0.1505 0.8754
vn 0.3538 0.0670 0.9329
vn 0.2366 0.1505 0.9599
vn 0.3440 0.2424 0.9071
vn 0.1203 0.0670 0.9905
vn -0.0000 0.1505 0.9886
vn 0.1169 0.2424 0.9631
vn 0.8136 0.1505 0.5616
vn 0.7468 0.0670 0.6616
vn 0.6556 0.1505 0.7400
vn 0.7262 0.2424 0.6433
vn 0.3827 0.5680 0.7286
vn 0.3052 0.5128 0.8024
vn 0.1989 0.5724 0.7955
vn 0.2821 0.6118 0.7390
vn 0.6808 0.5619 0.4699
vn 0.6449 0.5079 0.5711
vn 0.5474 0.5646 0.6178
vn 0.5951 0.6065 0.5273
vn 0.4888 0.5100 0.7078
vn 0.4505 0.6089 0.6529
vn 0.7747 0.5599 0.2938
vn 0.7637 0.5062 0.4007
vn 0.7053 0.6046 0.3702
vn 0.9814 0.1505 -0.1192
vn 0.9978 0.0670 -0.0000
vn 0.9814 0.1505 0.1192
vn 0.9702 0.2424 -0.0000
vn 0.6808 0.5619 -0.4699
vn 0.7637 0.5062 -0.4007
vn 0.7747 0.5599 -0.2938
vn 0.7053 0.6046 -0.3702
vn 0.4594 0.1505 -0.8754
vn 0.5670 0.0668 -0.8210
vn 0.6556 0.1505 -0.7400
vn 0.5511 0.2424 -0.7984
vn 0.7469 0.0669 -0.6615
vn 0.8136 0.1505 -0.5616
vn 0.7262 0.2424 -0.6433
vn 0.2366 0.1505 -0.9599
vn 0.3540 0.0667 -0.9329
vn 0.3440 0.2424 -0.9071
vn 0.3827 0.5680 -0.7286
vn 0.4888 0.5100 -0.7078
vn 0.5474 0.5646 -0.6178
vn 0.4505 0.6089 -0.6529
vn 0.1989 0.5724 -0.7955
vn 0.3052 0.5128 -0.8024
vn 0.2821 0.6118 -0.7390
vn -0.1045 0.5160 -0.8502
vn -0.0000 0.5755 -0.8178
vn -0.0982 0.6155 -0.7820
vn 0.6050 -0.6779 -0.4176
vn 0.7143 -0.5910 -0.3749
vn 0.6874 -0.6779 -0.2607
vn 0.5258 -0.8046 -0.2759
vn 0.7832 -0.5910 -0.1930
vn 0.7298 -0.6779 -0.0886
vn 0.5765 -0.8046 -0.1421
vn 0.8066 -0.5910 -0.0000
vn 0.7298 -0.6779 0.0886
vn 0.5938 -0.8046 -0.0000
vn 0.7832 -0.5910 0.1930
vn 0.6874 -0.6779 0.2607
vn 0.5765 -0.8046 0.1421
vn 0.7143 -0.5910 0.3749
vn 0.6050 -0.6779 0.4176
vn 0.5258 -0.8046 0.2759
vn 0.6038 -0.5910 0.5349
vn 0.4875 -0.6779 0.5503
vn 0.4444 -0.8046 0.3937
vn 0.4582 -0.5910 0.6639
vn 0.3417 -0.6779 0.6510
vn 0.3373 -0.8046 0.4887
vn 0.2860 -0.5910 0.7542
vn 0.1759 -0.6779 0.7138
vn 0.2106 -0.8046 0.5552
vn 0.0972 -0.5910 0.8008
vn -0.0000 -0.6779 0.7352
vn 0.0716 -0.8046 0.5894
vn -0.0972 -0.5910 0.8008
vn -0.1759 -0.6779 0.7138
vn -0.0716 -0.8046 0.5894
vn -0.2860 -0.5910 0.7542
vn -0.3417 -0.6779 0.6510
vn -0.2106 -0.8046 0.5552
vn -0.4582 -0.5910 0.6639
vn -0.4875 -0.6779 0.5503
vn -0.3373 -0.8046 0.4887
vn -0.6038 -0.5910 0.5349
vn -0.6050 -0.6779 0.4176
vn -0.4444 -0.8046 0.3937
vn -0.7143 -0.5910 0.3749
vn -0.6874 -0.6779 0.2607
vn -0.5258 -0.8046 0.2759
vn -0.7832 -0.5910 0.1930
vn -0.7298 -0.6779 0.0886
vn -0.5765 -0.8046 0.1421
vn -0.8066 -0.5910 -0.0000
vn -0.7298 -0.6779 -0.0886
vn -0.5938 -0.8046 -0.0000
vn -0.7832 -0.5910 -0.1930
vn -0.6874 -0.6779 -0.2607
vn -0.5765 -0.8046 -0.1421
vn -0.7143 -0.5910 -0.3749
vn -0.6050 -0.6779 -0.4176
vn -0.5258 -0.8046 -0.2759
vn -0.6038 -0.5910 -0.5349
vn -0.4875 -0.6779 -0.5503
vn -0.4444 -0.8046 -0.3937
vn -0.4582 -0.5910 -0.6639
vn -0.3417 -0.6779 -0.6510
vn -0.3373 -0.8046 -0.4887
vn -0.2860 -0.5910 -0.7542
vn -0.2106 -0.8046 -0.5552
vn 0.1965 -0.9805 -0.0000
vn 0.1693 -0.9854 0.0206
vn 0.1312 -0.9914 -0.0000
vn 0.1693 -0.9854 -0.0206
vn 0.1759 -0.6779 -0.7138
vn 0.2860 -0.5910 -0.7542
vn 0.3417 -0.6779 -0.6510
vn 0.2106 -0.8046 -0.5552
vn 0.2340 -0.2094 -0.9494
vn 0.3508 -0.1454 -0.9251
vn 0.4544 -0.2094 -0.8658
vn 0.3398 -0.2861 -0.8959
vn -0.2340 -0.2094 -0.9494
vn -0.1193 -0.1454 -0.9822
vn -0.0000 -0.2094 -0.9778
vn -0.1155 -0.2861 -0.9512
vn -0.4544 -0.2094 -0.8658
vn -0.3508 -0.1454 -0.9251
vn -0.3398 -0.2861 -0.8959
vn -0.6484 -0.2094 -0.7319
vn -0.5620 -0.1454 -0.8142
vn -0.5443 -0.2861 -0.7886
vn -0.8047 -0.2094 -0.5555
vn -0.7406 -0.1454 -0.6561
vn -0.7172 -0.2861 -0.6354
vn -0.9143 -0.2094 -0.3467
vn -0.8760 -0.1454 -0.4598
vn -0.8485 -0.2861 -0.4453
vn -0.9707 -0.2094 -0.1179
vn -0.9606 -0.1454 -0.2368
vn -0.9304 -0.2861 -0.2293
vn -0.9707 -0.2094 0.1179
vn -0.9894 -0.1454 -0.0000
vn -0.9582 -0.2861 -0.0000
vn -0.9143 -0.2094 0.3467
vn -0.9606 -0.1454 0.2368
vn -0.9304 -0.2861 0.2293
vn -0.8047 -0.2094 0.5555
vn -0.8760 -0.1454 0.4598
vn -0.8485 -0.2861 0.4453
vn -0.6484 -0.2094 0.7319
vn -0.7406 -0.1454 0.6561
vn -0.7172 -0.2861 0.6354
vn -0.4544 -0.2094 0.8658
vn -0.5620 -0.1454 0.8142
vn -0.5443 -0.2861 0.7886
vn -0.2340 -0.2094 0.9494
vn -0.3508 -0.1454 0.9251
vn -0.3398 -0.2861 0.8959
vn -0.0000 -0.2094 0.9778
vn -0.1193 -0.1454 0.9822
vn -0.1155 -0.2861 0.9512
vn 0.2340 -0.2094 0.9494
vn 0.1193 -0.1454 0.9822
vn 0.1155 -0.2861 0.9512
vn 0.4544 -0.2094 0.8658
vn 0.3508 -0.1454 0.9251
vn 0.3398 -0.2861 0.8959
vn 0.6484 -0.2094 0.7319
vn 0.5620 -0.1454 0.8142
vn 0.5443 -0.2861 0.7886
vn 0.8047 -0.2094 0.5555
vn 0.7406 -0.1454 0.6561
vn 0.7172 -0.2861 0.6354
vn 0.9143 -0.2094 0.3467
vn 0.8760 -0.1454 0.4598
vn 0.8485 -0.2861 0.4453
vn 0.9707 -0.2094 0.1179
vn 0.9606 -0.1454 0.2368
vn 0.9304 -0.2861 0.2293
vn 0.9707 -0.2094 -0.1179
vn 0.9894 -0.1454 -0.0000
vn 0.9582 -0.2861 -0.0000
vn 0.9143 -0.2094 -0.3467
vn 0.9606 -0.1454 -0.2368
vn 0.9304 -0.2861 -0.2293
vn 0.8047 -0.2094 -0.5555
vn 0.8760 -0.1454 -0.4598
vn 0.8485 -0.2861 -0.4453
vn 0.6484 -0.2094 -0.7319
vn 0.7406 -0.1454 -0.6561
vn 0.7172 -0.2861 -0.6354
vn 0.5620 -0.1454 -0.8142
vn 0.5443 -0.2861 -0.7886
vn 0.1193 -0.1454 -0.9822
vn 0.1155 -0.2861 -0.9512
vn 0.4582 -0.5910 -0.6639
vn 0.4875 -0.6779 -0.5503
vn 0.3373 -0.8046 -0.4887
vn -0.2535 -0.1410 -0.9570
vn -0.1345 -0.2260 -0.9648
vn -0.0000 -0.1437 -0.9896
vn -0.1242 -0.0555 -0.9907
vn -0.4815 -0.1342 -0.8661
vn -0.3827 -0.2214 -0.8969
vn -0.3628 -0.0524 -0.9304
vn -0.6697 -0.1280 -0.7315
vn -0.5827 -0.2146 -0.7838
vn -0.5749 -0.0482 -0.8168
vn -0.8186 -0.1265 -0.5603
vn -0.7372 -0.2157 -0.6403
vn -0.7508 -0.0452 -0.6590
vn -0.9267 -0.1286 -0.3531
vn -0.8586 -0.2259 -0.4602
vn -0.8849 -0.0443 -0.4637
vn -0.9841 -0.1308 -0.1204
vn -0.9409 -0.2376 -0.2414
vn -0.9700 -0.0444 -0.2391
vn -0.9840 -0.1311 0.1203
vn -0.9699 -0.2434 -0.0003
vn -0.9990 -0.0445 -0.0000
vn -0.9264 -0.1294 0.3535
vn -0.9404 -0.2392 0.2419
vn -0.9700 -0.0445 0.2392
vn -0.8171 -0.1276 0.5622
vn -0.8565 -0.2258 0.4642
vn -0.8846 -0.0443 0.4643
vn -0.6645 -0.1311 0.7357
vn -0.7397 -0.2211 0.6356
vn -0.7483 -0.0445 0.6619
vn -0.4750 -0.1407 0.8687
vn -0.5931 -0.2420 0.7679
vn -0.5686 -0.0452 0.8214
vn -0.2497 -0.1529 0.9562
vn -0.4091 -0.2856 0.8666
vn -0.3559 -0.0463 0.9334
vn -0.0000 -0.1578 0.9875
vn -0.1439 -0.3229 0.9354
vn -0.1211 -0.0472 0.9915
vn 0.2497 -0.1529 0.9562
vn 0.1439 -0.3229 0.9354
vn 0.1211 -0.0472 0.9915
vn 0.4750 -0.1407 0.8687
vn 0.4091 -0.2856 0.8666
vn 0.3559 -0.0463 0.9334
vn 0.6645 -0.1311 0.7357
vn 0.5931 -0.2420 0.7679
vn 0.5686 -0.0452 0.8214
vn 0.8171 -0.1276 0.5622
vn 0.7397 -0.2211 0.6356
vn 0.7483 -0.0445 0.6619
vn 0.9264 -0.1294 0.3535
vn 0.8565 -0.2258 0.4642
vn 0.8846 -0.0443 0.4643
vn 0.9840 -0.1311 0.1203
vn 0.9404 -0.2392 0.2419
vn 0.9700 -0.0445 0.2392
vn 0.9841 -0.1308 -0.1204
vn 0.9699 -0.2434 -0.0003
vn 0.9990 -0.0445 -0.0000
vn 0.9267 -0.1286 -0.3531
vn 0.9409 -0.2376 -0.2414
vn 0.9700 -0.0444 -0.2391
vn 0.8186 -0.1265 -0.5603
vn 0.8586 -0.2259 -0.4602
vn 0.8849 -0.0443 -0.4637
vn 0.6697 -0.1280 -0.7315
vn 0.7372 -0.2157 -0.6403
vn 0.7508 -0.0452 -0.6590
vn 0.4815 -0.1342 -0.8661
vn 0.5827 -0.2146 -0.7838
vn 0.5749 -0.0482 -0.8168
vn 0.2535 -0.1410 -0.9570
vn 0.3827 -0.2214 -0.8969
vn 0.3628 -0.0524 -0.9304
vn 0.1345 -0.2260 -0.9648
vn 0.1242 -0.0555 -0.9907
vn 0.6038 -0.5910 -0.5349
vn 0.4444 -0.8046 -0.3937
vn -0.1900 0.6278 -0.7548
vn -0.0000 0.6285 -0.7778
vn -0.0986 0.6079 -0.7879
vn -0.3621 0.6270 -0.6897
vn -0.2821 0.6107 -0.7400
vn -0.5167 0.6264 -0.5836
vn -0.4505 0.6089 -0.6529
vn -0.4486 0.6130 -0.6504
vn -0.6417 0.6260 -0.4432
vn -0.5902 0.6148 -0.5232
vn -0.7294 0.6256 -0.2767
vn -0.7053 0.6046 -0.3702
vn -0.6973 0.6162 -0.3662
vn -0.7746 0.6254 -0.0941
vn -0.7641 0.6170 -0.1884
vn -0.7746 0.6254 0.0941
vn -0.7867 0.6173 -0.0000
vn -0.7294 0.6256 0.2767
vn -0.7641 0.6170 0.1884
vn -0.6417 0.6260 0.4432
vn -0.6973 0.6162 0.3662
vn -0.5167 0.6264 0.5836
vn -0.5951 0.6065 0.5273
vn -0.5902 0.6148 0.5232
vn -0.3621 0.6270 0.6897
vn -0.4505 0.6089 0.6529
vn -0.4486 0.6130 0.6504
vn -0.1900 0.6278 0.7548
vn -0.2821 0.6118 0.7390
vn -0.2821 0.6107 0.7400
vn -0.0000 0.6285 0.7778
vn -0.0986 0.6079 0.7879
vn 0.1900 0.6278 0.7548
vn 0.0982 0.6155 0.7820
vn 0.0986 0.6079 0.7879
vn 0.3621 0.6270 0.6897
vn 0.2821 0.6107 0.7400
vn 0.5167 0.6264 0.5836
vn 0.4486 0.6130 0.6504
vn 0.6417 0.6260 0.4432
vn 0.5902 0.6148 0.5232
vn 0.7294 0.6256 0.2767
vn 0.6973 0.6162 0.3662
vn 0.7746 0.6254 0.0941
vn 0.7742 0.6035 0.1909
vn 0.7641 0.6170 0.1884
vn 0.7746 0.6254 -0.0941
vn 0.7977 0.6031 -0.0000
vn 0.7867 0.6173 -0.0000
vn 0.7294 0.6256 -0.2767
vn 0.7742 0.6035 -0.1909
vn 0.7641 0.6170 -0.1884
vn 0.6417 0.6260 -0.4432
vn 0.6973 0.6162 -0.3662
vn 0.5167 0.6264 -0.5836
vn 0.5951 0.6065 -0.5273
vn 0.5902 0.6148 -0.5232
vn 0.3621 0.6270 -0.6897
vn 0.4486 0.6130 -0.6504
vn -0.1205 -0.0196 -0.9925
vn -0.0000 -0.0808 -0.9967
vn -0.2385 -0.0808 -0.9678
vn 0.1205 -0.0196 -0.9925
vn 0.2385 -0.0808 -0.9678
vn -0.3545 -0.0196 -0.9348
vn -0.4632 -0.0808 -0.8826
vn -0.0000 0.0099 -1.0000
vn 0.2410 0.0104 -0.9705
vn 0.1204 0.0665 -0.9905
vn -0.5680 -0.0196 -0.8228
vn -0.6610 -0.0808 -0.7461
vn -0.3345 0.3321 -0.8819
vn -0.2333 0.2232 -0.9465
vn -0.3519 0.1224 -0.9280
vn -0.4530 0.2232 -0.8631
vn -0.7484 -0.0196 -0.6630
vn -0.8203 -0.0808 -0.5662
vn -0.5358 0.3323 -0.7762
vn -0.5638 0.1224 -0.8168
vn -0.6464 0.2232 -0.7296
vn -0.8853 -0.0196 -0.4646
vn -0.9320 -0.0808 -0.3534
vn -0.7060 0.3324 -0.6254
vn -0.7429 0.1224 -0.6581
vn -0.8022 0.2232 -0.5537
vn -0.9708 -0.0196 -0.2393
vn -0.9895 -0.0808 -0.1201
vn -0.8351 0.3325 -0.4383
vn -0.8788 0.1224 -0.4612
vn -0.9114 0.2232 -0.3457
vn -0.9998 -0.0196 -0.0000
vn -0.9895 -0.0808 0.1201
vn -0.9157 0.3325 -0.2257
vn -0.9636 0.1224 -0.2375
vn -0.9677 0.2232 -0.1175
vn -0.9708 -0.0196 0.2393
vn -0.9320 -0.0808 0.3534
vn -0.9431 0.3325 -0.0000
vn -0.9925 0.1224 -0.0000
vn -0.9677 0.2232 0.1175
vn -0.8853 -0.0196 0.4646
vn -0.8203 -0.0808 0.5662
vn -0.9157 0.3325 0.2257
vn -0.9636 0.1224 0.2375
vn -0.9114 0.2232 0.3457
vn -0.7484 -0.0196 0.6630
vn -0.6610 -0.0808 0.7461
vn -0.8351 0.3325 0.4383
vn -0.8788 0.1224 0.4612
vn -0.8022 0.2232 0.5537
vn -0.5680 -0.0196 0.8228
vn -0.4632 -0.0808 0.8826
vn -0.7060 0.3324 0.6254
vn -0.7429 0.1224 0.6581
vn -0.6464 0.2232 0.7296
vn -0.3545 -0.0196 0.9348
vn -0.2385 -0.0808 0.9678
vn -0.5358 0.3323 0.7762
vn -0.5638 0.1224 0.8168
vn -0.4530 0.2232 0.8631
vn -0.1205 -0.0196 0.9925
vn -0.0000 -0.0808 0.9967
vn -0.3345 0.3321 0.8819
vn -0.3519 0.1224 0.9280
vn -0.2333 0.2232 0.9465
vn 0.1205 -0.0196 0.9925
vn 0.2385 -0.0808 0.9678
vn -0.1137 0.3319 0.9364
vn -0.1196 0.1224 0.9852
vn -0.0000 0.2232 0.9748
vn 0.3545 -0.0196 0.9348
vn 0.4632 -0.0808 0.8826
vn 0.1137 0.3319 0.9364
vn 0.1196 0.1224 0.9852
vn 0.2333 0.2232 0.9465
vn 0.5680 -0.0196 0.8228
vn 0.6610 -0.0808 0.7461
vn 0.3345 0.3321 0.8819
vn 0.3519 0.1224 0.9280
vn 0.4530 0.2232 0.8631
vn 0.7484 -0.0196 0.6630
vn 0.8203 -0.0808 0.5662
vn 0.5358 0.3323 0.7762
vn 0.5638 0.1224 0.8168
vn 0.6464 0.2232 0.7296
vn 0.8853 -0.0196 0.4646
vn 0.9320 -0.0808 0.3534
vn 0.7060 0.3324 0.6254
vn 0.7429 0.1224 0.6581
vn 0.8022 0.2232 0.5537
vn 0.9708 -0.0196 0.2393
vn 0.9895 -0.0808 0.1201
vn 0.8351 0.3325 0.4383
vn 0.8788 0.1224 0.4612
vn 0.9114 0.2232 0.3457
vn 0.9998 -0.0196 -0.0000
vn 0.9895 -0.0808 -0.1201
vn 0.9157 0.3325 0.2257
vn 0.9636 0.1224 0.2375
vn 0.9677 0.2232 0.1175
vn 0.9708 -0.0196 -0.2393
vn 0.9320 -0.0808 -0.3534
vn 0.9431 0.3325 -0.0000
vn 0.9925 0.1224 -0.0000
vn 0.9677 0.2232 -0.1175
vn 0.8853 -0.0196 -0.4646
vn 0.8203 -0.0808 -0.5662
vn 0.9157 0.3325 -0.2257
vn 0.9636 0.1224 -0.2375
vn 0.9114 0.2232 -0.3457
vn 0.7484 -0.0196 -0.6630
vn 0.6610 -0.0808 -0.7461
vn 0.8351 0.3325 -0.4383
vn 0.8788 0.1224 -0.4612
vn 0.8022 0.2232 -0.5537
vn 0.5680 -0.0196 -0.8228
vn 0.4632 -0.0808 -0.8826
vn 0.7060 0.3324 -0.6254
vn 0.7429 0.1224 -0.6581
vn 0.6464 0.2232 -0.7296
vn 0.3545 -0.0196 -0.9348
vn 0.5358 0.3323 -0.7762
vn 0.5638 0.1224 -0.8168
vn 0.4530 0.2232 -0.8631
vn -0.1137 0.3319 -0.9364
vn -0.0000 0.2232 -0.9748
vn -0.1196 0.1224 -0.9852
vn 0.3345 0.3321 -0.8819
vn 0.3519 0.1224 -0.9280
vn 0.2333 0.2232 -0.9465
vn -0.0000 0.4264 -0.9045
vn 0.1052 0.5005 -0.8593
vn 0.2167 0.4273 -0.8778
vn 0.1137 0.3319 -0.9364
vn 0.0982 0.6155 -0.7820
vn 0.1900 0.6278 -0.7548
vn 0.0986 0.6079 -0.7879
vn -0.2366 0.1505 -0.9599
vn -0.1204 0.0665 -0.9905
vn -0.0000 0.1505 -0.9886
vn -0.1169 0.2424 -0.9631
vn -0.4888 0.5100 -0.7078
vn 0.8835 0.0670 -0.4637
vn 0.9244 0.1505 -0.3506
vn 0.8591 0.2424 -0.4509
vn 0.6449 0.5079 -0.5711
vn 0.9688 0.0670 -0.2388
vn 0.9420 0.2424 -0.2322
vn 0.9688 0.0670 0.2388
vn 0.9244 0.1505 0.3506
vn 0.9420 0.2424 0.2322
vn 0.8232 0.5590 -0.0999
vn 0.8632 0.5048 -0.0000
vn 0.8232 0.5590 0.0999
vn 0.8380 0.5052 -0.2065
vn 0.8380 0.5052 0.2065
vn 0.5668 0.0670 0.8211
vn 0.5511 0.2424 0.7984
vn 0.8835 0.0670 0.4637
vn 0.8591 0.2424 0.4509
vn -0.1203 0.0670 0.9905
vn -0.2366 0.1505 0.9599
vn -0.1169 0.2424 0.9631
vn 0.1045 0.5160 0.8502
vn -0.3538 0.0670 0.9329
vn -0.3440 0.2424 0.9071
vn -0.7468 0.0670 0.6616
vn -0.8136 0.1505 0.5616
vn -0.7262 0.2424 0.6433
vn -0.3827 0.5680 0.7286
vn -0.4888 0.5100 0.7078
vn -0.5474 0.5646 0.6178
vn -0.3052 0.5128 0.8024
vn -0.6449 0.5079 0.5711
vn -0.9978 0.0670 -0.0000
vn -0.9702 0.2424 -0.0000
vn -0.8835 0.0670 0.4637
vn -0.8591 0.2424 0.4509
vn -0.7469 0.0669 -0.6615
vn -0.6556 0.1505 -0.7400
vn -0.7262 0.2424 -0.6433
vn -0.7637 0.5062 -0.4007
vn -0.5670 0.0668 -0.8210
vn -0.4594 0.1505 -0.8754
vn -0.5511 0.2424 -0.7984
vn -0.3540 0.0667 -0.9329
vn -0.3440 0.2424 -0.9071
vn 0.1045 0.5160 -0.8502
vn 0.1997 0.5639 -0.8013
vn -0.0000 0.5606 -0.8281
vn 0.3068 0.5042 -0.8073
vn 0.4200 0.4285 -0.8000
vn 0.2821 0.6107 -0.7400
vn 0.3824 0.5687 -0.7283
vn 0.4897 0.5073 -0.7091
vn 0.5989 0.4295 -0.6759
vn 0.5438 0.5722 -0.6139
vn 0.6441 0.5097 -0.5704
vn 0.7430 0.4303 -0.5127
vn 0.6733 0.5750 -0.4648
vn 0.7609 0.5115 -0.3992
vn 0.8438 0.4308 -0.3200
vn 0.7637 0.5770 -0.2896
vn 0.8337 0.5126 -0.2054
vn 0.8957 0.4311 -0.1087
vn 0.8101 0.5780 -0.0984
vn 0.8584 0.5130 -0.0000
vn 0.8957 0.4311 0.1087
vn 0.8101 0.5780 0.0984
vn 0.8337 0.5126 0.2054
vn 0.8438 0.4308 0.3200
vn 0.7637 0.5770 0.2896
vn 0.7609 0.5115 0.3992
vn 0.7430 0.4303 0.5127
vn 0.6733 0.5750 0.4648
vn 0.6441 0.5097 0.5704
vn 0.5989 0.4295 0.6759
vn 0.5438 0.5722 0.6139
vn 0.4897 0.5073 0.7091
vn 0.4200 0.4285 0.8000
vn 0.3824 0.5687 0.7283
vn 0.3068 0.5042 0.8073
vn 0.2167 0.4273 0.8778
vn 0.1997 0.5639 0.8013
vn 0.1052 0.5005 0.8593
vn -0.0000 0.4264 0.9045
vn -0.0000 0.5606 0.8281
vn -0.1052 0.5005 0.8593
vn -0.2167 0.4273 0.8778
vn -0.1997 0.5639 0.8013
vn -0.3068 0.5042 0.8073
vn -0.4200 0.4285 0.8000
vn -0.3824 0.5687 0.7283
vn -0.4897 0.5073 0.7091
vn -0.5989 0.4295 0.6759
vn -0.5438 0.5722 0.6139
vn -0.6441 0.5097 0.5704
vn -0.7430 0.4303 0.5127
vn -0.6733 0.5750 0.4648
vn -0.7609 0.5115 0.3992
vn -0.8438 0.4308 0.3200
vn -0.7637 0.5770 0.2896
vn -0.8337 0.5126 0.2054
vn -0.8957 0.4311 0.1087
vn -0.8101 0.5780 0.0984
vn -0.8584 0.5130 -0.0000
vn -0.8957 0.4311 -0.1087
vn -0.8101 0.5780 -0.0984
vn -0.8337 0.5126 -0.2054
vn -0.8438 0.4308 -0.3200
vn -0.7637 0.5770 -0.2896
vn -0.7609 0.5115 -0.3992
vn -0.7430 0.4303 -0.5127
vn -0.6733 0.5750 -0.4648
vn -0.6441 0.5097 -0.5704
vn -0.5989 0.4295 -0.6759
vn -0.5438 0.5722 -0.6139
vn -0.4897 0.5073 -0.7091
vn -0.4200 0.4285 -0.8000
vn -0.3824 0.5687 -0.7283
vn -0.3068 0.5042 -0.8073
vn -0.2167 0.4273 -0.8778
vn -0.1997 0.5639 -0.8013
vn -0.1052 0.5005 -0.8593
vn 0.1169 0.2424 -0.9631
vn 0.2269 0.3180 -0.9205
vn 0.1112 0.3875 -0.9152
vn -0.0000 0.3180 -0.9481
vn 0.2140 0.4518 -0.8661
vn -0.0000 0.4526 -0.8917
vn 0.4406 0.3180 -0.8395
vn 0.3270 0.3873 -0.8620
vn 0.4150 0.4506 -0.7904
vn 0.6287 0.3180 -0.7097
vn 0.5238 0.3872 -0.7588
vn 0.5923 0.4498 -0.6685
vn 0.7803 0.3180 -0.5386
vn 0.6902 0.3871 -0.6114
vn 0.7354 0.4491 -0.5075
vn 0.8865 0.3180 -0.3362
vn 0.8165 0.3870 -0.4285
vn 0.8357 0.4486 -0.3169
vn 0.9412 0.3180 -0.1143
vn 0.8953 0.3869 -0.2207
vn 0.8873 0.4483 -0.1077
vn 0.9412 0.3180 0.1143
vn 0.9221 0.3869 -0.0000
vn 0.8873 0.4483 0.1077
vn 0.8865 0.3180 0.3362
vn 0.8953 0.3869 0.2207
vn 0.8357 0.4486 0.3169
vn 0.7803 0.3180 0.5386
vn 0.8165 0.3870 0.4285
vn 0.7354 0.4491 0.5075
vn 0.6287 0.3180 0.7097
vn 0.6902 0.3871 0.6114
vn 0.5923 0.4498 0.6685
vn 0.4406 0.3180 0.8395
vn 0.5238 0.3872 0.7588
vn 0.4150 0.4506 0.7904
vn 0.2269 0.3180 0.9205
vn 0.3270 0.3873 0.8620
vn 0.2140 0.4518 0.8661
vn -0.0000 0.3180 0.9481
vn 0.1112 0.3875 0.9152
vn -0.0000 0.4526 0.8917
vn -0.2269 0.3180 0.9205
vn -0.1112 0.3875 0.9152
vn -0.2140 0.4518 0.8661
vn -0.4406 0.3180 0.8395
vn -0.3270 0.3873 0.8620
vn -0.4150 0.4506 0.7904
vn -0.6287 0.3180 0.7097
vn -0.5238 0.3872 0.7588
vn -0.5923 0.4498 0.6685
vn -0.7803 0.3180 0.5386
vn -0.6902 0.3871 0.6114
vn -0.7354 0.4491 0.5075
vn -0.8865 0.3180 0.3362
vn -0.8165 0.3870 0.4285
vn -0.8357 0.4486 0.3169
vn -0.9412 0.3180 0.1143
vn -0.8953 0.3869 0.2207
vn -0.8873 0.4483 0.1077
vn -0.9412 0.3180 -0.1143
vn -0.9221 0.3869 -0.0000
vn -0.8873 0.4483 -0.1077
vn -0.8865 0.3180 -0.3362
vn -0.8953 0.3869 -0.2207
vn -0.8357 0.4486 -0.3169
vn -0.7803 0.3180 -0.5386
vn -0.8165 0.3870 -0.4285
vn -0.7354 0.4491 -0.5075
vn -0.6287 0.3180 -0.7097
vn -0.6902 0.3871 -0.6114
vn -0.5923 0.4498 -0.6685
vn -0.4406 0.3180 -0.8395
vn -0.5238 0.3872 -0.7588
vn -0.4150 0.4506 -0.7904
vn -0.2269 0.3180 -0.9205
vn -0.3270 0.3873 -0.8620
vn -0.2140 0.4518 -0.8661
vn -0.1112 0.3875 -0.9152
vn -0.0000 -0.3804 -0.9248
vn -0.1064 -0.4704 -0.8760
vn -0.2213 -0.3804 -0.8980
vn -0.0000 -0.5369 -0.8436
vn -0.2019 -0.5369 -0.8191
vn -0.3129 -0.4704 -0.8251
vn -0.4298 -0.3804 -0.8189
vn -0.3921 -0.5369 -0.7470
vn -0.5013 -0.4704 -0.7263
vn -0.6133 -0.3804 -0.6922
vn -0.5594 -0.5369 -0.6315
vn -0.6605 -0.4704 -0.5852
vn -0.7611 -0.3804 -0.5254
vn -0.6943 -0.5369 -0.4792
vn -0.7814 -0.4704 -0.4101
vn -0.8647 -0.3804 -0.3279
vn -0.7888 -0.5369 -0.2992
vn -0.8568 -0.4704 -0.2112
vn -0.9181 -0.3804 -0.1115
vn -0.8375 -0.5369 -0.1017
vn -0.8825 -0.4704 -0.0000
vn -0.9181 -0.3804 0.1115
vn -0.8375 -0.5369 0.1017
vn -0.8568 -0.4704 0.2112
vn -0.8647 -0.3804 0.3279
vn -0.7888 -0.5369 0.2992
vn -0.7814 -0.4704 0.4101
vn -0.7611 -0.3804 0.5254
vn -0.6943 -0.5369 0.4792
vn -0.6605 -0.4704 0.5852
vn -0.6133 -0.3804 0.6922
vn -0.5594 -0.5369 0.6315
vn -0.5013 -0.4704 0.7263
vn -0.4298 -0.3804 0.8189
vn -0.3921 -0.5369 0.7470
vn -0.3129 -0.4704 0.8251
vn -0.2213 -0.3804 0.8980
vn -0.2019 -0.5369 0.8191
vn -0.1064 -0.4704 0.8760
vn -0.0000 -0.3804 0.9248
vn -0.0000 -0.5369 0.8436
vn 0.1064 -0.4704 0.8760
vn 0.2213 -0.3804 0.8980
vn 0.2019 -0.5369 0.8191
vn 0.3129 -0.4704 0.8251
vn 0.4298 -0.3804 0.8189
vn 0.3921 -0.5369 0.7470
vn 0.5013 -0.4704 0.7263
vn 0.6133 -0.3804 0.6922
vn 0.5594 -0.5369 0.6315
vn 0.6605 -0.4704 0.5852
vn 0.7611 -0.3804 0.5254
vn 0.6943 -0.5369 0.4792
vn 0.7814 -0.4704 0.4101
vn 0.8647 -0.3804 0.3279
vn 0.7888 -0.5369 0.2992
vn 0.8568 -0.4704 0.2112
vn 0.9181 -0.3804 0.1115
vn 0.8375 -0.5369 0.1017
vn 0.8825 -0.4704 -0.0000
vn 0.9181 -0.3804 -0.1115
vn 0.8375 -0.5369 -0.1017
vn 0.8568 -0.4704 -0.2112
vn 0.8647 -0.3804 -0.3279
vn 0.7888 -0.5369 -0.2992
vn 0.7814 -0.4704 -0.4101
vn 0.7611 -0.3804 -0.5254
vn 0.6943 -0.5369 -0.4792
vn 0.6605 -0.4704 -0.5852
vn 0.6133 -0.3804 -0.6922
vn 0.5594 -0.5369 -0.6315
vn 0.5013 -0.4704 -0.7263
vn 0.4298 -0.3804 -0.8189
vn 0.3921 -0.5369 -0.7470
vn 0.3129 -0.4704 -0.8251
vn 0.2213 -0.3804 -0.8980
vn 0.2019 -0.5369 -0.8191
vn 0.1064 -0.4704 -0.8760
vn 0.0972 -0.5910 -0.8008
vn 0.1885 -0.9810 -0.0465
vn 0.0452 -0.9990 -0.0055
vn -0.0485 -0.9988 0.0120
vn 0.0425 -0.9990 -0.0161
vn -0.2391 0.0424 -0.9701
vn -0.0000 0.0424 -0.9991
vn -0.4643 0.0424 -0.8847
vn -0.6625 0.0424 -0.7478
vn -0.8222 0.0424 -0.5676
vn -0.9342 0.0424 -0.3543
vn -0.9918 0.0424 -0.1204
vn -0.9918 0.0424 0.1204
vn -0.9342 0.0424 0.3543
vn -0.8222 0.0424 0.5676
vn -0.6625 0.0424 0.7478
vn -0.4643 0.0424 0.8847
vn -0.2391 0.0424 0.9701
vn -0.0000 0.0424 0.9991
vn 0.2391 0.0424 0.9701
vn 0.4643 0.0424 0.8847
vn 0.6625 0.0424 0.7478
vn 0.8222 0.0424 0.5676
vn 0.9342 0.0424 0.3543
vn 0.9918 0.0424 0.1204
vn 0.9918 0.0424 -0.1204
vn 0.9342 0.0424 -0.3543
vn 0.8222 0.0424 -0.5676
vn 0.6625 0.0424 -0.7478
vn 0.4643 0.0424 -0.8847
vn 0.2391 0.0424 -0.9701
vn 0.1196 0.1224 -0.9852
vn 0.4669 0.0116 -0.8843
vn 0.6644 0.0127 -0.7473
vn 0.8232 0.0133 -0.5675
vn 0.9349 0.0135 -0.3545
vn 0.9926 0.0135 -0.1205
vn 0.9926 0.0135 0.1205
vn 0.9349 0.0135 0.3546
vn 0.8229 0.0135 0.5680
vn 0.6631 0.0135 0.7484
vn 0.4647 0.0135 0.8854
vn 0.2393 0.0135 0.9709
vn -0.0000 0.0135 0.9999
vn -0.2393 0.0135 0.9709
vn -0.4647 0.0135 0.8854
vn -0.6631 0.0135 0.7484
vn -0.8229 0.0135 0.5680
vn -0.9349 0.0135 0.3546
vn -0.9926 0.0135 0.1205
vn -0.9926 0.0135 -0.1205
vn -0.9349 0.0135 -0.3545
vn -0.8232 0.0133 -0.5675
vn -0.6644 0.0127 -0.7473
vn -0.4669 0.0116 -0.8843
vn -0.2410 0.0104 -0.9705
vn 0.0716 -0.8046 -0.5894
vn 0.0949 -0.9180 -0.3851
vn 0.0234 -0.9810 -0.1927
vn -0.0000 -0.9180 -0.3966
vn 0.1843 -0.9180 -0.3512
vn 0.0688 -0.9810 -0.1815
vn 0.2630 -0.9180 -0.2969
vn 0.1103 -0.9810 -0.1598
vn 0.3264 -0.9180 -0.2253
vn 0.1453 -0.9810 -0.1287
vn 0.3708 -0.9180 -0.1406
vn 0.1719 -0.9810 -0.0902
vn 0.3937 -0.9180 -0.0478
vn 0.3937 -0.9180 0.0478
vn 0.1941 -0.9810 -0.0000
vn 0.3708 -0.9180 0.1406
vn 0.1885 -0.9810 0.0465
vn 0.3264 -0.9180 0.2253
vn 0.1719 -0.9810 0.0902
vn 0.2630 -0.9180 0.2969
vn 0.1453 -0.9810 0.1287
vn 0.1843 -0.9180 0.3512
vn 0.1103 -0.9810 0.1598
vn 0.0949 -0.9180 0.3851
vn 0.0688 -0.9810 0.1815
vn -0.0000 -0.9180 0.3966
vn 0.0234 -0.9810 0.1927
vn -0.0949 -0.9180 0.3851
vn -0.0234 -0.9810 0.1927
vn -0.1843 -0.9180 0.3512
vn -0.0688 -0.9810 0.1815
vn -0.2630 -0.9180 0.2969
vn -0.1103 -0.9810 0.1598
vn -0.3264 -0.9180 0.2253
vn -0.1453 -0.9810 0.1287
vn -0.3708 -0.9180 0.1406
vn -0.1719 -0.9810 0.0902
vn -0.3937 -0.9180 0.0478
vn -0.1885 -0.9810 0.0465
vn -0.3937 -0.9180 -0.0478
vn -0.1941 -0.9810 -0.0000
vn -0.3708 -0.9180 -0.1406
vn -0.1885 -0.9810 -0.0465
vn -0.3264 -0.9180 -0.2253
vn -0.1719 -0.9810 -0.0902
vn -0.2630 -0.9180 -0.2969
vn -0.1453 -0.9810 -0.1287
vn -0.1843 -0.9180 -0.3512
vn -0.1103 -0.9810 -0.1598
vn -0.0949 -0.9180 -0.3851
vn -0.0688 -0.9810 -0.1815
vn -0.0234 -0.9810 -0.1927
vn 0.0211 -0.9990 0.0403
vn -0.0284 -0.9988 -0.0411
vn 0.0302 -0.9990 0.0341
vn -0.0302 -0.9990 0.0341
vn 0.0284 -0.9988 -0.0411
vn -0.0211 -0.9990 0.0403
vn -0.0425 -0.9990 -0.0161
vn 0.0485 -0.9988 0.0120
vn -0.0452 -0.9990 -0.0055
vn 0.0374 -0.9990 -0.0258
vn -0.0374 -0.9988 0.0331
vn 0.0302 -0.9990 -0.0341
vn 0.0374 -0.9990 0.0258
vn -0.0442 -0.9988 -0.0232
vn 0.0425 -0.9990 0.0161
vn -0.0109 -0.9990 0.0442
vn 0.0060 -0.9988 -0.0496
vn -0.0000 -0.9990 0.0455
vn -0.0452 -0.9990 0.0055
vn 0.0485 -0.9988 -0.0120
vn -0.0425 -0.9990 0.0161
vn -0.0211 -0.9990 -0.0403
vn 0.0284 -0.9988 0.0411
vn -0.0302 -0.9990 -0.0341
vn 0.0211 -0.9990 -0.0403
vn -0.0177 -0.9988 0.0467
vn 0.0109 -0.9990 -0.0442
vn 0.0452 -0.9990 0.0055
vn -0.0500 -0.9988 -0.0000
vn 0.0109 -0.9990 0.0442
vn -0.0177 -0.9988 -0.0467
vn -0.0374 -0.9990 0.0258
vn 0.0374 -0.9988 -0.0331
vn -0.0374 -0.9990 -0.0258
vn 0.0442 -0.9988 0.0232
vn -0.0442 -0.9988 0.0232
vn -0.0374 -0.9988 -0.0331
vn 0.0177 -0.9988 -0.0467
vn 0.0500 -0.9988 -0.0000
vn -0.0109 -0.9990 -0.0442
vn 0.0177 -0.9988 0.0467
vn -0.0284 -0.9988 0.0411
vn -0.0485 -0.9988 -0.0120
vn -0.0060 -0.9988 -0.0496
vn 0.0442 -0.9988 -0.0232
vn 0.0374 -0.9988 0.0331
vn -0.0000 -0.9990 -0.0455
vn 0.0060 -0.9988 0.0496
vn -0.0060 -0.9988 0.0496
vn -0.0158 -0.9914 0.1302
vn -0.0465 -0.9914 0.1227
vn -0.0745 -0.9914 0.1080
vn -0.0982 -0.9914 0.0870
vn -0.1161 -0.9914 0.0610
vn -0.1274 -0.9914 0.0314
vn -0.1312 -0.9914 -0.0000
vn -0.1274 -0.9914 -0.0314
vn -0.1161 -0.9914 -0.0610
vn -0.0982 -0.9914 -0.0870
vn -0.0745 -0.9914 -0.1080
vn -0.0465 -0.9914 -0.1227
vn -0.0158 -0.9914 -0.1302
vn 0.0158 -0.9914 -0.1302
vn 0.0465 -0.9914 -0.1227
vn 0.0745 -0.9914 -0.1080
vn 0.0982 -0.9914 -0.0870
vn 0.1161 -0.9914 -0.0610
vn 0.1274 -0.9914 -0.0314
vn 0.1274 -0.9914 0.0314
vn 0.1161 -0.9914 0.0610
vn 0.0982 -0.9914 0.0870
vn 0.0745 -0.9914 0.1080
vn 0.0465 -0.9914 0.1227
vn 0.0158 -0.9914 0.1302
vn 0.1908 -0.9805 -0.0470
vn 0.1595 -0.9854 -0.0605
vn -0.0697 -0.9805 -0.1837
vn -0.0408 -0.9854 -0.1656
vn -0.0793 -0.9854 -0.1510
vn -0.1116 -0.9805 -0.1617
vn -0.1131 -0.9854 -0.1276
vn -0.1471 -0.9805 0.1303
vn -0.1403 -0.9854 0.0969
vn -0.1131 -0.9854 0.1276
vn -0.1116 -0.9805 0.1617
vn -0.0793 -0.9854 0.1510
vn 0.0237 -0.9805 0.1950
vn -0.0000 -0.9854 0.1705
vn 0.0408 -0.9854 0.1656
vn 0.0697 -0.9805 0.1837
vn 0.0793 -0.9854 0.1510
vn 0.1740 -0.9805 -0.0913
vn 0.1403 -0.9854 -0.0969
vn 0.1471 -0.9805 -0.1303
vn 0.1131 -0.9854 -0.1276
vn -0.1471 -0.9805 -0.1303
vn -0.1403 -0.9854 -0.0969
vn -0.1740 -0.9805 -0.0913
vn -0.1595 -0.9854 -0.0605
vn -0.0697 -0.9805 0.1837
vn -0.0408 -0.9854 0.1656
vn 0.1116 -0.9805 0.1617
vn 0.1131 -0.9854 0.1276
vn 0.1471 -0.9805 0.1303
vn 0.1403 -0.9854 0.0969
vn 0.1116 -0.9805 -0.1617
vn 0.0793 -0.9854 -0.1510
vn 0.0697 -0.9805 -0.1837
vn 0.0408 -0.9854 -0.1656
vn -0.1908 -0.9805 -0.0470
vn -0.1693 -0.9854 -0.0206
vn -0.1965 -0.9805 -0.0000
vn -0.1693 -0.9854 0.0206
vn -0.0237 -0.9805 0.1950
vn 0.1740 -0.9805 0.0913
vn 0.1595 -0.9854 0.0605
vn 0.1908 -0.9805 0.0470
vn 0.0237 -0.9805 -0.1950
vn -0.0000 -0.9854 -0.1705
vn -0.0237 -0.9805 -0.1950
vn -0.1908 -0.9805 0.0470
vn -0.1595 -0.9854 0.0605
vn -0.1740 -0.9805 0.0913
vn -0.2703 -0.3300 -0.9044
vn -0.1405 -0.4921 -0.8591
vn -0.0000 -0.3350 -0.9422
vn -0.4870 -0.3205 -0.8124
vn -0.3729 -0.4715 -0.7991
vn -0.6350 -0.3234 -0.7016
vn -0.5131 -0.4640 -0.7221
vn -0.7518 -0.3487 -0.5597
vn -0.5924 -0.4941 -0.6364
vn -0.8507 -0.3787 -0.3645
vn -0.6851 -0.5458 -0.4825
vn -0.9087 -0.3971 -0.1287
vn -0.7769 -0.5744 -0.2579
vn -0.9084 -0.3982 0.1276
vn -0.8113 -0.5846 -0.0043
vn -0.8473 -0.3686 0.3824
vn -0.7769 -0.5638 0.2803
vn -0.7577 -0.3221 0.5676
vn -0.6887 -0.4781 0.5451
vn -0.6742 -0.3210 0.6651
vn -0.6611 -0.4115 0.6274
vn -0.5728 -0.3796 0.7265
vn -0.6618 -0.4201 0.6209
vn -0.3500 -0.4811 0.8037
vn -0.5796 -0.5244 0.6237
vn -0.0000 -0.5305 0.8477
vn -0.2254 -0.6827 0.6951
vn 0.3500 -0.4811 0.8037
vn 0.2254 -0.6827 0.6951
vn 0.5728 -0.3796 0.7265
vn 0.5796 -0.5244 0.6237
vn 0.6742 -0.3210 0.6651
vn 0.6618 -0.4201 0.6209
vn 0.7577 -0.3221 0.5676
vn 0.6611 -0.4115 0.6274
vn 0.8473 -0.3686 0.3824
vn 0.6887 -0.4781 0.5451
vn 0.9084 -0.3982 0.1276
vn 0.7769 -0.5638 0.2803
vn 0.9087 -0.3971 -0.1287
vn 0.8113 -0.5846 -0.0043
vn 0.8507 -0.3787 -0.3645
vn 0.7769 -0.5744 -0.2579
vn 0.7518 -0.3487 -0.5597
vn 0.6851 -0.5458 -0.4825
vn 0.6350 -0.3234 -0.7016
vn 0.5924 -0.4941 -0.6364
vn 0.4870 -0.3205 -0.8124
vn 0.5131 -0.4640 -0.7221
vn 0.2703 -0.3300 -0.9044
vn 0.3729 -0.4715 -0.7991
vn 0.1405 -0.4921 -0.8591
vn -0.1401 0.6745 0.7248
vn -0.1671 0.8582 0.4853
vn 0.0366 0.9839 -0.1750
vn -0.0000 0.8676 0.4973
vn -0.3321 0.6457 0.6876
vn -0.2308 0.8489 0.4755
vn 0.1212 0.9836 -0.1337
vn -0.3975 0.6408 0.6569
vn -0.1882 0.8510 0.4903
vn 0.2098 0.9750 -0.0733
vn -0.3845 0.6695 0.6355
vn -0.1550 0.8712 0.4658
vn 0.3345 0.9424 -0.0027
vn -0.4676 0.7283 0.5009
vn -0.2422 0.9232 0.2982
vn 0.4151 0.9094 0.0256
vn -0.5977 0.7615 0.2508
vn -0.3107 0.9442 0.1089
vn 0.4210 0.9070 0.0072
vn -0.6398 0.7683 0.0197
vn -0.3229 0.9428 -0.0828
vn 0.4170 0.9088 0.0134
vn -0.5974 0.7398 -0.3095
vn -0.2566 0.8694 -0.4222
vn 0.3779 0.9258 0.0070
vn -0.4704 0.6095 -0.6382
vn -0.2690 0.7890 -0.5523
vn 0.3021 0.9467 -0.1118
vn -0.5489 0.5380 -0.6397
vn -0.4681 0.7545 -0.4600
vn 0.1283 0.9861 -0.1057
vn -0.7114 0.4710 -0.5216
vn -0.6744 0.6822 -0.2824
vn -0.1220 0.9914 0.0478
vn -0.7464 0.5077 -0.4303
vn -0.5658 0.7921 -0.2290
vn -0.2311 0.9330 0.2759
vn -0.3432 0.7883 -0.5106
vn -0.0000 0.9605 -0.2784
vn -0.1191 0.9083 0.4011
vn 0.3432 0.7883 -0.5106
vn 0.5658 0.7921 -0.2290
vn 0.1191 0.9083 0.4011
vn 0.7464 0.5077 -0.4303
vn 0.6744 0.6822 -0.2824
vn 0.2311 0.9330 0.2759
vn 0.7114 0.4710 -0.5216
vn 0.4681 0.7545 -0.4600
vn 0.1220 0.9914 0.0478
vn 0.5489 0.5380 -0.6397
vn 0.2690 0.7890 -0.5523
vn -0.1283 0.9861 -0.1057
vn 0.4704 0.6095 -0.6382
vn 0.2566 0.8694 -0.4222
vn -0.3021 0.9467 -0.1118
vn 0.5974 0.7398 -0.3095
vn 0.3229 0.9428 -0.0828
vn -0.3779 0.9258 0.0070
vn 0.6398 0.7683 0.0197
vn 0.3107 0.9443 0.1089
vn -0.4170 0.9088 0.0134
vn 0.5977 0.7615 0.2508
vn 0.2422 0.9233 0.2982
vn -0.4210 0.9070 0.0072
vn 0.4676 0.7283 0.5009
vn 0.1549 0.8712 0.4658
vn -0.4152 0.9094 0.0256
vn 0.3845 0.6695 0.6355
vn 0.1882 0.8510 0.4903
vn -0.3345 0.9424 -0.0027
vn 0.3975 0.6408 0.6569
vn 0.2308 0.8489 0.4755
vn -0.2098 0.9750 -0.0733
vn 0.3321 0.6457 0.6876
vn 0.1671 0.8582 0.4853
vn -0.1212 0.9836 -0.1337
vn 0.1401 0.6745 0.7248
vn -0.0366 0.9839 -0.1750
vn 0.0730 0.7959 0.6010
vn -0.0000 0.6647 0.7471
vn 0.0978 0.5842 0.8057
vn 0.1788 0.6647 0.7254
vn 0.2855 -0.5932 0.7528
vn 0.2004 -0.5466 0.8131
vn 0.3078 -0.4963 0.8117
vn 0.3892 -0.5466 0.7415
vn 0.6026 -0.5932 0.5339
vn 0.5553 -0.5466 0.6268
vn 0.6498 -0.4963 0.5757
vn 0.6892 -0.5466 0.4757
vn 0.9420 -0.2425 0.2322
vn 0.9243 -0.1511 0.3505
vn 0.9687 -0.0676 0.2388
vn 0.9813 -0.1511 0.1191
vn 0.8590 -0.2425 0.4509
vn 0.8135 -0.1511 0.5616
vn 0.8834 -0.0677 0.4637
vn 0.9420 -0.2425 -0.2322
vn 0.9813 -0.1511 -0.1191
vn 0.9687 -0.0676 -0.2388
vn 0.9243 -0.1511 -0.3505
vn 0.7817 -0.5932 0.1927
vn 0.7830 -0.5466 0.2969
vn 0.8429 -0.4963 0.2078
vn 0.8313 -0.5466 0.1009
vn 0.7817 -0.5932 -0.1927
vn 0.8313 -0.5466 -0.1009
vn 0.8429 -0.4963 -0.2078
vn 0.7830 -0.5466 -0.2969
vn 0.8051 -0.5932 -0.0000
vn 0.8681 -0.4963 -0.0000
vn 0.7129 -0.5932 -0.3741
vn 0.7687 -0.4963 -0.4034
vn 0.6892 -0.5466 -0.4757
vn 0.5511 -0.2425 -0.7984
vn 0.6555 -0.1511 -0.7399
vn 0.5668 -0.0676 -0.8211
vn 0.4594 -0.1511 -0.8753
vn 0.0970 -0.5932 -0.7992
vn 0.2004 -0.5466 -0.8131
vn 0.1046 -0.4963 -0.8618
vn -0.0000 -0.5466 -0.8374
vn -0.3440 -0.2425 -0.9071
vn -0.2366 -0.1511 -0.9598
vn -0.3538 -0.0676 -0.9329
vn -0.4594 -0.1511 -0.8753
vn -0.1169 -0.2425 -0.9631
vn -0.0000 -0.1511 -0.9885
vn -0.1203 -0.0675 -0.9904
vn -0.7262 -0.2425 -0.6433
vn -0.6555 -0.1511 -0.7399
vn -0.7468 -0.0677 -0.6616
vn -0.8135 -0.1511 -0.5615
vn -0.2855 -0.5932 -0.7528
vn -0.2004 -0.5466 -0.8131
vn -0.3078 -0.4963 -0.8117
vn -0.3892 -0.5466 -0.7415
vn -0.6026 -0.5932 -0.5339
vn -0.5553 -0.5466 -0.6268
vn -0.6498 -0.4963 -0.5757
vn -0.6892 -0.5466 -0.4757
vn -0.4573 -0.5932 -0.6626
vn -0.4932 -0.4963 -0.7145
vn -0.7129 -0.5932 -0.3741
vn -0.7687 -0.4963 -0.4034
vn -0.7830 -0.5466 -0.2969
vn -0.9702 -0.2425 -0.0000
vn -0.9813 -0.1511 -0.1191
vn -0.9977 -0.0676 -0.0000
vn -0.9813 -0.1511 0.1191
vn -0.7129 -0.5932 0.3741
vn -0.7830 -0.5466 0.2969
vn -0.7687 -0.4963 0.4034
vn -0.6892 -0.5466 0.4757
vn -0.5511 -0.2425 0.7984
vn -0.6555 -0.1511 0.7399
vn -0.5669 -0.0675 0.8210
vn -0.4594 -0.1511 0.8753
vn -0.7262 -0.2425 0.6433
vn -0.8135 -0.1511 0.5616
vn -0.7468 -0.0676 0.6616
vn -0.3440 -0.2425 0.9071
vn -0.3539 -0.0674 0.9328
vn -0.2366 -0.1511 0.9598
vn -0.4573 -0.5932 0.6626
vn -0.5553 -0.5466 0.6268
vn -0.4932 -0.4963 0.7145
vn -0.3892 -0.5466 0.7415
vn -0.2855 -0.5932 0.7528
vn -0.3078 -0.4963 0.8117
vn -0.2004 -0.5466 0.8131
vn 0.0970 -0.5932 0.7992
vn -0.0000 -0.5466 0.8374
vn 0.1046 -0.4963 0.8618
vn -0.5361 0.7959 0.2814
vn -0.6986 0.6647 0.2649
vn -0.7187 0.5842 0.3772
vn -0.6149 0.6647 0.4244
vn -0.5878 0.7959 0.1449
vn -0.7417 0.6647 0.0901
vn -0.7881 0.5842 0.1942
vn -0.6054 0.7959 -0.0000
vn -0.7417 0.6647 -0.0901
vn -0.8116 0.5842 -0.0000
vn -0.5878 0.7959 -0.1449
vn -0.6986 0.6647 -0.2649
vn -0.7881 0.5842 -0.1942
vn -0.5361 0.7959 -0.2814
vn -0.6149 0.6647 -0.4244
vn -0.7187 0.5842 -0.3772
vn -0.4532 0.7959 -0.4015
vn -0.4954 0.6647 -0.5592
vn -0.6075 0.5842 -0.5382
vn -0.3439 0.7959 -0.4983
vn -0.3472 0.6647 -0.6615
vn -0.4611 0.5842 -0.6680
vn -0.2147 0.7959 -0.5661
vn -0.1788 0.6647 -0.7254
vn -0.2878 0.5842 -0.7589
vn -0.0730 0.7959 -0.6010
vn -0.0000 0.6647 -0.7471
vn -0.0978 0.5842 -0.8057
vn 0.0730 0.7959 -0.6010
vn 0.1788 0.6647 -0.7254
vn 0.0978 0.5842 -0.8057
vn 0.2147 0.7959 -0.5661
vn 0.3472 0.6647 -0.6615
vn 0.2878 0.5842 -0.7589
vn 0.3439 0.7959 -0.4983
vn 0.4954 0.6647 -0.5592
vn 0.4611 0.5842 -0.6680
vn 0.4532 0.7959 -0.4015
vn 0.6149 0.6647 -0.4244
vn 0.6075 0.5842 -0.5382
vn 0.5361 0.7959 -0.2814
vn 0.6986 0.6647 -0.2649
vn 0.7187 0.5842 -0.3772
vn 0.5878 0.7959 -0.1449
vn 0.7417 0.6647 -0.0901
vn 0.7881 0.5842 -0.1942
vn 0.6054 0.7959 -0.0000
vn 0.7417 0.6647 0.0901
vn 0.8116 0.5842 -0.0000
vn 0.5878 0.7959 0.1449
vn 0.6986 0.6647 0.2649
vn 0.7881 0.5842 0.1942
vn 0.5361 0.7959 0.2814
vn 0.6149 0.6647 0.4244
vn 0.7187 0.5842 0.3772
vn 0.4532 0.7959 0.4015
vn 0.4954 0.6647 0.5592
vn 0.6075 0.5842 0.5382
vn 0.3439 0.7959 0.4983
vn 0.3472 0.6647 0.6615
vn 0.4611 0.5842 0.6680
vn 0.2147 0.7959 0.5661
vn 0.2878 0.5842 0.7589
vn -0.1389 0.9902 0.0169
vn -0.1128 0.9936 -0.0000
vn -0.1389 0.9902 -0.0169
vn -0.1068 0.9943 -0.0000
vn -0.2147 0.7959 0.5661
vn -0.3472 0.6647 0.6615
vn -0.2878 0.5842 0.7589
vn -0.1788 0.6647 0.7254
vn -0.3399 0.2850 0.8962
vn -0.4545 0.2085 0.8660
vn -0.3509 0.1449 0.9252
vn -0.2341 0.2085 0.9496
vn 0.1155 0.2850 0.9515
vn -0.0000 0.2085 0.9780
vn 0.1193 0.1449 0.9822
vn 0.2341 0.2085 0.9496
vn 0.3399 0.2850 0.8962
vn 0.3509 0.1449 0.9252
vn 0.4545 0.2085 0.8660
vn 0.5445 0.2850 0.7889
vn 0.5621 0.1449 0.8143
vn 0.6486 0.2085 0.7321
vn 0.7175 0.2850 0.6356
vn 0.7406 0.1449 0.6561
vn 0.8049 0.2085 0.5556
vn 0.8487 0.2850 0.4454
vn 0.8761 0.1449 0.4598
vn 0.9145 0.2085 0.3468
vn 0.9307 0.2850 0.2294
vn 0.9607 0.1449 0.2368
vn 0.9709 0.2085 0.1179
vn 0.9585 0.2850 -0.0000
vn 0.9894 0.1449 -0.0000
vn 0.9709 0.2085 -0.1179
vn 0.9307 0.2850 -0.2294
vn 0.9607 0.1449 -0.2368
vn 0.9145 0.2085 -0.3468
vn 0.8487 0.2850 -0.4454
vn 0.8761 0.1449 -0.4598
vn 0.8049 0.2085 -0.5556
vn 0.7175 0.2850 -0.6356
vn 0.7406 0.1449 -0.6561
vn 0.6486 0.2085 -0.7321
vn 0.5445 0.2850 -0.7889
vn 0.5621 0.1449 -0.8143
vn 0.4545 0.2085 -0.8660
vn 0.3399 0.2850 -0.8962
vn 0.3509 0.1449 -0.9252
vn 0.2341 0.2085 -0.9496
vn 0.1155 0.2850 -0.9515
vn 0.1193 0.1449 -0.9822
vn -0.0000 0.2085 -0.9780
vn -0.1155 0.2850 -0.9515
vn -0.1193 0.1449 -0.9822
vn -0.2341 0.2085 -0.9496
vn -0.3399 0.2850 -0.8962
vn -0.3509 0.1449 -0.9252
vn -0.4545 0.2085 -0.8660
vn -0.5445 0.2850 -0.7889
vn -0.5621 0.1449 -0.8143
vn -0.6486 0.2085 -0.7321
vn -0.7175 0.2850 -0.6356
vn -0.7406 0.1449 -0.6561
vn -0.8049 0.2085 -0.5556
vn -0.8487 0.2850 -0.4454
vn -0.8761 0.1449 -0.4598
vn -0.9145 0.2085 -0.3468
vn -0.9307 0.2850 -0.2294
vn -0.9607 0.1449 -0.2368
vn -0.9709 0.2085 -0.1179
vn -0.9585 0.2850 -0.0000
vn -0.9894 0.1449 -0.0000
vn -0.9709 0.2085 0.1179
vn -0.9307 0.2850 0.2294
vn -0.9607 0.1449 0.2368
vn -0.9145 0.2085 0.3468
vn -0.8487 0.2850 0.4454
vn -0.8761 0.1449 0.4598
vn -0.8049 0.2085 0.5556
vn -0.7175 0.2850 0.6356
vn -0.7406 0.1449 0.6561
vn -0.6486 0.2085 0.7321
vn -0.5445 0.2850 0.7889
vn -0.5621 0.1449 0.8143
vn -0.1155 0.2850 0.9515
vn -0.1193 0.1449 0.9822
vn -0.3439 0.7959 0.4983
vn -0.4954 0.6647 0.5592
vn -0.4611 0.5842 0.6680
vn 0.1238 0.0538 0.9908
vn -0.0000 0.1418 0.9899
vn 0.1339 0.2272 0.9646
vn 0.2528 0.1399 0.9573
vn 0.3622 0.0515 0.9307
vn 0.3826 0.2243 0.8963
vn 0.4816 0.1348 0.8659
vn 0.5748 0.0482 0.8169
vn 0.5833 0.2196 0.7820
vn 0.6702 0.1300 0.7307
vn 0.7509 0.0458 0.6588
vn 0.7374 0.2221 0.6379
vn 0.8188 0.1295 0.5592
vn 0.8849 0.0453 0.4636
vn 0.8577 0.2330 0.4584
vn 0.9264 0.1322 0.3526
vn 0.9699 0.0456 0.2393
vn 0.9390 0.2455 0.2409
vn 0.9835 0.1349 0.1204
vn 0.9989 0.0459 0.0001
vn 0.9678 0.2517 0.0008
vn 0.9835 0.1352 -0.1201
vn 0.9699 0.0457 -0.2393
vn 0.9384 0.2463 -0.2423
vn 0.9257 0.1323 -0.3543
vn 0.8843 0.0451 -0.4647
vn 0.8538 0.2295 -0.4673
vn 0.8161 0.1287 -0.5634
vn 0.7479 0.0449 -0.6623
vn 0.7384 0.2217 -0.6368
vn 0.6642 0.1315 -0.7359
vn 0.5686 0.0460 -0.8213
vn 0.5960 0.2419 -0.7657
vn 0.4767 0.1427 -0.8674
vn 0.3563 0.0484 -0.9331
vn 0.4165 0.2883 -0.8622
vn 0.2514 0.1581 -0.9549
vn 0.1211 0.0503 -0.9914
vn 0.1461 0.3311 -0.9322
vn -0.0000 0.1648 -0.9863
vn -0.1211 0.0503 -0.9914
vn -0.1461 0.3311 -0.9322
vn -0.2514 0.1581 -0.9549
vn -0.3563 0.0484 -0.9331
vn -0.4165 0.2883 -0.8622
vn -0.4767 0.1427 -0.8674
vn -0.5686 0.0460 -0.8213
vn -0.5960 0.2419 -0.7657
vn -0.6642 0.1315 -0.7359
vn -0.7479 0.0449 -0.6623
vn -0.7384 0.2217 -0.6368
vn -0.8161 0.1287 -0.5634
vn -0.8843 0.0451 -0.4647
vn -0.8538 0.2295 -0.4673
vn -0.9257 0.1323 -0.3543
vn -0.9699 0.0457 -0.2393
vn -0.9384 0.2463 -0.2423
vn -0.9835 0.1352 -0.1201
vn -0.9989 0.0459 0.0001
vn -0.9678 0.2517 0.0008
vn -0.9835 0.1349 0.1204
vn -0.9699 0.0456 0.2393
vn -0.9390 0.2455 0.2409
vn -0.9264 0.1322 0.3526
vn -0.8849 0.0453 0.4636
vn -0.8577 0.2330 0.4584
vn -0.8188 0.1295 0.5592
vn -0.7509 0.0458 0.6588
vn -0.7374 0.2221 0.6379
vn -0.6702 0.1300 0.7307
vn -0.5748 0.0482 0.8169
vn -0.5833 0.2196 0.7820
vn -0.4816 0.1348 0.8659
vn -0.3622 0.0515 0.9307
vn -0.3826 0.2243 0.8963
vn -0.2528 0.1399 0.9573
vn -0.1238 0.0538 0.9908
vn -0.1339 0.2272 0.9646
vn -0.4532 0.7959 0.4015
vn -0.6075 0.5842 0.5382
vn 0.0941 -0.6247 0.7752
vn -0.0000 -0.6231 0.7821
vn 0.1872 -0.6231 0.7594
vn 0.2769 -0.6247 0.7301
vn 0.3635 -0.6231 0.6925
vn 0.4436 -0.6247 0.6426
vn 0.4573 -0.5932 0.6626
vn 0.5186 -0.6231 0.5854
vn 0.5845 -0.6247 0.5178
vn 0.6437 -0.6231 0.4443
vn 0.6914 -0.6247 0.3629
vn 0.7129 -0.5932 0.3741
vn 0.7313 -0.6231 0.2773
vn 0.7582 -0.6247 0.1869
vn 0.7764 -0.6231 0.0943
vn 0.7809 -0.6247 -0.0000
vn 0.7764 -0.6231 -0.0943
vn 0.7582 -0.6247 -0.1869
vn 0.7313 -0.6231 -0.2773
vn 0.6914 -0.6247 -0.3629
vn 0.6437 -0.6231 -0.4443
vn 0.5845 -0.6247 -0.5178
vn 0.6026 -0.5932 -0.5339
vn 0.5186 -0.6231 -0.5854
vn 0.4436 -0.6247 -0.6426
vn 0.4573 -0.5932 -0.6626
vn 0.3635 -0.6231 -0.6925
vn 0.2769 -0.6247 -0.7301
vn 0.2855 -0.5932 -0.7528
vn 0.1872 -0.6231 -0.7594
vn 0.0941 -0.6247 -0.7752
vn -0.0000 -0.6231 -0.7821
vn -0.0941 -0.6247 -0.7752
vn -0.0970 -0.5932 -0.7992
vn -0.1872 -0.6231 -0.7594
vn -0.2769 -0.6247 -0.7301
vn -0.3635 -0.6231 -0.6925
vn -0.4436 -0.6247 -0.6426
vn -0.5186 -0.6231 -0.5854
vn -0.5845 -0.6247 -0.5178
vn -0.6437 -0.6231 -0.4443
vn -0.6914 -0.6247 -0.3629
vn -0.7313 -0.6231 -0.2773
vn -0.7582 -0.6247 -0.1869
vn -0.7817 -0.5932 -0.1927
vn -0.7764 -0.6231 -0.0943
vn -0.7809 -0.6247 -0.0000
vn -0.8051 -0.5932 -0.0000
vn -0.7764 -0.6231 0.0943
vn -0.7582 -0.6247 0.1869
vn -0.7817 -0.5932 0.1927
vn -0.7313 -0.6231 0.2773
vn -0.6914 -0.6247 0.3629
vn -0.6437 -0.6231 0.4443
vn -0.5845 -0.6247 0.5178
vn -0.6026 -0.5932 0.5339
vn -0.5186 -0.6231 0.5854
vn -0.4436 -0.6247 0.6426
vn -0.3635 -0.6231 0.6925
vn 0.2385 0.0806 0.9678
vn -0.0000 0.0806 0.9967
vn 0.1205 0.0200 0.9925
vn -0.2385 0.0806 0.9678
vn -0.1205 0.0200 0.9925
vn 0.4632 0.0806 0.8826
vn 0.3545 0.0200 0.9348
vn -0.1203 -0.0673 0.9905
vn -0.2407 -0.0111 0.9705
vn -0.0000 -0.0107 0.9999
vn 0.6610 0.0806 0.7461
vn 0.5680 0.0200 0.8228
vn 0.4531 -0.2224 0.8633
vn 0.3520 -0.1211 0.9281
vn 0.2333 -0.2224 0.9466
vn 0.3344 -0.3331 0.8816
vn 0.8203 0.0806 0.5662
vn 0.7484 0.0200 0.6630
vn 0.6465 -0.2224 0.7298
vn 0.5639 -0.1211 0.8169
vn 0.5356 -0.3331 0.7760
vn 0.9320 0.0806 0.3535
vn 0.8853 0.0200 0.4646
vn 0.8024 -0.2224 0.5538
vn 0.7430 -0.1211 0.6582
vn 0.7058 -0.3331 0.6253
vn 0.9895 0.0806 0.1201
vn 0.9707 0.0200 0.2393
vn 0.9116 -0.2224 0.3457
vn 0.8789 -0.1211 0.4613
vn 0.8349 -0.3331 0.4382
vn 0.9895 0.0806 -0.1201
vn 0.9998 0.0200 -0.0000
vn 0.9679 -0.2224 0.1175
vn 0.9638 -0.1211 0.2376
vn 0.9155 -0.3331 0.2256
vn 0.9320 0.0806 -0.3534
vn 0.9707 0.0200 -0.2393
vn 0.9679 -0.2224 -0.1175
vn 0.9926 -0.1211 -0.0000
vn 0.9429 -0.3331 -0.0000
vn 0.8203 0.0806 -0.5662
vn 0.8853 0.0200 -0.4646
vn 0.9116 -0.2224 -0.3457
vn 0.9638 -0.1211 -0.2376
vn 0.9155 -0.3331 -0.2256
vn 0.6610 0.0806 -0.7461
vn 0.7484 0.0200 -0.6630
vn 0.8024 -0.2224 -0.5538
vn 0.8789 -0.1211 -0.4613
vn 0.8349 -0.3331 -0.4382
vn 0.4632 0.0806 -0.8826
vn 0.5680 0.0200 -0.8228
vn 0.6465 -0.2224 -0.7298
vn 0.7430 -0.1211 -0.6582
vn 0.7058 -0.3331 -0.6253
vn 0.2385 0.0806 -0.9678
vn 0.3545 0.0200 -0.9348
vn 0.4531 -0.2224 -0.8633
vn 0.5639 -0.1211 -0.8169
vn 0.5356 -0.3331 -0.7760
vn -0.0000 0.0806 -0.9967
vn 0.1205 0.0200 -0.9925
vn 0.2333 -0.2224 -0.9466
vn 0.3520 -0.1211 -0.9281
vn 0.3344 -0.3331 -0.8816
vn -0.2385 0.0806 -0.9678
vn -0.1205 0.0200 -0.9925
vn -0.0000 -0.2224 -0.9750
vn 0.1196 -0.1211 -0.9854
vn 0.1137 -0.3331 -0.9360
vn -0.4632 0.0806 -0.8826
vn -0.3545 0.0200 -0.9348
vn -0.2333 -0.2224 -0.9466
vn -0.1196 -0.1211 -0.9854
vn -0.1137 -0.3331 -0.9360
vn -0.6610 0.0806 -0.7461
vn -0.5680 0.0200 -0.8228
vn -0.4531 -0.2224 -0.8633
vn -0.3520 -0.1211 -0.9281
vn -0.3344 -0.3331 -0.8816
vn -0.8203 0.0806 -0.5662
vn -0.7484 0.0200 -0.6630
vn -0.6465 -0.2224 -0.7298
vn -0.5639 -0.1211 -0.8169
vn -0.5356 -0.3331 -0.7760
vn -0.9320 0.0806 -0.3535
vn -0.8853 0.0200 -0.4646
vn -0.8024 -0.2224 -0.5538
vn -0.7430 -0.1211 -0.6582
vn -0.7058 -0.3331 -0.6253
vn -0.9895 0.0806 -0.1201
vn -0.9707 0.0200 -0.2393
vn -0.9116 -0.2224 -0.3457
vn -0.8789 -0.1211 -0.4613
vn -0.8349 -0.3331 -0.4382
vn -0.9895 0.0806 0.1201
vn -0.9998 0.0200 -0.0000
vn -0.9679 -0.2224 -0.1175
vn -0.9638 -0.1211 -0.2376
vn -0.9155 -0.3331 -0.2256
vn -0.9320 0.0806 0.3534
vn -0.9707 0.0200 0.2393
vn -0.9679 -0.2224 0.1175
vn -0.9926 -0.1211 -0.0000
vn -0.9429 -0.3331 -0.0000
vn -0.8203 0.0806 0.5662
vn -0.8853 0.0200 0.4646
vn -0.9116 -0.2224 0.3457
vn -0.9638 -0.1211 0.2376
vn -0.9155 -0.3331 0.2256
vn -0.6610 0.0806 0.7461
vn -0.7484 0.0200 0.6630
vn -0.8024 -0.2224 0.5538
vn -0.8789 -0.1211 0.4613
vn -0.8349 -0.3331 0.4382
vn -0.4632 0.0806 0.8826
vn -0.5680 0.0200 0.8228
vn -0.6465 -0.2224 0.7298
vn -0.7430 -0.1211 0.6582
vn -0.7058 -0.3331 0.6253
vn -0.3545 0.0200 0.9348
vn -0.4531 -0.2224 0.8633
vn -0.5639 -0.1211 0.8169
vn -0.5356 -0.3331 0.7760
vn 0.1197 -0.1211 0.9854
vn -0.0000 -0.2224 0.9750
vn 0.1137 -0.3331 0.9360
vn -0.2333 -0.2224 0.9466
vn -0.3520 -0.1211 0.9281
vn -0.3344 -0.3331 0.8816
vn -0.1137 -0.3331 0.9360
vn -0.2155 -0.4353 0.8741
vn -0.1027 -0.5235 0.8458
vn -0.0000 -0.4353 0.9003
vn -0.0941 -0.6247 0.7752
vn -0.1872 -0.6231 0.7594
vn -0.0970 -0.5932 0.7992
vn 0.1169 -0.2425 0.9631
vn -0.0000 -0.1510 0.9885
vn 0.1203 -0.0673 0.9905
vn 0.2366 -0.1511 0.9598
vn 0.4932 -0.4963 0.7145
vn -0.8590 -0.2425 0.4509
vn -0.9243 -0.1511 0.3505
vn -0.8834 -0.0677 0.4637
vn -0.6498 -0.4963 0.5757
vn -0.9420 -0.2425 0.2322
vn -0.9687 -0.0676 0.2388
vn -0.9420 -0.2425 -0.2322
vn -0.9243 -0.1511 -0.3505
vn -0.9687 -0.0676 -0.2388
vn -0.8313 -0.5466 -0.1009
vn -0.8681 -0.4963 -0.0000
vn -0.8313 -0.5466 0.1009
vn -0.8429 -0.4963 0.2078
vn -0.8429 -0.4963 -0.2078
vn -0.5511 -0.2425 -0.7984
vn -0.5668 -0.0676 -0.8211
vn -0.8590 -0.2425 -0.4509
vn -0.8834 -0.0677 -0.4637
vn 0.1169 -0.2425 -0.9631
vn 0.2366 -0.1511 -0.9598
vn 0.1203 -0.0675 -0.9904
vn -0.1046 -0.4963 -0.8618
vn 0.3440 -0.2425 -0.9071
vn 0.3538 -0.0676 -0.9329
vn 0.7262 -0.2425 -0.6433
vn 0.8135 -0.1511 -0.5615
vn 0.7468 -0.0677 -0.6616
vn 0.5553 -0.5466 -0.6268
vn 0.4932 -0.4963 -0.7145
vn 0.3892 -0.5466 -0.7415
vn 0.3078 -0.4963 -0.8117
vn 0.6498 -0.4963 -0.5757
vn 0.9702 -0.2425 -0.0000
vn 0.9977 -0.0676 -0.0000
vn 0.8590 -0.2425 -0.4509
vn 0.8834 -0.0677 -0.4637
vn 0.7262 -0.2425 0.6433
vn 0.6555 -0.1511 0.7399
vn 0.7468 -0.0676 0.6616
vn 0.7687 -0.4963 0.4034
vn 0.5511 -0.2425 0.7984
vn 0.4594 -0.1511 0.8753
vn 0.5669 -0.0675 0.8210
vn 0.3440 -0.2425 0.9071
vn 0.3539 -0.0674 0.9328
vn -0.1046 -0.4963 0.8618
vn -0.0000 -0.5913 0.8065
vn -0.1930 -0.5913 0.7830
vn -0.4184 -0.4353 0.7972
vn -0.3021 -0.5235 0.7967
vn -0.3748 -0.5913 0.7141
vn -0.2769 -0.6247 0.7301
vn -0.5970 -0.4353 0.6739
vn -0.4840 -0.5235 0.7012
vn -0.5348 -0.5913 0.6037
vn -0.7409 -0.4353 0.5114
vn -0.6378 -0.5235 0.5650
vn -0.6637 -0.5913 0.4581
vn -0.8418 -0.4353 0.3192
vn -0.7544 -0.5235 0.3960
vn -0.7541 -0.5913 0.2860
vn -0.8937 -0.4353 0.1085
vn -0.8273 -0.5235 0.2039
vn -0.8006 -0.5913 0.0972
vn -0.8937 -0.4353 -0.1085
vn -0.8520 -0.5235 -0.0000
vn -0.8006 -0.5913 -0.0972
vn -0.8418 -0.4353 -0.3192
vn -0.8273 -0.5235 -0.2039
vn -0.7541 -0.5913 -0.2860
vn -0.7409 -0.4353 -0.5114
vn -0.7544 -0.5235 -0.3960
vn -0.6637 -0.5913 -0.4581
vn -0.5970 -0.4353 -0.6739
vn -0.6378 -0.5235 -0.5650
vn -0.5348 -0.5913 -0.6037
vn -0.4184 -0.4353 -0.7972
vn -0.4840 -0.5235 -0.7012
vn -0.3748 -0.5913 -0.7141
vn -0.2155 -0.4353 -0.8741
vn -0.3021 -0.5235 -0.7967
vn -0.1930 -0.5913 -0.7830
vn -0.0000 -0.4353 -0.9003
vn -0.1027 -0.5235 -0.8458
vn -0.0000 -0.5913 -0.8065
vn 0.2155 -0.4353 -0.8741
vn 0.1027 -0.5235 -0.8458
vn 0.1930 -0.5913 -0.7830
vn 0.4184 -0.4353 -0.7972
vn 0.3021 -0.5235 -0.7967
vn 0.3748 -0.5913 -0.7141
vn 0.5970 -0.4353 -0.6739
vn 0.4840 -0.5235 -0.7012
vn 0.5348 -0.5913 -0.6037
vn 0.7409 -0.4353 -0.5114
vn 0.6378 -0.5235 -0.5650
vn 0.6637 -0.5913 -0.4581
vn 0.8418 -0.4353 -0.3192
vn 0.7544 -0.5235 -0.3960
vn 0.7541 -0.5913 -0.2860
vn 0.8937 -0.4353 -0.1085
vn 0.8273 -0.5235 -0.2039
vn 0.8006 -0.5913 -0.0972
vn 0.8937 -0.4353 0.1085
vn 0.8520 -0.5235 -0.0000
vn 0.8006 -0.5913 0.0972
vn 0.8418 -0.4353 0.3192
vn 0.8273 -0.5235 0.2039
vn 0.7541 -0.5913 0.2860
vn 0.7409 -0.4353 0.5114
vn 0.7544 -0.5235 0.3960
vn 0.6637 -0.5913 0.4581
vn 0.5970 -0.4353 0.6739
vn 0.6378 -0.5235 0.5650
vn 0.5348 -0.5913 0.6037
vn 0.4184 -0.4353 0.7972
vn 0.4840 -0.5235 0.7012
vn 0.3748 -0.5913 0.7141
vn 0.2155 -0.4353 0.8741
vn 0.3021 -0.5235 0.7967
vn 0.1930 -0.5913 0.7830
vn 0.1027 -0.5235 0.8458
vn -0.0000 -0.3179 0.9481
vn -0.1112 -0.3862 0.9157
vn -0.2269 -0.3179 0.9206
vn -0.1169 -0.2425 0.9631
vn -0.0000 -0.4451 0.8955
vn -0.2143 -0.4451 0.8695
vn -0.3271 -0.3862 0.8625
vn -0.4406 -0.3179 0.8395
vn -0.4161 -0.4451 0.7929
vn -0.5240 -0.3862 0.7591
vn -0.6287 -0.3179 0.7097
vn -0.5938 -0.4451 0.6703
vn -0.6904 -0.3862 0.6117
vn -0.7803 -0.3179 0.5386
vn -0.7370 -0.4451 0.5087
vn -0.8167 -0.3862 0.4287
vn -0.8865 -0.3179 0.3362
vn -0.8373 -0.4451 0.3175
vn -0.8956 -0.3862 0.2207
vn -0.9412 -0.3179 0.1143
vn -0.8890 -0.4451 0.1079
vn -0.9224 -0.3862 -0.0000
vn -0.9412 -0.3179 -0.1143
vn -0.8890 -0.4451 -0.1079
vn -0.8956 -0.3862 -0.2207
vn -0.8865 -0.3179 -0.3362
vn -0.8373 -0.4451 -0.3175
vn -0.8167 -0.3862 -0.4287
vn -0.7803 -0.3179 -0.5386
vn -0.7370 -0.4451 -0.5087
vn -0.6904 -0.3862 -0.6117
vn -0.6287 -0.3179 -0.7097
vn -0.5938 -0.4451 -0.6703
vn -0.5240 -0.3862 -0.7591
vn -0.4406 -0.3179 -0.8395
vn -0.4162 -0.4451 -0.7929
vn -0.3271 -0.3862 -0.8625
vn -0.2269 -0.3179 -0.9206
vn -0.2143 -0.4451 -0.8695
vn -0.1112 -0.3862 -0.9157
vn -0.0000 -0.3179 -0.9481
vn -0.0000 -0.4451 -0.8955
vn 0.1112 -0.3862 -0.9157
vn 0.2269 -0.3179 -0.9206
vn 0.2143 -0.4451 -0.8695
vn 0.3271 -0.3862 -0.8625
vn 0.4406 -0.3179 -0.8395
vn 0.4162 -0.4451 -0.7929
vn 0.5240 -0.3862 -0.7591
vn 0.6287 -0.3179 -0.7097
vn 0.5938 -0.4451 -0.6703
vn 0.6904 -0.3862 -0.6117
vn 0.7803 -0.3179 -0.5386
vn 0.7370 -0.4451 -0.5087
vn 0.8167 -0.3862 -0.4287
vn 0.8865 -0.3179 -0.3362
vn 0.8373 -0.4451 -0.3175
vn 0.8956 -0.3862 -0.2207
vn 0.9412 -0.3179 -0.1143
vn 0.8890 -0.4451 -0.1079
vn 0.9224 -0.3862 -0.0000
vn 0.9412 -0.3179 0.1143
vn 0.8890 -0.4451 0.1079
vn 0.8956 -0.3862 0.2207
vn 0.8865 -0.3179 0.3362
vn 0.8373 -0.4451 0.3175
vn 0.8167 -0.3862 0.4287
vn 0.7803 -0.3179 0.5386
vn 0.7370 -0.4451 0.5087
vn 0.6904 -0.3862 0.6117
vn 0.6287 -0.3179 0.7097
vn 0.5938 -0.4451 0.6703
vn 0.5240 -0.3862 0.7591
vn 0.4406 -0.3179 0.8395
vn 0.4161 -0.4451 0.7929
vn 0.3271 -0.3862 0.8625
vn 0.2269 -0.3179 0.9206
vn 0.2143 -0.4451 0.8695
vn 0.1112 -0.3862 0.9157
vn 0.2213 0.3802 0.8980
vn 0.1063 0.4708 0.8758
vn -0.0000 0.3802 0.9249
vn 0.2021 0.5356 0.8199
vn -0.0000 0.5356 0.8445
vn 0.4298 0.3802 0.8190
vn 0.3128 0.4708 0.8249
vn 0.3924 0.5356 0.7477
vn 0.6133 0.3802 0.6923
vn 0.5012 0.4708 0.7261
vn 0.5600 0.5356 0.6321
vn 0.7612 0.3802 0.5254
vn 0.6604 0.4708 0.5850
vn 0.6950 0.5356 0.4797
vn 0.8648 0.3802 0.3280
vn 0.7812 0.4708 0.4100
vn 0.7896 0.5356 0.2995
vn 0.9182 0.3802 0.1115
vn 0.8566 0.4708 0.2111
vn 0.8383 0.5356 0.1018
vn 0.9182 0.3802 -0.1115
vn 0.8822 0.4708 -0.0000
vn 0.8383 0.5356 -0.1018
vn 0.8648 0.3802 -0.3280
vn 0.8566 0.4708 -0.2111
vn 0.7896 0.5356 -0.2995
vn 0.7612 0.3802 -0.5254
vn 0.7812 0.4708 -0.4100
vn 0.6950 0.5356 -0.4797
vn 0.6133 0.3802 -0.6923
vn 0.6604 0.4708 -0.5850
vn 0.5600 0.5356 -0.6321
vn 0.4298 0.3802 -0.8190
vn 0.5012 0.4708 -0.7261
vn 0.3924 0.5356 -0.7477
vn 0.2213 0.3802 -0.8980
vn 0.3128 0.4708 -0.8249
vn 0.2021 0.5356 -0.8199
vn -0.0000 0.3802 -0.9249
vn 0.1063 0.4708 -0.8758
vn -0.0000 0.5356 -0.8445
vn -0.2213 0.3802 -0.8980
vn -0.1063 0.4708 -0.8758
vn -0.2021 0.5356 -0.8199
vn -0.4298 0.3802 -0.8190
vn -0.3128 0.4708 -0.8249
vn -0.3924 0.5356 -0.7477
vn -0.6133 0.3802 -0.6923
vn -0.5012 0.4708 -0.7261
vn -0.5600 0.5356 -0.6321
vn -0.7612 0.3802 -0.5254
vn -0.6603 0.4708 -0.5850
vn -0.6950 0.5356 -0.4797
vn -0.8648 0.3802 -0.3280
vn -0.7812 0.4708 -0.4100
vn -0.7896 0.5356 -0.2995
vn -0.9182 0.3802 -0.1115
vn -0.8566 0.4708 -0.2111
vn -0.8383 0.5356 -0.1018
vn -0.9182 0.3802 0.1115
vn -0.8822 0.4708 -0.0000
vn -0.8383 0.5356 0.1018
vn -0.8648 0.3802 0.3280
vn -0.8566 0.4708 0.2111
vn -0.7896 0.5356 0.2995
vn -0.7612 0.3802 0.5254
vn -0.7812 0.4708 0.4100
vn -0.6950 0.5356 0.4797
vn -0.6133 0.3802 0.6923
vn -0.6604 0.4708 0.5850
vn -0.5600 0.5356 0.6321
vn -0.4298 0.3802 0.8190
vn -0.5012 0.4708 0.7261
vn -0.3924 0.5356 0.7477
vn -0.2213 0.3802 0.8980
vn -0.3128 0.4708 0.8249
vn -0.2021 0.5356 0.8199
vn -0.1063 0.4708 0.8758
vn -0.0978 0.5842 0.8057
vn 0.0016 1.0000 -0.0006
vn 0.1037 0.9943 -0.0256
vn 0.0017 1.0000 -0.0002
vn -0.1614 0.9861 0.0398
vn -0.0000 -0.0415 0.9991
vn 0.2391 -0.0415 0.9701
vn 0.4643 -0.0415 0.8847
vn 0.6626 -0.0415 0.7479
vn 0.8223 -0.0415 0.5676
vn 0.9342 -0.0415 0.3543
vn 0.9919 -0.0415 0.1204
vn 0.9919 -0.0415 -0.1204
vn 0.9342 -0.0415 -0.3543
vn 0.8223 -0.0415 -0.5676
vn 0.6626 -0.0415 -0.7479
vn 0.4643 -0.0415 -0.8847
vn 0.2391 -0.0415 -0.9701
vn -0.0000 -0.0415 -0.9991
vn -0.2391 -0.0415 -0.9701
vn -0.4643 -0.0415 -0.8847
vn -0.6626 -0.0415 -0.7479
vn -0.8223 -0.0415 -0.5676
vn -0.9342 -0.0415 -0.3543
vn -0.9919 -0.0415 -0.1204
vn -0.9919 -0.0415 0.1204
vn -0.9342 -0.0415 0.3543
vn -0.8223 -0.0415 0.5676
vn -0.6626 -0.0415 0.7479
vn -0.4643 -0.0415 0.8847
vn -0.2391 -0.0415 0.9701
vn -0.1197 -0.1211 0.9854
vn -0.4666 -0.0120 0.8844
vn -0.6643 -0.0129 0.7474
vn -0.8232 -0.0134 0.5676
vn -0.9349 -0.0134 0.3547
vn -0.9926 -0.0133 0.1206
vn -0.9926 -0.0133 -0.1205
vn -0.9349 -0.0134 -0.3547
vn -0.8228 -0.0135 -0.5681
vn -0.6630 -0.0135 -0.7485
vn -0.4648 -0.0132 -0.8853
vn -0.2394 -0.0128 -0.9708
vn -0.0000 -0.0127 -0.9999
vn 0.2394 -0.0128 -0.9708
vn 0.4648 -0.0132 -0.8853
vn 0.6630 -0.0135 -0.7485
vn 0.8228 -0.0135 -0.5681
vn 0.9349 -0.0134 -0.3547
vn 0.9926 -0.0133 -0.1205
vn 0.9926 -0.0133 0.1206
vn 0.9349 -0.0134 0.3547
vn 0.8232 -0.0134 0.5676
vn 0.6643 -0.0129 0.7474
vn 0.4666 -0.0120 0.8844
vn 0.2407 -0.0111 0.9705
vn -0.0000 0.9209 0.3898
vn -0.0200 0.9861 0.1650
vn -0.0933 0.9209 0.3784
vn -0.0730 0.7959 0.6010
vn -0.0589 0.9861 0.1554
vn -0.1811 0.9209 0.3451
vn -0.0944 0.9861 0.1368
vn -0.2585 0.9209 0.2917
vn -0.1244 0.9861 0.1102
vn -0.3208 0.9209 0.2214
vn -0.1472 0.9861 0.0772
vn -0.3644 0.9209 0.1382
vn -0.3869 0.9209 0.0470
vn -0.1662 0.9861 -0.0000
vn -0.3869 0.9209 -0.0470
vn -0.1614 0.9861 -0.0398
vn -0.3644 0.9209 -0.1382
vn -0.1472 0.9861 -0.0772
vn -0.3208 0.9209 -0.2214
vn -0.1244 0.9861 -0.1102
vn -0.2585 0.9209 -0.2917
vn -0.0944 0.9861 -0.1368
vn -0.1811 0.9209 -0.3451
vn -0.0589 0.9861 -0.1554
vn -0.0933 0.9209 -0.3784
vn -0.0200 0.9861 -0.1650
vn -0.0000 0.9209 -0.3898
vn 0.0200 0.9861 -0.1650
vn 0.0933 0.9209 -0.3784
vn 0.0589 0.9861 -0.1554
vn 0.1811 0.9209 -0.3451
vn 0.0944 0.9861 -0.1368
vn 0.2585 0.9209 -0.2917
vn 0.1244 0.9861 -0.1102
vn 0.3208 0.9209 -0.2214
vn 0.1472 0.9861 -0.0772
vn 0.3644 0.9209 -0.1382
vn 0.1614 0.9861 -0.0398
vn 0.3869 0.9209 -0.0470
vn 0.1662 0.9861 -0.0000
vn 0.3869 0.9209 0.0470
vn 0.1614 0.9861 0.0398
vn 0.3644 0.9209 0.1382
vn 0.1472 0.9861 0.0772
vn 0.3208 0.9209 0.2214
vn 0.1244 0.9861 0.1102
vn 0.2585 0.9209 0.2917
vn 0.0944 0.9861 0.1368
vn 0.1811 0.9209 0.3451
vn 0.0589 0.9861 0.1554
vn 0.0933 0.9209 0.3784
vn 0.0200 0.9861 0.1650
vn 0.0011 1.0000 0.0013
vn 0.0607 0.9943 0.0879
vn 0.0008 1.0000 0.0015
vn -0.0008 1.0000 0.0015
vn -0.0607 0.9943 0.0879
vn -0.0011 1.0000 0.0013
vn -0.0017 1.0000 -0.0002
vn -0.1037 0.9943 -0.0256
vn -0.0016 1.0000 -0.0006
vn 0.0011 1.0000 -0.0013
vn 0.0799 0.9943 -0.0708
vn 0.0014 1.0000 -0.0009
vn 0.0016 1.0000 0.0006
vn 0.0945 0.9943 0.0496
vn 0.0014 1.0000 0.0009
vn -0.0000 1.0000 0.0017
vn -0.0129 0.9943 0.1060
vn -0.0004 1.0000 0.0016
vn -0.0016 1.0000 0.0006
vn -0.1037 0.9943 0.0256
vn -0.0017 1.0000 0.0002
vn -0.0011 1.0000 -0.0013
vn -0.0607 0.9943 -0.0879
vn -0.0008 1.0000 -0.0015
vn 0.0004 1.0000 -0.0016
vn 0.0379 0.9943 -0.0998
vn 0.0008 1.0000 -0.0015
vn 0.1068 0.9943 -0.0000
vn 0.0017 1.0000 0.0002
vn 0.0379 0.9943 0.0998
vn 0.0004 1.0000 0.0016
vn -0.0799 0.9943 0.0708
vn -0.0014 1.0000 0.0009
vn -0.0945 0.9943 -0.0496
vn -0.0014 1.0000 -0.0009
vn 0.0945 0.9943 -0.0496
vn 0.0799 0.9943 0.0708
vn -0.0379 0.9943 0.0998
vn -0.0379 0.9943 -0.0998
vn -0.0004 1.0000 -0.0016
vn 0.0607 0.9943 -0.0879
vn 0.1037 0.9943 0.0256
vn 0.0129 0.9943 0.1060
vn -0.0945 0.9943 0.0496
vn -0.0799 0.9943 -0.0708
vn -0.0129 0.9943 -0.1060
vn -0.0000 1.0000 -0.0017
vn 0.0129 0.9943 -0.1060
vn -0.0136 0.9936 -0.1120
vn -0.0400 0.9936 -0.1055
vn -0.0641 0.9936 -0.0929
vn -0.0845 0.9936 -0.0748
vn -0.0999 0.9936 -0.0524
vn -0.1096 0.9936 -0.0270
vn -0.1096 0.9936 0.0270
vn -0.0999 0.9936 0.0524
vn -0.0845 0.9936 0.0748
vn -0.0641 0.9936 0.0929
vn -0.0400 0.9936 0.1055
vn -0.0136 0.9936 0.1120
vn 0.0136 0.9936 0.1120
vn 0.0400 0.9936 0.1055
vn 0.0641 0.9936 0.0929
vn 0.0845 0.9936 0.0748
vn 0.0999 0.9936 0.0524
vn 0.1096 0.9936 0.0270
vn 0.1128 0.9936 -0.0000
vn 0.1096 0.9936 -0.0270
vn 0.0999 0.9936 -0.0524
vn 0.0845 0.9936 -0.0748
vn 0.0641 0.9936 -0.0929
vn 0.0400 0.9936 -0.1055
vn 0.0136 0.9936 -0.1120
vn -0.1308 0.9902 0.0496
vn 0.0650 0.9902 0.1239
vn 0.0335 0.9902 0.1359
vn 0.0928 0.9902 0.1047
vn 0.0928 0.9902 -0.1047
vn 0.1152 0.9902 -0.0795
vn 0.0650 0.9902 -0.1239
vn -0.0335 0.9902 -0.1359
vn -0.0000 0.9902 -0.1399
vn -0.0650 0.9902 -0.1239
vn -0.1152 0.9902 0.0795
vn -0.0928 0.9902 0.1047
vn 0.1152 0.9902 0.0795
vn 0.1308 0.9902 0.0496
vn 0.0335 0.9902 -0.1359
vn -0.0928 0.9902 -0.1047
vn -0.1152 0.9902 -0.0795
vn -0.0650 0.9902 0.1239
vn -0.0335 0.9902 0.1359
vn 0.1389 0.9902 0.0169
vn 0.1389 0.9902 -0.0169
vn -0.1308 0.9902 -0.0496
vn -0.0000 0.9902 0.1399
vn 0.1308 0.9902 -0.0496
vn -0.0000 0.3368 0.9416
vn 0.1418 0.4899 0.8602
vn 0.2699 0.3327 0.9036
vn 0.3740 0.4706 0.7991
vn 0.4875 0.3252 0.8103
vn 0.5137 0.4647 0.7212
vn 0.6348 0.3295 0.6989
vn 0.5930 0.4936 0.6361
vn 0.7507 0.3544 0.5575
vn 0.6863 0.5436 0.4832
vn 0.8485 0.3844 0.3638
vn 0.7771 0.5732 0.2600
vn 0.9058 0.4033 0.1299
vn 0.8112 0.5847 0.0089
vn 0.9058 0.4047 -0.1257
vn 0.7766 0.5637 -0.2814
vn 0.8433 0.3723 -0.3876
vn 0.6834 0.4744 -0.5549
vn 0.7536 0.3227 -0.5727
vn 0.6594 0.4103 -0.6300
vn 0.6751 0.3200 -0.6647
vn 0.6660 0.4163 -0.6190
vn 0.5819 0.3758 -0.7212
vn 0.5967 0.5128 -0.6172
vn 0.3625 0.4806 -0.7985
vn 0.2352 0.6797 -0.6948
vn -0.0000 0.5352 -0.8447
vn -0.2352 0.6797 -0.6948
vn -0.3625 0.4806 -0.7985
vn -0.5967 0.5128 -0.6172
vn -0.5819 0.3758 -0.7212
vn -0.6660 0.4163 -0.6190
vn -0.6751 0.3200 -0.6647
vn -0.6594 0.4103 -0.6300
vn -0.7536 0.3227 -0.5727
vn -0.6834 0.4744 -0.5549
vn -0.8433 0.3723 -0.3876
vn -0.7766 0.5637 -0.2814
vn -0.9058 0.4047 -0.1257
vn -0.8112 0.5847 0.0089
vn -0.9058 0.4033 0.1299
vn -0.7771 0.5732 0.2600
vn -0.8485 0.3844 0.3638
vn -0.6863 0.5436 0.4832
vn -0.7507 0.3544 0.5575
vn -0.5930 0.4936 0.6361
vn -0.6348 0.3295 0.6989
vn -0.5137 0.4647 0.7212
vn -0.4875 0.3252 0.8103
vn -0.3740 0.4706 0.7991
vn -0.2699 0.3327 0.9036
vn -0.1418 0.4899 0.8602
vn -0.0000 0.7329 -0.6803
vn 0.2501 0.7319 -0.6339
vn 0.4222 0.7243 -0.5452
vn 0.5509 0.7005 -0.4536
vn 0.6795 0.6480 -0.3440
vn 0.7848 0.5866 -0.1998
vn 0.8251 0.5599 -0.0756
vn 0.8092 0.5802 0.0927
vn 0.6958 0.6768 0.2404
vn 0.5518 0.7970 0.2455
vn 0.3970 0.8726 0.2846
vn 0.2696 0.8346 0.4804
vn 0.1808 0.6575 0.7314
vn -0.0000 0.5410 0.8410
vn -0.1808 0.6575 0.7315
vn -0.2696 0.8346 0.4804
vn -0.3970 0.8726 0.2846
vn -0.5518 0.7970 0.2455
vn -0.6958 0.6768 0.2404
vn -0.8092 0.5802 0.0927
vn -0.8251 0.5599 -0.0756
vn -0.7848 0.5866 -0.1998
vn -0.6795 0.6480 -0.3440
vn -0.5509 0.7005 -0.4536
vn -0.4222 0.7243 -0.5452
vn -0.2501 0.7319 -0.6339
vn -0.2540 -0.6055 -0.7542
vn -0.0000 -0.6259 -0.7799
vn -0.4093 -0.5816 -0.7030
vn -0.4554 -0.5949 -0.6623
vn -0.4952 -0.6478 -0.5789
vn -0.6115 -0.6963 -0.3758
vn -0.6936 -0.7073 -0.1369
vn -0.6958 -0.7056 0.1340
vn -0.6069 -0.6360 0.4766
vn -0.5599 -0.5229 0.6427
vn -0.6441 -0.4660 0.6065
vn -0.7097 -0.4751 0.5203
vn -0.5117 -0.6642 0.5450
vn -0.0000 -0.8080 0.5892
vn 0.5117 -0.6642 0.5450
vn 0.7097 -0.4751 0.5203
vn 0.6441 -0.4660 0.6065
vn 0.5599 -0.5229 0.6427
vn 0.6069 -0.6360 0.4766
vn 0.6958 -0.7056 0.1340
vn 0.6936 -0.7073 -0.1369
vn 0.6115 -0.6963 -0.3758
vn 0.4952 -0.6478 -0.5789
vn 0.4554 -0.5949 -0.6623
vn 0.4093 -0.5816 -0.7030
vn 0.2540 -0.6055 -0.7542
vn -0.0000 0.6206 0.7842
vn 0.2580 0.6000 0.7572
vn 0.4112 0.5778 0.7051
vn 0.4575 0.5909 0.6645
vn 0.4994 0.6415 0.5823
vn 0.6161 0.6908 0.3784
vn 0.6956 0.7043 0.1417
vn 0.6988 0.7040 -0.1265
vn 0.6048 0.6299 -0.4873
vn 0.5585 0.5191 -0.6470
vn 0.6448 0.4652 -0.6064
vn 0.7184 0.4660 -0.5164
vn 0.5408 0.6472 -0.5373
vn -0.0000 0.8061 -0.5918
vn -0.5408 0.6472 -0.5373
vn -0.7184 0.4660 -0.5164
vn -0.6448 0.4652 -0.6064
vn -0.5585 0.5191 -0.6470
vn -0.6048 0.6299 -0.4873
vn -0.6988 0.7040 -0.1265
vn -0.6956 0.7043 0.1417
vn -0.6161 0.6908 0.3784
vn -0.4994 0.6415 0.5823
vn -0.4575 0.5909 0.6645
vn -0.4112 0.5778 0.7051
vn -0.2580 0.6000 0.7572
vn -0.1693 -0.9815 0.0889
vn -0.1879 -0.9796 0.0713
vn -0.1654 -0.9796 0.1142
vn -0.1857 -0.9815 0.0458
vn -0.1995 -0.9796 0.0242
vn -0.0231 -0.9815 -0.1898
vn -0.0000 -0.9796 -0.2010
vn -0.0481 -0.9796 -0.1952
vn 0.0231 -0.9815 -0.1898
vn 0.0481 -0.9796 -0.1952
vn 0.1857 -0.9815 0.0458
vn 0.1879 -0.9796 0.0713
vn 0.1995 -0.9796 0.0242
vn 0.1693 -0.9815 0.0889
vn 0.1654 -0.9796 0.1142
vn -0.0231 -0.9815 0.1898
vn -0.0481 -0.9796 0.1952
vn -0.0000 -0.9796 0.2010
vn -0.1912 -0.9815 -0.0000
vn -0.1995 -0.9796 -0.0242
vn -0.1857 -0.9815 -0.0458
vn -0.1879 -0.9796 -0.0713
vn 0.0678 -0.9815 -0.1788
vn 0.0934 -0.9796 -0.1780
vn 0.1086 -0.9815 -0.1574
vn 0.1333 -0.9796 -0.1505
vn 0.1431 -0.9815 0.1268
vn 0.1333 -0.9796 0.1505
vn 0.1086 -0.9815 0.1574
vn 0.0934 -0.9796 0.1780
vn -0.0678 -0.9815 0.1788
vn -0.0934 -0.9796 0.1780
vn -0.1693 -0.9815 -0.0889
vn -0.1654 -0.9796 -0.1142
vn -0.1431 -0.9815 -0.1268
vn -0.1333 -0.9796 -0.1505
vn 0.1431 -0.9815 -0.1268
vn 0.1654 -0.9796 -0.1142
vn 0.1693 -0.9815 -0.0889
vn 0.1879 -0.9796 -0.0713
vn 0.0678 -0.9815 0.1788
vn 0.0481 -0.9796 0.1952
vn 0.0231 -0.9815 0.1898
vn -0.1086 -0.9815 0.1574
vn -0.1333 -0.9796 0.1505
vn -0.1431 -0.9815 0.1268
vn -0.1086 -0.9815 -0.1574
vn -0.0934 -0.9796 -0.1780
vn -0.0678 -0.9815 -0.1788
vn 0.1857 -0.9815 -0.0458
vn 0.1995 -0.9796 -0.0242
vn 0.1912 -0.9815 -0.0000
vn 0.1353 -0.9907 0.0164
vn 0.1353 -0.9907 -0.0164
vn 0.1274 -0.9907 -0.0483
vn -0.0326 -0.9907 -0.1323
vn -0.0633 -0.9907 -0.1207
vn -0.0904 -0.9907 -0.1020
vn -0.1122 -0.9907 0.0774
vn -0.0904 -0.9907 0.1020
vn -0.0633 -0.9907 0.1207
vn -0.0000 -0.9907 0.1363
vn 0.0326 -0.9907 0.1323
vn 0.0633 -0.9907 0.1207
vn 0.1122 -0.9907 -0.0774
vn 0.0904 -0.9907 -0.1020
vn -0.1122 -0.9907 -0.0774
vn -0.1274 -0.9907 -0.0483
vn -0.0326 -0.9907 0.1323
vn 0.0904 -0.9907 0.1020
vn 0.1122 -0.9907 0.0774
vn 0.0633 -0.9907 -0.1207
vn 0.0326 -0.9907 -0.1323
vn -0.1353 -0.9907 -0.0164
vn -0.1353 -0.9907 0.0164
vn 0.1274 -0.9907 0.0483
vn -0.0000 -0.9907 -0.1363
vn -0.1274 -0.9907 0.0483
vn -0.0943 -0.9955 -0.0114
vn 0.0227 -0.9955 -0.0922
vn 0.0781 -0.9955 0.0539
vn -0.0943 -0.9955 0.0114
vn -0.0000 -0.9955 -0.0949
vn 0.0888 -0.9955 0.0337
vn -0.0888 -0.9955 0.0337
vn -0.0227 -0.9955 -0.0922
vn -0.0781 -0.9955 0.0539
vn -0.0441 -0.9955 -0.0841
vn 0.0888 -0.9955 -0.0337
vn -0.0630 -0.9955 0.0711
vn -0.0000 -0.9955 0.0949
vn -0.0630 -0.9955 -0.0711
vn 0.0943 -0.9955 0.0114
vn 0.0943 -0.9955 -0.0114
vn 0.0781 -0.9955 -0.0539
vn -0.0441 -0.9955 0.0841
vn -0.0227 -0.9955 0.0922
vn 0.0227 -0.9955 0.0922
vn 0.0441 -0.9955 0.0841
vn -0.0781 -0.9955 -0.0539
vn -0.0888 -0.9955 -0.0337
vn 0.0630 -0.9955 -0.0711
vn 0.0441 -0.9955 -0.0841
vn 0.0073 -0.9982 0.0599
vn 0.0214 -0.9982 0.0564
vn 0.0343 -0.9982 0.0496
vn 0.0451 -0.9982 0.0400
vn 0.0534 -0.9982 0.0280
vn 0.0585 -0.9982 0.0144
vn 0.0585 -0.9982 -0.0144
vn 0.0534 -0.9982 -0.0280
vn 0.0451 -0.9982 -0.0400
vn 0.0343 -0.9982 -0.0496
vn 0.0214 -0.9982 -0.0564
vn 0.0073 -0.9982 -0.0599
vn -0.0073 -0.9982 -0.0599
vn -0.0214 -0.9982 -0.0564
vn -0.0343 -0.9982 -0.0496
vn -0.0451 -0.9982 -0.0400
vn -0.0534 -0.9982 -0.0280
vn -0.0585 -0.9982 -0.0144
vn -0.0603 -0.9982 -0.0000
vn -0.0585 -0.9982 0.0144
vn -0.0534 -0.9982 0.0280
vn -0.0156 0.9979 -0.0633
vn -0.0451 -0.9982 0.0400
vn -0.0343 -0.9982 0.0496
vn -0.0214 -0.9982 0.0564
vn -0.0073 -0.9982 0.0599
vn 0.0603 -0.9982 -0.0000
vn -0.0303 0.9979 0.0577
vn -0.0156 0.9979 0.0633
vn -0.0432 0.9979 -0.0488
vn -0.0537 0.9979 -0.0370
vn 0.0647 0.9979 0.0079
vn 0.0647 0.9979 -0.0079
vn -0.0647 0.9979 -0.0079
vn -0.0647 0.9979 0.0079
vn -0.0000 0.9979 0.0652
vn -0.0610 0.9979 -0.0231
vn 0.0610 0.9979 -0.0231
vn 0.0156 0.9979 0.0633
vn 0.0537 0.9979 -0.0370
vn 0.0303 0.9979 0.0577
vn -0.0610 0.9979 0.0231
vn 0.0432 0.9979 -0.0488
vn 0.0432 0.9979 0.0488
vn -0.0537 0.9979 0.0370
vn 0.0303 0.9979 -0.0577
vn -0.0000 0.9979 -0.0652
vn 0.0537 0.9979 0.0370
vn -0.0432 0.9979 0.0488
vn 0.0156 0.9979 -0.0633
vn -0.0303 0.9979 -0.0577
vn 0.0610 0.9979 0.0231
vn 0.0630 -0.9955 0.0711
vn -0.0000 -0.9996 0.0285
vn -0.0283 -0.9996 -0.0034
vn -0.0266 -0.9996 -0.0101
vn 0.0068 -0.9996 -0.0277
vn 0.0132 -0.9996 -0.0252
vn -0.0068 -0.9996 0.0277
vn 0.0234 -0.9996 0.0162
vn 0.0189 -0.9996 0.0213
vn -0.0283 -0.9996 0.0034
vn -0.0000 -0.9996 -0.0285
vn 0.0283 -0.9996 -0.0034
vn 0.0283 -0.9996 0.0034
vn 0.0266 -0.9996 0.0101
vn -0.0266 -0.9996 0.0101
vn -0.0068 -0.9996 -0.0277
vn -0.0234 -0.9996 0.0162
vn -0.0132 -0.9996 -0.0252
vn 0.0266 -0.9996 -0.0101
vn -0.0189 -0.9996 -0.0213
vn 0.0234 -0.9996 -0.0162
vn -0.0189 -0.9996 0.0213
vn 0.0068 -0.9996 0.0277
vn -0.0234 -0.9996 -0.0162
vn 0.0189 -0.9996 -0.0213
vn -0.0132 -0.9996 0.0252
vn 0.0132 -0.9996 0.0252
vn 0.1702 -0.4246 -0.8892
vn 0.4165 -0.3913 -0.8206
vn 0.5149 -0.3858 -0.7655
vn 0.5400 -0.4181 -0.7305
vn 0.6672 -0.4842 -0.5660
vn 0.8026 -0.5295 -0.2745
vn 0.8420 -0.5394 -0.0117
vn 0.7956 -0.4919 0.3536
vn 0.6444 -0.3251 0.6921
vn 0.6890 -0.2076 0.6944
vn 0.7925 -0.1310 0.5956
vn 0.7750 -0.2547 0.5784
vn 0.3461 -0.6034 0.7184
vn -0.3461 -0.6034 0.7184
vn -0.7750 -0.2547 0.5784
vn -0.7925 -0.1310 0.5956
vn -0.6890 -0.2076 0.6944
vn -0.6444 -0.3252 0.6921
vn -0.7956 -0.4919 0.3536
vn -0.8420 -0.5394 -0.0117
vn -0.8026 -0.5295 -0.2745
vn -0.6672 -0.4842 -0.5660
vn -0.5400 -0.4181 -0.7305
vn -0.5149 -0.3858 -0.7655
vn -0.4165 -0.3913 -0.8206
vn -0.1702 -0.4246 -0.8892
vn -0.0886 -0.6779 -0.7298
vn -0.2926 0.5700 -0.7678
vn -0.6186 0.5631 -0.5479
vn -0.9599 0.1504 -0.2366
vn -0.8754 0.1504 -0.4594
vn -0.9599 0.1504 0.2366
vn -0.8049 0.5593 -0.1984
vn -0.8049 0.5593 0.1984
vn -0.8293 0.5588 -0.0000
vn -0.7331 0.5608 0.3847
vn -0.5616 0.1504 0.8136
vn -0.1010 0.5746 0.8122
vn 0.3506 0.1504 0.9244
vn 0.1192 0.1504 0.9814
vn 0.7400 0.1504 0.6556
vn 0.2926 0.5700 0.7678
vn 0.6186 0.5631 0.5479
vn 0.4683 0.5662 0.6783
vn 0.7331 0.5608 0.3847
vn 0.9886 0.1504 -0.0000
vn 0.7331 0.5608 -0.3847
vn 0.5616 0.1504 -0.8136
vn 0.7400 0.1504 -0.6556
vn 0.3506 0.1504 -0.9244
vn 0.4683 0.5662 -0.6783
vn 0.2926 0.5700 -0.7678
vn -0.1010 0.5746 -0.8122
vn 0.6510 -0.6779 -0.3417
vn 0.7138 -0.6779 -0.1759
vn 0.7352 -0.6779 -0.0000
vn 0.7138 -0.6779 0.1759
vn 0.6510 -0.6779 0.3417
vn 0.5503 -0.6779 0.4875
vn 0.4176 -0.6779 0.6050
vn 0.2607 -0.6779 0.6874
vn 0.0886 -0.6779 0.7298
vn -0.0886 -0.6779 0.7298
vn -0.2607 -0.6779 0.6874
vn -0.4176 -0.6779 0.6050
vn -0.5503 -0.6779 0.4875
vn -0.6510 -0.6779 0.3417
vn -0.7138 -0.6779 0.1759
vn -0.7352 -0.6779 -0.0000
vn -0.7138 -0.6779 -0.1759
vn -0.6510 -0.6779 -0.3417
vn -0.5503 -0.6779 -0.4875
vn -0.4176 -0.6779 -0.6050
vn -0.2607 -0.6779 -0.6874
vn 0.1705 -0.9854 -0.0000
vn 0.2607 -0.6779 -0.6874
vn 0.3467 -0.2094 -0.9143
vn -0.1179 -0.2094 -0.9707
vn -0.3467 -0.2094 -0.9143
vn -0.5555 -0.2094 -0.8047
vn -0.7319 -0.2094 -0.6484
vn -0.8658 -0.2094 -0.4544
vn -0.9494 -0.2094 -0.2340
vn -0.9778 -0.2094 -0.0000
vn -0.9494 -0.2094 0.2340
vn -0.8658 -0.2094 0.4544
vn -0.7319 -0.2094 0.6484
vn -0.5555 -0.2094 0.8047
vn -0.3467 -0.2094 0.9143
vn -0.1179 -0.2094 0.9707
vn 0.1179 -0.2094 0.9707
vn 0.3467 -0.2094 0.9143
vn 0.5555 -0.2094 0.8047
vn 0.7319 -0.2094 0.6484
vn 0.8658 -0.2094 0.4544
vn 0.9494 -0.2094 0.2340
vn 0.9778 -0.2094 -0.0000
vn 0.9494 -0.2094 -0.2340
vn 0.8658 -0.2094 -0.4544
vn 0.7319 -0.2094 -0.6484
vn 0.5555 -0.2094 -0.8047
vn 0.1179 -0.2094 -0.9707
vn 0.4176 -0.6779 -0.6050
vn -0.1287 -0.1430 -0.9813
vn -0.3721 -0.1379 -0.9179
vn -0.5807 -0.1306 -0.8036
vn -0.7490 -0.1266 -0.6504
vn -0.8782 -0.1273 -0.4610
vn -0.9623 -0.1299 -0.2388
vn -0.9914 -0.1312 -0.0001
vn -0.9623 -0.1305 0.2387
vn -0.8775 -0.1282 0.4621
vn -0.7461 -0.1285 0.6534
vn -0.5736 -0.1351 0.8079
vn -0.3674 -0.1471 0.9184
vn -0.1259 -0.1566 0.9796
vn 0.1259 -0.1566 0.9796
vn 0.3674 -0.1471 0.9184
vn 0.5736 -0.1351 0.8079
vn 0.7461 -0.1285 0.6534
vn 0.8775 -0.1282 0.4621
vn 0.9623 -0.1305 0.2387
vn 0.9914 -0.1312 -0.0001
vn 0.9623 -0.1299 -0.2388
vn 0.8782 -0.1273 -0.4610
vn 0.7490 -0.1266 -0.6504
vn 0.5807 -0.1306 -0.8036
vn 0.3721 -0.1379 -0.9179
vn 0.1287 -0.1430 -0.9813
vn 0.5503 -0.6779 -0.4875
vn -0.0972 0.6283 -0.7719
vn -0.2777 0.6274 -0.7275
vn -0.4425 0.6267 -0.6414
vn -0.5835 0.6262 -0.5172
vn -0.6906 0.6258 -0.3626
vn -0.7575 0.6255 -0.1868
vn -0.7803 0.6254 -0.0000
vn -0.7575 0.6255 0.1868
vn -0.6906 0.6258 0.3626
vn -0.5835 0.6262 0.5172
vn -0.4425 0.6267 0.6414
vn -0.2777 0.6274 0.7275
vn -0.0972 0.6283 0.7719
vn 0.0972 0.6283 0.7719
vn 0.2777 0.6274 0.7275
vn 0.4425 0.6267 0.6414
vn 0.5835 0.6262 0.5172
vn 0.6906 0.6258 0.3626
vn 0.7575 0.6255 0.1868
vn 0.7803 0.6254 -0.0000
vn 0.7575 0.6255 -0.1868
vn 0.6906 0.6258 -0.3626
vn 0.5835 0.6262 -0.5172
vn 0.4425 0.6267 -0.6414
vn -0.1201 -0.0808 -0.9895
vn 0.1201 -0.0808 -0.9895
vn -0.3534 -0.0808 -0.9320
vn 0.1215 0.0101 -0.9925
vn -0.5662 -0.0808 -0.8203
vn -0.3457 0.2232 -0.9114
vn -0.7461 -0.0808 -0.6610
vn -0.5537 0.2232 -0.8022
vn -0.8826 -0.0808 -0.4632
vn -0.7296 0.2232 -0.6464
vn -0.9678 -0.0808 -0.2385
vn -0.8631 0.2232 -0.4530
vn -0.9967 -0.0808 -0.0000
vn -0.9465 0.2232 -0.2333
vn -0.9678 -0.0808 0.2385
vn -0.9748 0.2232 -0.0000
vn -0.8826 -0.0808 0.4632
vn -0.9465 0.2232 0.2333
vn -0.7461 -0.0808 0.6610
vn -0.8631 0.2232 0.4530
vn -0.5662 -0.0808 0.8203
vn -0.7296 0.2232 0.6464
vn -0.3534 -0.0808 0.9320
vn -0.5537 0.2232 0.8022
vn -0.1201 -0.0808 0.9895
vn -0.3457 0.2232 0.9114
vn 0.1201 -0.0808 0.9895
vn -0.1175 0.2232 0.9677
vn 0.3534 -0.0808 0.9320
vn 0.1175 0.2232 0.9677
vn 0.5662 -0.0808 0.8203
vn 0.3457 0.2232 0.9114
vn 0.7461 -0.0808 0.6610
vn 0.5537 0.2232 0.8022
vn 0.8826 -0.0808 0.4632
vn 0.7296 0.2232 0.6464
vn 0.9678 -0.0808 0.2385
vn 0.8631 0.2232 0.4530
vn 0.9967 -0.0808 -0.0000
vn 0.9465 0.2232 0.2333
vn 0.9678 -0.0808 -0.2385
vn 0.9748 0.2232 -0.0000
vn 0.8826 -0.0808 -0.4632
vn 0.9465 0.2232 -0.2333
vn 0.7461 -0.0808 -0.6610
vn 0.8631 0.2232 -0.4530
vn 0.5662 -0.0808 -0.8203
vn 0.7296 0.2232 -0.6464
vn 0.3534 -0.0808 -0.9320
vn 0.5537 0.2232 -0.8022
vn -0.1175 0.2232 -0.9677
vn 0.3457 0.2232 -0.9114
vn 0.1093 0.4266 -0.8978
vn 0.0972 0.6283 -0.7719
vn -0.1192 0.1504 -0.9814
vn -0.4683 0.5662 -0.6783
vn 0.8754 0.1504 -0.4594
vn 0.6186 0.5631 -0.5479
vn 0.9599 0.1504 -0.2366
vn 0.9599 0.1504 0.2366
vn 0.8293 0.5588 -0.0000
vn 0.8049 0.5593 -0.1984
vn 0.8049 0.5593 0.1984
vn 0.5616 0.1504 0.8136
vn 0.8754 0.1505 0.4594
vn -0.1192 0.1504 0.9814
vn 0.1010 0.5746 0.8122
vn -0.3506 0.1504 0.9244
vn -0.7400 0.1504 0.6556
vn -0.4683 0.5662 0.6783
vn -0.2926 0.5700 0.7678
vn -0.6186 0.5631 0.5479
vn -0.9886 0.1504 -0.0000
vn -0.8754 0.1504 0.4594
vn -0.7400 0.1504 -0.6556
vn -0.7331 0.5608 -0.3847
vn -0.5616 0.1504 -0.8136
vn -0.3506 0.1504 -0.9244
vn 0.1010 0.5746 -0.8122
vn 0.1016 0.5616 -0.8212
vn 0.3207 0.4279 -0.8450
vn 0.2931 0.5664 -0.7702
vn 0.5132 0.4290 -0.7433
vn 0.4665 0.5705 -0.6759
vn 0.6759 0.4299 -0.5986
vn 0.6130 0.5737 -0.5432
vn 0.7992 0.4306 -0.4194
vn 0.7237 0.5761 -0.3799
vn 0.8762 0.4310 -0.2159
vn 0.7926 0.5776 -0.1954
vn 0.9023 0.4311 -0.0000
vn 0.8159 0.5781 -0.0000
vn 0.8762 0.4310 0.2159
vn 0.7926 0.5776 0.1954
vn 0.7992 0.4306 0.4194
vn 0.7237 0.5761 0.3799
vn 0.6759 0.4299 0.5986
vn 0.6130 0.5737 0.5432
vn 0.5132 0.4290 0.7433
vn 0.4665 0.5705 0.6759
vn 0.3207 0.4279 0.8450
vn 0.2931 0.5664 0.7702
vn 0.1093 0.4266 0.8978
vn 0.1016 0.5616 0.8212
vn -0.1093 0.4266 0.8978
vn -0.1016 0.5616 0.8212
vn -0.3207 0.4279 0.8450
vn -0.2931 0.5664 0.7702
vn -0.5132 0.4290 0.7433
vn -0.4665 0.5705 0.6759
vn -0.6759 0.4299 0.5986
vn -0.6130 0.5737 0.5432
vn -0.7992 0.4306 0.4194
vn -0.7237 0.5761 0.3799
vn -0.8762 0.4310 0.2159
vn -0.7926 0.5776 0.1954
vn -0.9023 0.4311 -0.0000
vn -0.8159 0.5781 -0.0000
vn -0.8762 0.4310 -0.2159
vn -0.7926 0.5776 -0.1954
vn -0.7992 0.4306 -0.4194
vn -0.7237 0.5761 -0.3799
vn -0.6759 0.4299 -0.5986
vn -0.6130 0.5737 -0.5432
vn -0.5132 0.4290 -0.7433
vn -0.4665 0.5705 -0.6759
vn -0.3207 0.4279 -0.8450
vn -0.2931 0.5664 -0.7702
vn -0.1093 0.4266 -0.8978
vn -0.1016 0.5616 -0.8212
vn 0.2777 0.6274 -0.7275
vn 0.1143 0.3180 -0.9412
vn 0.1079 0.4523 -0.8853
vn 0.3362 0.3180 -0.8865
vn 0.3167 0.4512 -0.8343
vn 0.5386 0.3180 -0.7803
vn 0.5073 0.4502 -0.7348
vn 0.7097 0.3180 -0.6287
vn 0.6687 0.4494 -0.5923
vn 0.8395 0.3180 -0.4406
vn 0.7913 0.4488 -0.4152
vn 0.9205 0.3180 -0.2269
vn 0.8679 0.4484 -0.2139
vn 0.9481 0.3180 -0.0000
vn 0.8939 0.4483 -0.0000
vn 0.9205 0.3180 0.2269
vn 0.8679 0.4484 0.2139
vn 0.8395 0.3180 0.4406
vn 0.7913 0.4488 0.4152
vn 0.7097 0.3180 0.6287
vn 0.6687 0.4494 0.5923
vn 0.5386 0.3180 0.7803
vn 0.5073 0.4502 0.7348
vn 0.3362 0.3180 0.8865
vn 0.3167 0.4512 0.8343
vn 0.1143 0.3180 0.9412
vn 0.1079 0.4523 0.8853
vn -0.1143 0.3180 0.9412
vn -0.1079 0.4523 0.8853
vn -0.3362 0.3180 0.8865
vn -0.3167 0.4512 0.8343
vn -0.5386 0.3180 0.7803
vn -0.5073 0.4502 0.7348
vn -0.7097 0.3180 0.6287
vn -0.6687 0.4494 0.5923
vn -0.8395 0.3180 0.4406
vn -0.7913 0.4488 0.4152
vn -0.9205 0.3180 0.2269
vn -0.8679 0.4484 0.2139
vn -0.9481 0.3180 -0.0000
vn -0.8939 0.4483 -0.0000
vn -0.9205 0.3180 -0.2269
vn -0.8679 0.4484 -0.2139
vn -0.8395 0.3180 -0.4406
vn -0.7913 0.4488 -0.4152
vn -0.7097 0.3180 -0.6287
vn -0.6687 0.4494 -0.5923
vn -0.5386 0.3180 -0.7803
vn -0.5073 0.4502 -0.7348
vn -0.3362 0.3180 -0.8865
vn -0.3167 0.4512 -0.8343
vn -0.1143 0.3180 -0.9412
vn -0.1079 0.4523 -0.8853
vn 0.1192 0.1504 -0.9814
vn -0.1115 -0.3804 -0.9181
vn -0.1017 -0.5369 -0.8375
vn -0.3279 -0.3804 -0.8647
vn -0.2992 -0.5369 -0.7888
vn -0.5254 -0.3804 -0.7611
vn -0.4792 -0.5369 -0.6943
vn -0.6922 -0.3804 -0.6133
vn -0.6315 -0.5369 -0.5594
vn -0.8189 -0.3804 -0.4298
vn -0.7470 -0.5369 -0.3921
vn -0.8980 -0.3804 -0.2213
vn -0.8191 -0.5369 -0.2019
vn -0.9248 -0.3804 -0.0000
vn -0.8436 -0.5369 -0.0000
vn -0.8980 -0.3804 0.2213
vn -0.8191 -0.5369 0.2019
vn -0.8189 -0.3804 0.4298
vn -0.7470 -0.5369 0.3921
vn -0.6922 -0.3804 0.6133
vn -0.6315 -0.5369 0.5594
vn -0.5254 -0.3804 0.7611
vn -0.4792 -0.5369 0.6943
vn -0.3280 -0.3804 0.8647
vn -0.2992 -0.5369 0.7888
vn -0.1115 -0.3804 0.9181
vn -0.1017 -0.5369 0.8375
vn 0.1115 -0.3804 0.9181
vn 0.1017 -0.5369 0.8375
vn 0.3280 -0.3804 0.8647
vn 0.2992 -0.5369 0.7888
vn 0.5254 -0.3804 0.7611
vn 0.4792 -0.5369 0.6943
vn 0.6922 -0.3804 0.6133
vn 0.6315 -0.5369 0.5594
vn 0.8189 -0.3804 0.4298
vn 0.7470 -0.5369 0.3921
vn 0.8980 -0.3804 0.2213
vn 0.8191 -0.5369 0.2019
vn 0.9248 -0.3804 -0.0000
vn 0.8436 -0.5369 -0.0000
vn 0.8980 -0.3804 -0.2213
vn 0.8191 -0.5369 -0.2019
vn 0.8189 -0.3804 -0.4298
vn 0.7470 -0.5369 -0.3921
vn 0.6922 -0.3804 -0.6133
vn 0.6315 -0.5369 -0.5594
vn 0.5254 -0.3804 -0.7611
vn 0.4792 -0.5369 -0.6943
vn 0.3279 -0.3804 -0.8647
vn 0.2992 -0.5369 -0.7888
vn 0.1115 -0.3804 -0.9181
vn 0.1017 -0.5369 -0.8375
vn 0.0442 -0.9990 -0.0109
vn -0.1204 0.0424 -0.9918
vn -0.3543 0.0424 -0.9342
vn -0.5676 0.0424 -0.8222
vn -0.7478 0.0424 -0.6625
vn -0.8847 0.0424 -0.4643
vn -0.9701 0.0424 -0.2391
vn -0.9991 0.0424 -0.0000
vn -0.9701 0.0424 0.2391
vn -0.8847 0.0424 0.4643
vn -0.7478 0.0424 0.6625
vn -0.5676 0.0424 0.8222
vn -0.3543 0.0424 0.9342
vn -0.1204 0.0424 0.9918
vn 0.1204 0.0424 0.9918
vn 0.3543 0.0424 0.9342
vn 0.5676 0.0424 0.8222
vn 0.7478 0.0424 0.6625
vn 0.8847 0.0424 0.4643
vn 0.9701 0.0424 0.2391
vn 0.9991 0.0424 -0.0000
vn 0.9701 0.0424 -0.2391
vn 0.8847 0.0424 -0.4643
vn 0.7478 0.0424 -0.6625
vn 0.5676 0.0424 -0.8222
vn 0.3543 0.0424 -0.9342
vn 0.1204 0.0424 -0.9918
vn 0.1175 0.2232 -0.9677
vn 0.3567 0.0110 -0.9342
vn 0.5699 0.0122 -0.8216
vn 0.7492 0.0131 -0.6622
vn 0.8855 0.0134 -0.4645
vn 0.9709 0.0135 -0.2393
vn 0.9999 0.0135 -0.0000
vn 0.9709 0.0135 0.2393
vn 0.8854 0.0135 0.4647
vn 0.7484 0.0135 0.6631
vn 0.5680 0.0135 0.8229
vn 0.3546 0.0135 0.9349
vn 0.1205 0.0135 0.9926
vn -0.1205 0.0135 0.9926
vn -0.3546 0.0135 0.9349
vn -0.5680 0.0135 0.8229
vn -0.7484 0.0135 0.6631
vn -0.8854 0.0135 0.4647
vn -0.9709 0.0135 0.2393
vn -0.9999 0.0135 -0.0000
vn -0.9709 0.0135 -0.2393
vn -0.8855 0.0134 -0.4645
vn -0.7492 0.0131 -0.6622
vn -0.5699 0.0122 -0.8216
vn -0.3567 0.0110 -0.9342
vn -0.1215 0.0101 -0.9925
vn 0.0478 -0.9180 -0.3937
vn 0.1406 -0.9180 -0.3708
vn 0.2253 -0.9180 -0.3264
vn 0.2969 -0.9180 -0.2630
vn 0.3512 -0.9180 -0.1843
vn 0.3851 -0.9180 -0.0949
vn 0.3966 -0.9180 -0.0000
vn 0.3851 -0.9180 0.0949
vn 0.3512 -0.9180 0.1843
vn 0.2969 -0.9180 0.2630
vn 0.2253 -0.9180 0.3264
vn 0.1406 -0.9180 0.3708
vn 0.0478 -0.9180 0.3937
vn -0.0478 -0.9180 0.3937
vn -0.1406 -0.9180 0.3708
vn -0.2253 -0.9180 0.3264
vn -0.2969 -0.9180 0.2630
vn -0.3512 -0.9180 0.1843
vn -0.3851 -0.9180 0.0949
vn -0.3966 -0.9180 -0.0000
vn -0.3851 -0.9180 -0.0949
vn -0.3512 -0.9180 -0.1843
vn -0.2969 -0.9180 -0.2630
vn -0.2253 -0.9180 -0.3264
vn -0.1406 -0.9180 -0.3708
vn -0.0478 -0.9180 -0.3937
vn 0.0886 -0.6779 -0.7298
vn 0.0258 -0.9990 0.0374
vn -0.0258 -0.9990 0.0374
vn -0.0442 -0.9990 -0.0109
vn 0.0341 -0.9990 -0.0302
vn 0.0403 -0.9990 0.0211
vn -0.0055 -0.9990 0.0452
vn -0.0442 -0.9990 0.0109
vn -0.0258 -0.9990 -0.0374
vn 0.0161 -0.9990 -0.0425
vn 0.0455 -0.9990 -0.0000
vn 0.0161 -0.9990 0.0425
vn -0.0341 -0.9990 0.0302
vn -0.0403 -0.9990 -0.0211
vn 0.0403 -0.9990 -0.0211
vn 0.0341 -0.9990 0.0302
vn -0.0161 -0.9990 0.0425
vn -0.0455 -0.9990 -0.0000
vn -0.0161 -0.9990 -0.0425
vn 0.0258 -0.9990 -0.0374
vn 0.0442 -0.9990 0.0109
vn 0.0055 -0.9990 0.0452
vn -0.0403 -0.9990 0.0211
vn -0.0341 -0.9990 -0.0302
vn -0.0055 -0.9990 -0.0452
vn 0.0055 -0.9990 -0.0452
vn 0.1656 -0.9854 -0.0408
vn -0.0605 -0.9854 -0.1595
vn -0.0969 -0.9854 -0.1403
vn -0.1276 -0.9854 0.1131
vn -0.0969 -0.9854 0.1403
vn 0.0206 -0.9854 0.1693
vn 0.0605 -0.9854 0.1595
vn 0.1510 -0.9854 -0.0793
vn 0.1276 -0.9854 -0.1131
vn -0.1276 -0.9854 -0.1131
vn -0.1510 -0.9854 -0.0793
vn -0.0605 -0.9854 0.1595
vn 0.0969 -0.9854 0.1403
vn 0.1276 -0.9854 0.1131
vn 0.0969 -0.9854 -0.1403
vn 0.0605 -0.9854 -0.1595
vn -0.1656 -0.9854 -0.0408
vn -0.1705 -0.9854 -0.0000
vn -0.0206 -0.9854 0.1693
vn 0.1510 -0.9854 0.0793
vn 0.1656 -0.9854 0.0408
vn 0.0206 -0.9854 -0.1693
vn -0.0206 -0.9854 -0.1693
vn -0.1656 -0.9854 0.0408
vn -0.1510 -0.9854 0.0793
vn -0.1402 -0.3335 -0.9323
vn -0.3881 -0.3251 -0.8624
vn -0.5674 -0.3192 -0.7591
vn -0.6953 -0.3338 -0.6365
vn -0.8045 -0.3647 -0.4688
vn -0.8863 -0.3895 -0.2504
vn -0.9162 -0.4006 -0.0014
vn -0.8852 -0.3880 0.2567
vn -0.8014 -0.3433 0.4898
vn -0.7168 -0.3138 0.6227
vn -0.6277 -0.3432 0.6987
vn -0.4875 -0.4290 0.7605
vn -0.1793 -0.5179 0.8364
vn 0.1793 -0.5179 0.8364
vn 0.4875 -0.4290 0.7605
vn 0.6277 -0.3432 0.6987
vn 0.7168 -0.3138 0.6227
vn 0.8014 -0.3433 0.4898
vn 0.8852 -0.3880 0.2567
vn 0.9162 -0.4006 -0.0014
vn 0.8863 -0.3895 -0.2504
vn 0.8045 -0.3647 -0.4688
vn 0.6953 -0.3338 -0.6365
vn 0.5674 -0.3192 -0.7591
vn 0.3881 -0.3251 -0.8624
vn 0.1402 -0.3335 -0.9323
vn -0.0965 0.8644 0.4934
vn -0.2114 0.8521 0.4788
vn -0.2216 0.8493 0.4791
vn -0.1570 0.8561 0.4923
vn -0.1876 0.8971 0.4000
vn -0.2879 0.9377 0.1946
vn -0.3204 0.9470 0.0222
vn -0.3045 0.9226 -0.2367
vn -0.2290 0.8127 -0.5358
vn -0.3544 0.7764 -0.5212
vn -0.5885 0.7176 -0.3724
vn -0.6806 0.6965 -0.2275
vn -0.3285 0.9079 -0.2606
vn 0.3285 0.9079 -0.2606
vn 0.6806 0.6965 -0.2275
vn 0.5886 0.7176 -0.3724
vn 0.3544 0.7764 -0.5212
vn 0.2290 0.8127 -0.5358
vn 0.3045 0.9226 -0.2367
vn 0.3204 0.9470 0.0222
vn 0.2879 0.9377 0.1945
vn 0.1875 0.8971 0.4000
vn 0.1570 0.8561 0.4923
vn 0.2216 0.8493 0.4791
vn 0.2114 0.8521 0.4788
vn 0.0965 0.8644 0.4934
vn 0.0901 0.6647 0.7417
vn 0.2969 -0.5466 0.7830
vn 0.6268 -0.5466 0.5553
vn 0.9598 -0.1511 0.2366
vn 0.8753 -0.1511 0.4594
vn 0.9598 -0.1511 -0.2366
vn 0.8131 -0.5466 0.2004
vn 0.8131 -0.5466 -0.2004
vn 0.8374 -0.5466 -0.0000
vn 0.7415 -0.5466 -0.3892
vn 0.5615 -0.1511 -0.8135
vn 0.1009 -0.5466 -0.8313
vn -0.3505 -0.1511 -0.9243
vn -0.1192 -0.1511 -0.9813
vn -0.7399 -0.1511 -0.6555
vn -0.2969 -0.5466 -0.7830
vn -0.6268 -0.5466 -0.5553
vn -0.4757 -0.5466 -0.6892
vn -0.7415 -0.5466 -0.3892
vn -0.9885 -0.1511 -0.0000
vn -0.7415 -0.5466 0.3892
vn -0.5615 -0.1511 0.8135
vn -0.7399 -0.1511 0.6555
vn -0.3505 -0.1511 0.9243
vn -0.4757 -0.5466 0.6892
vn -0.2969 -0.5466 0.7830
vn 0.1009 -0.5466 0.8313
vn -0.6615 0.6647 0.3472
vn -0.7254 0.6647 0.1788
vn -0.7471 0.6647 -0.0000
vn -0.7254 0.6647 -0.1788
vn -0.6615 0.6647 -0.3472
vn -0.5592 0.6647 -0.4954
vn -0.4244 0.6647 -0.6149
vn -0.2649 0.6647 -0.6986
vn -0.0901 0.6647 -0.7417
vn 0.0901 0.6647 -0.7417
vn 0.2649 0.6647 -0.6986
vn 0.4244 0.6647 -0.6149
vn 0.5592 0.6647 -0.4954
vn 0.6615 0.6647 -0.3472
vn 0.7254 0.6647 -0.1788
vn 0.7471 0.6647 -0.0000
vn 0.7254 0.6647 0.1788
vn 0.6615 0.6647 0.3472
vn 0.5592 0.6647 0.4954
vn 0.4244 0.6647 0.6149
vn 0.2649 0.6647 0.6986
vn -0.1398 0.9902 -0.0000
vn -0.2649 0.6647 0.6986
vn -0.3468 0.2085 0.9145
vn 0.1179 0.2085 0.9709
vn 0.3468 0.2085 0.9145
vn 0.5556 0.2085 0.8049
vn 0.7321 0.2085 0.6486
vn 0.8660 0.2085 0.4545
vn 0.9496 0.2085 0.2341
vn 0.9780 0.2085 -0.0000
vn 0.9496 0.2085 -0.2341
vn 0.8660 0.2085 -0.4545
vn 0.7321 0.2085 -0.6486
vn 0.5556 0.2085 -0.8049
vn 0.3468 0.2085 -0.9145
vn 0.1179 0.2085 -0.9709
vn -0.1179 0.2085 -0.9709
vn -0.3468 0.2085 -0.9145
vn -0.5556 0.2085 -0.8049
vn -0.7321 0.2085 -0.6486
vn -0.8660 0.2085 -0.4545
vn -0.9496 0.2085 -0.2341
vn -0.9780 0.2085 -0.0000
vn -0.9496 0.2085 0.2341
vn -0.8660 0.2085 0.4545
vn -0.7321 0.2085 0.6486
vn -0.5556 0.2085 0.8049
vn -0.1179 0.2085 0.9709
vn -0.4244 0.6647 0.6149
vn 0.1282 0.1413 0.9816
vn 0.3717 0.1377 0.9181
vn 0.5810 0.1320 0.8031
vn 0.7494 0.1292 0.6494
vn 0.8782 0.1306 0.4602
vn 0.9619 0.1338 0.2386
vn 0.9908 0.1354 0.0002
vn 0.9617 0.1341 -0.2389
vn 0.8766 0.1302 -0.4633
vn 0.7453 0.1290 -0.6541
vn 0.5743 0.1361 -0.8073
vn 0.3695 0.1507 -0.9169
vn 0.1264 0.1631 -0.9785
vn -0.1264 0.1631 -0.9785
vn -0.3695 0.1507 -0.9169
vn -0.5743 0.1361 -0.8073
vn -0.7453 0.1290 -0.6541
vn -0.8766 0.1302 -0.4633
vn -0.9617 0.1341 -0.2389
vn -0.9908 0.1354 0.0002
vn -0.9619 0.1338 0.2386
vn -0.8782 0.1306 0.4602
vn -0.7494 0.1292 0.6494
vn -0.5810 0.1320 0.8031
vn -0.3717 0.1377 0.9181
vn -0.1282 0.1413 0.9816
vn -0.5592 0.6647 0.4954
vn 0.0943 -0.6231 0.7764
vn 0.2773 -0.6231 0.7313
vn 0.4443 -0.6231 0.6437
vn 0.5854 -0.6231 0.5186
vn 0.6925 -0.6231 0.3635
vn 0.7594 -0.6231 0.1872
vn 0.7821 -0.6231 -0.0000
vn 0.7594 -0.6231 -0.1872
vn 0.6925 -0.6231 -0.3635
vn 0.5854 -0.6231 -0.5186
vn 0.4443 -0.6231 -0.6437
vn 0.2773 -0.6231 -0.7313
vn 0.0943 -0.6231 -0.7764
vn -0.0943 -0.6231 -0.7764
vn -0.2773 -0.6231 -0.7313
vn -0.4443 -0.6231 -0.6437
vn -0.5854 -0.6231 -0.5186
vn -0.6925 -0.6231 -0.3635
vn -0.7594 -0.6231 -0.1872
vn -0.7821 -0.6231 -0.0000
vn -0.7594 -0.6231 0.1872
vn -0.6925 -0.6231 0.3635
vn -0.5854 -0.6231 0.5186
vn -0.4443 -0.6231 0.6437
vn 0.1201 0.0806 0.9895
vn -0.1201 0.0806 0.9895
vn 0.3534 0.0806 0.9320
vn -0.1213 -0.0108 0.9926
vn 0.5662 0.0806 0.8203
vn 0.3457 -0.2224 0.9116
vn 0.7461 0.0806 0.6610
vn 0.5538 -0.2224 0.8024
vn 0.8826 0.0806 0.4632
vn 0.7298 -0.2224 0.6465
vn 0.9678 0.0806 0.2385
vn 0.8633 -0.2224 0.4531
vn 0.9967 0.0806 -0.0000
vn 0.9466 -0.2224 0.2333
vn 0.9678 0.0806 -0.2385
vn 0.9750 -0.2224 -0.0000
vn 0.8826 0.0806 -0.4632
vn 0.9466 -0.2224 -0.2333
vn 0.7461 0.0806 -0.6610
vn 0.8633 -0.2224 -0.4531
vn 0.5662 0.0806 -0.8203
vn 0.7298 -0.2224 -0.6465
vn 0.3535 0.0806 -0.9320
vn 0.5538 -0.2224 -0.8024
vn 0.1201 0.0806 -0.9895
vn 0.3457 -0.2224 -0.9116
vn -0.1201 0.0806 -0.9895
vn 0.1175 -0.2224 -0.9679
vn -0.3535 0.0806 -0.9320
vn -0.1175 -0.2224 -0.9679
vn -0.5662 0.0806 -0.8203
vn -0.3457 -0.2224 -0.9116
vn -0.7461 0.0806 -0.6610
vn -0.5538 -0.2224 -0.8024
vn -0.8826 0.0806 -0.4632
vn -0.7298 -0.2224 -0.6465
vn -0.9678 0.0806 -0.2385
vn -0.8633 -0.2224 -0.4531
vn -0.9967 0.0806 -0.0000
vn -0.9466 -0.2224 -0.2333
vn -0.9678 0.0806 0.2385
vn -0.9750 -0.2224 -0.0000
vn -0.8826 0.0806 0.4632
vn -0.9466 -0.2224 0.2333
vn -0.7461 0.0806 0.6610
vn -0.8633 -0.2224 0.4531
vn -0.5662 0.0806 0.8203
vn -0.7298 -0.2224 0.6465
vn -0.3534 0.0806 0.9320
vn -0.5538 -0.2224 0.8024
vn 0.1175 -0.2224 0.9679
vn -0.3457 -0.2224 0.9116
vn -0.1085 -0.4353 0.8937
vn -0.0943 -0.6231 0.7764
vn 0.1192 -0.1510 0.9813
vn 0.4757 -0.5466 0.6892
vn -0.8753 -0.1511 0.4594
vn -0.6268 -0.5466 0.5553
vn -0.9598 -0.1511 0.2366
vn -0.9598 -0.1511 -0.2366
vn -0.8374 -0.5466 -0.0000
vn -0.8131 -0.5466 0.2004
vn -0.8131 -0.5466 -0.2004
vn -0.5615 -0.1511 -0.8135
vn -0.8753 -0.1511 -0.4594
vn 0.1192 -0.1511 -0.9813
vn -0.1009 -0.5466 -0.8313
vn 0.3505 -0.1511 -0.9243
vn 0.7399 -0.1511 -0.6555
vn 0.4757 -0.5466 -0.6892
vn 0.2969 -0.5466 -0.7830
vn 0.6268 -0.5466 -0.5553
vn 0.9885 -0.1511 -0.0000
vn 0.8753 -0.1511 -0.4594
vn 0.7399 -0.1511 0.6555
vn 0.7415 -0.5466 0.3892
vn 0.5615 -0.1511 0.8135
vn 0.3505 -0.1511 0.9243
vn -0.1009 -0.5466 0.8313
vn -0.0972 -0.5913 0.8006
vn -0.3193 -0.4353 0.8418
vn -0.2860 -0.5913 0.7541
vn -0.5114 -0.4353 0.7409
vn -0.4581 -0.5913 0.6637
vn -0.6739 -0.4353 0.5970
vn -0.6037 -0.5913 0.5348
vn -0.7972 -0.4353 0.4184
vn -0.7141 -0.5913 0.3748
vn -0.8741 -0.4353 0.2155
vn -0.7831 -0.5913 0.1930
vn -0.9003 -0.4353 -0.0000
vn -0.8065 -0.5913 -0.0000
vn -0.8741 -0.4353 -0.2155
vn -0.7831 -0.5913 -0.1930
vn -0.7972 -0.4353 -0.4184
vn -0.7141 -0.5913 -0.3748
vn -0.6739 -0.4353 -0.5970
vn -0.6037 -0.5913 -0.5348
vn -0.5114 -0.4353 -0.7409
vn -0.4581 -0.5913 -0.6637
vn -0.3193 -0.4353 -0.8418
vn -0.2860 -0.5913 -0.7541
vn -0.1085 -0.4353 -0.8937
vn -0.0972 -0.5913 -0.8006
vn 0.1085 -0.4353 -0.8937
vn 0.0972 -0.5913 -0.8006
vn 0.3193 -0.4353 -0.8418
vn 0.2860 -0.5913 -0.7541
vn 0.5114 -0.4353 -0.7409
vn 0.4581 -0.5913 -0.6637
vn 0.6739 -0.4353 -0.5970
vn 0.6037 -0.5913 -0.5348
vn 0.7972 -0.4353 -0.4184
vn 0.7141 -0.5913 -0.3748
vn 0.8741 -0.4353 -0.2155
vn 0.7831 -0.5913 -0.1930
vn 0.9003 -0.4353 -0.0000
vn 0.8065 -0.5913 -0.0000
vn 0.8741 -0.4353 0.2155
vn 0.7831 -0.5913 0.1930
vn 0.7972 -0.4353 0.4184
vn 0.7141 -0.5913 0.3748
vn 0.6739 -0.4353 0.5970
vn 0.6037 -0.5913 0.5348
vn 0.5114 -0.4353 0.7409
vn 0.4581 -0.5913 0.6637
vn 0.3193 -0.4353 0.8418
vn 0.2860 -0.5913 0.7541
vn 0.1085 -0.4353 0.8937
vn 0.0972 -0.5913 0.8006
vn -0.2773 -0.6231 0.7313
vn -0.1143 -0.3179 0.9412
vn -0.1079 -0.4451 0.8890
vn -0.3362 -0.3179 0.8865
vn -0.3175 -0.4451 0.8373
vn -0.5386 -0.3179 0.7803
vn -0.5087 -0.4451 0.7370
vn -0.7097 -0.3179 0.6287
vn -0.6703 -0.4451 0.5938
vn -0.8395 -0.3179 0.4406
vn -0.7929 -0.4451 0.4161
vn -0.9206 -0.3179 0.2269
vn -0.8695 -0.4451 0.2143
vn -0.9481 -0.3179 -0.0000
vn -0.8955 -0.4451 -0.0000
vn -0.9206 -0.3179 -0.2269
vn -0.8695 -0.4451 -0.2143
vn -0.8395 -0.3179 -0.4406
vn -0.7929 -0.4451 -0.4161
vn -0.7097 -0.3179 -0.6287
vn -0.6703 -0.4451 -0.5938
vn -0.5386 -0.3179 -0.7803
vn -0.5087 -0.4451 -0.7370
vn -0.3362 -0.3179 -0.8865
vn -0.3175 -0.4451 -0.8373
vn -0.1143 -0.3179 -0.9412
vn -0.1079 -0.4451 -0.8890
vn 0.1143 -0.3179 -0.9412
vn 0.1079 -0.4451 -0.8890
vn 0.3362 -0.3179 -0.8865
vn 0.3175 -0.4451 -0.8373
vn 0.5386 -0.3179 -0.7803
vn 0.5087 -0.4451 -0.7370
vn 0.7097 -0.3179 -0.6287
vn 0.6703 -0.4451 -0.5938
vn 0.8395 -0.3179 -0.4406
vn 0.7929 -0.4451 -0.4161
vn 0.9206 -0.3179 -0.2269
vn 0.8695 -0.4451 -0.2143
vn 0.9481 -0.3179 -0.0000
vn 0.8955 -0.4451 -0.0000
vn 0.9206 -0.3179 0.2269
vn 0.8695 -0.4451 0.2143
vn 0.8395 -0.3179 0.4406
vn 0.7929 -0.4451 0.4161
vn 0.7097 -0.3179 0.6287
vn 0.6703 -0.4451 0.5938
vn 0.5386 -0.3179 0.7803
vn 0.5087 -0.4451 0.7370
vn 0.3362 -0.3179 0.8865
vn 0.3175 -0.4451 0.8373
vn 0.1143 -0.3179 0.9412
vn 0.1079 -0.4451 0.8890
vn -0.1192 -0.1510 0.9813
vn 0.1115 0.3802 0.9182
vn 0.1018 0.5356 0.8383
vn 0.3280 0.3802 0.8648
vn 0.2995 0.5356 0.7896
vn 0.5254 0.3802 0.7612
vn 0.4797 0.5356 0.6950
vn 0.6923 0.3802 0.6133
vn 0.6321 0.5356 0.5600
vn 0.8190 0.3802 0.4298
vn 0.7477 0.5356 0.3924
vn 0.8980 0.3802 0.2213
vn 0.8199 0.5356 0.2021
vn 0.9249 0.3802 -0.0000
vn 0.8445 0.5356 -0.0000
vn 0.8980 0.3802 -0.2213
vn 0.8199 0.5356 -0.2021
vn 0.8190 0.3802 -0.4298
vn 0.7477 0.5356 -0.3924
vn 0.6923 0.3802 -0.6133
vn 0.6321 0.5356 -0.5600
vn 0.5254 0.3802 -0.7612
vn 0.4797 0.5356 -0.6950
vn 0.3280 0.3802 -0.8648
vn 0.2995 0.5356 -0.7896
vn 0.1115 0.3802 -0.9182
vn 0.1018 0.5356 -0.8383
vn -0.1115 0.3802 -0.9182
vn -0.1018 0.5356 -0.8383
vn -0.3280 0.3802 -0.8648
vn -0.2995 0.5356 -0.7896
vn -0.5254 0.3802 -0.7612
vn -0.4797 0.5356 -0.6950
vn -0.6923 0.3802 -0.6133
vn -0.6321 0.5356 -0.5600
vn -0.8190 0.3802 -0.4298
vn -0.7477 0.5356 -0.3924
vn -0.8980 0.3802 -0.2213
vn -0.8199 0.5356 -0.2021
vn -0.9249 0.3802 -0.0000
vn -0.8445 0.5356 -0.0000
vn -0.8980 0.3802 0.2213
vn -0.8199 0.5356 0.2021
vn -0.8190 0.3802 0.4298
vn -0.7477 0.5356 0.3924
vn -0.6923 0.3802 0.6133
vn -0.6321 0.5356 0.5600
vn -0.5254 0.3802 0.7612
vn -0.4797 0.5356 0.6950
vn -0.3280 0.3802 0.8648
vn -0.2995 0.5356 0.7896
vn -0.1115 0.3802 0.9182
vn -0.1018 0.5356 0.8383
vn 0.0016 1.0000 -0.0004
vn 0.1204 -0.0415 0.9919
vn 0.3543 -0.0415 0.9342
vn 0.5676 -0.0415 0.8223
vn 0.7479 -0.0415 0.6626
vn 0.8847 -0.0415 0.4643
vn 0.9701 -0.0415 0.2391
vn 0.9991 -0.0415 -0.0000
vn 0.9701 -0.0415 -0.2391
vn 0.8847 -0.0415 -0.4643
vn 0.7479 -0.0415 -0.6626
vn 0.5676 -0.0415 -0.8223
vn 0.3543 -0.0415 -0.9342
vn 0.1204 -0.0415 -0.9919
vn -0.1204 -0.0415 -0.9919
vn -0.3543 -0.0415 -0.9342
vn -0.5676 -0.0415 -0.8223
vn -0.7479 -0.0415 -0.6626
vn -0.8847 -0.0415 -0.4643
vn -0.9701 -0.0415 -0.2391
vn -0.9991 -0.0415 -0.0000
vn -0.9701 -0.0415 0.2391
vn -0.8847 -0.0415 0.4643
vn -0.7479 -0.0415 0.6626
vn -0.5676 -0.0415 0.8223
vn -0.3543 -0.0415 0.9342
vn -0.1204 -0.0415 0.9919
vn -0.1175 -0.2224 0.9679
vn -0.3564 -0.0115 0.9343
vn -0.5697 -0.0125 0.8218
vn -0.7491 -0.0132 0.6623
vn -0.8854 -0.0134 0.4646
vn -0.9708 -0.0134 0.2394
vn -0.9999 -0.0133 -0.0000
vn -0.9708 -0.0134 -0.2394
vn -0.8853 -0.0135 -0.4648
vn -0.7484 -0.0135 -0.6631
vn -0.5681 -0.0134 -0.8229
vn -0.3547 -0.0130 -0.9349
vn -0.1206 -0.0127 -0.9926
vn 0.1206 -0.0127 -0.9926
vn 0.3547 -0.0130 -0.9349
vn 0.5681 -0.0134 -0.8229
vn 0.7484 -0.0135 -0.6631
vn 0.8853 -0.0135 -0.4648
vn 0.9708 -0.0134 -0.2394
vn 0.9999 -0.0133 -0.0000
vn 0.9708 -0.0134 0.2394
vn 0.8854 -0.0134 0.4646
vn 0.7491 -0.0132 0.6623
vn 0.5697 -0.0125 0.8218
vn 0.3564 -0.0115 0.9343
vn 0.1213 -0.0108 0.9926
vn -0.0470 0.9209 0.3869
vn -0.1382 0.9209 0.3644
vn -0.2214 0.9209 0.3208
vn -0.2917 0.9209 0.2585
vn -0.3451 0.9209 0.1811
vn -0.3784 0.9209 0.0933
vn -0.3897 0.9209 -0.0000
vn -0.3784 0.9209 -0.0933
vn -0.3451 0.9209 -0.1811
vn -0.2917 0.9209 -0.2585
vn -0.2214 0.9209 -0.3208
vn -0.1382 0.9209 -0.3644
vn -0.0470 0.9209 -0.3869
vn 0.0470 0.9209 -0.3869
vn 0.1382 0.9209 -0.3644
vn 0.2214 0.9209 -0.3208
vn 0.2917 0.9209 -0.2585
vn 0.3451 0.9209 -0.1811
vn 0.3784 0.9209 -0.0933
vn 0.3897 0.9209 -0.0000
vn 0.3784 0.9209 0.0933
vn 0.3451 0.9209 0.1811
vn 0.2917 0.9209 0.2585
vn 0.2214 0.9209 0.3208
vn 0.1382 0.9209 0.3644
vn 0.0470 0.9209 0.3869
vn -0.0901 0.6647 0.7417
vn 0.0010 1.0000 0.0014
vn -0.0010 1.0000 0.0014
vn -0.0016 1.0000 -0.0004
vn 0.0013 1.0000 -0.0011
vn 0.0015 1.0000 0.0008
vn -0.0002 1.0000 0.0017
vn -0.0016 1.0000 0.0004
vn -0.0010 1.0000 -0.0014
vn 0.0006 1.0000 -0.0016
vn 0.0017 1.0000 -0.0000
vn 0.0006 1.0000 0.0016
vn -0.0013 1.0000 0.0011
vn -0.0015 1.0000 -0.0008
vn 0.0015 1.0000 -0.0008
vn 0.0013 1.0000 0.0011
vn -0.0006 1.0000 0.0016
vn -0.0017 1.0000 -0.0000
vn -0.0006 1.0000 -0.0016
vn 0.0010 1.0000 -0.0014
vn 0.0016 1.0000 0.0004
vn 0.0002 1.0000 0.0017
vn -0.0015 1.0000 0.0008
vn -0.0013 1.0000 -0.0011
vn -0.0002 1.0000 -0.0017
vn 0.0002 1.0000 -0.0017
vn -0.1358 0.9902 0.0335
vn 0.0496 0.9902 0.1307
vn 0.0794 0.9902 0.1151
vn 0.1047 0.9902 -0.0927
vn 0.0794 0.9902 -0.1151
vn -0.0169 0.9902 -0.1388
vn -0.0496 0.9902 -0.1307
vn -0.1238 0.9902 0.0650
vn -0.1047 0.9902 0.0927
vn 0.1047 0.9902 0.0927
vn 0.1238 0.9902 0.0650
vn 0.0496 0.9902 -0.1307
vn -0.0794 0.9902 -0.1151
vn -0.1047 0.9902 -0.0927
vn -0.0794 0.9902 0.1151
vn -0.0496 0.9902 0.1307
vn 0.1358 0.9902 0.0335
vn 0.1398 0.9902 -0.0000
vn 0.0169 0.9902 -0.1388
vn -0.1238 0.9902 -0.0650
vn -0.1358 0.9902 -0.0335
vn -0.0169 0.9902 0.1388
vn 0.0169 0.9902 0.1388
vn 0.1358 0.9902 -0.0335
vn 0.1238 0.9902 -0.0650
vn 0.1398 0.3356 0.9316
vn 0.3882 0.3288 0.8609
vn 0.5676 0.3248 0.7566
vn 0.6947 0.3398 0.6340
vn 0.8029 0.3702 0.4672
vn 0.8836 0.3954 0.2507
vn 0.9134 0.4071 0.0032
vn 0.8824 0.3937 -0.2575
vn 0.7965 0.3450 -0.4965
vn 0.7147 0.3138 -0.6251
vn 0.6324 0.3408 -0.6957
vn 0.5007 0.4251 -0.7540
vn 0.1843 0.5213 -0.8332
vn -0.1843 0.5213 -0.8332
vn -0.5007 0.4251 -0.7540
vn -0.6324 0.3408 -0.6957
vn -0.7147 0.3138 -0.6251
vn -0.7965 0.3450 -0.4965
vn -0.8825 0.3937 -0.2575
vn -0.9134 0.4071 0.0032
vn -0.8836 0.3954 0.2507
vn -0.8029 0.3702 0.4672
vn -0.6947 0.3398 0.6340
vn -0.5676 0.3248 0.7566
vn -0.3881 0.3288 0.8610
vn -0.1398 0.3356 0.9316
vn 0.1306 0.7330 -0.6676
vn 0.3477 0.7290 -0.5897
vn 0.4870 0.7156 -0.5007
vn 0.6147 0.6776 -0.4039
vn 0.7402 0.6149 -0.2720
vn 0.8107 0.5691 -0.1374
vn 0.8276 0.5614 0.0014
vn 0.7638 0.6193 0.1817
vn 0.6230 0.7404 0.2523
vn 0.4774 0.8428 0.2486
vn 0.3211 0.8731 0.3670
vn 0.2385 0.7584 0.6066
vn 0.0854 0.5728 0.8152
vn -0.0854 0.5728 0.8152
vn -0.2385 0.7584 0.6066
vn -0.3211 0.8731 0.3670
vn -0.4774 0.8428 0.2486
vn -0.6230 0.7404 0.2523
vn -0.7638 0.6193 0.1817
vn -0.8276 0.5614 0.0014
vn -0.8107 0.5691 -0.1374
vn -0.7402 0.6149 -0.2720
vn -0.6147 0.6776 -0.4039
vn -0.4870 0.7157 -0.5007
vn -0.3477 0.7290 -0.5897
vn -0.1306 0.7330 -0.6676
vn -0.1368 -0.6198 -0.7728
vn -0.3466 -0.5904 -0.7289
vn -0.4431 -0.5827 -0.6812
vn -0.4659 -0.6178 -0.6335
vn -0.5478 -0.6772 -0.4912
vn -0.6631 -0.7037 -0.2552
vn -0.7045 -0.7096 -0.0084
vn -0.6640 -0.6851 0.2996
vn -0.5592 -0.5725 0.5996
vn -0.5952 -0.4890 0.6376
vn -0.6908 -0.4566 0.5607
vn -0.6634 -0.5448 0.5129
vn -0.2739 -0.7689 0.5777
vn 0.2739 -0.7689 0.5777
vn 0.6634 -0.5448 0.5129
vn 0.6908 -0.4566 0.5607
vn 0.5952 -0.4890 0.6376
vn 0.5592 -0.5725 0.5996
vn 0.6640 -0.6851 0.2996
vn 0.7045 -0.7096 -0.0084
vn 0.6631 -0.7037 -0.2552
vn 0.5478 -0.6772 -0.4912
vn 0.4659 -0.6178 -0.6335
vn 0.4431 -0.5827 -0.6812
vn 0.3466 -0.5904 -0.7289
vn 0.1368 -0.6198 -0.7728
vn 0.1405 0.6142 0.7765
vn 0.3492 0.5857 0.7314
vn 0.4449 0.5792 0.6831
vn 0.4690 0.6125 0.6364
vn 0.5529 0.6707 0.4944
vn 0.6662 0.6997 0.2581
vn 0.7066 0.7074 0.0156
vn 0.6662 0.6827 -0.3002
vn 0.5556 0.5656 -0.6094
vn 0.5952 0.4877 -0.6386
vn 0.6933 0.4537 -0.5599
vn 0.6843 0.5271 -0.5039
vn 0.2926 0.7624 -0.5772
vn -0.2926 0.7624 -0.5772
vn -0.6843 0.5271 -0.5039
vn -0.6933 0.4537 -0.5599
vn -0.5952 0.4877 -0.6386
vn -0.5556 0.5656 -0.6094
vn -0.6662 0.6827 -0.3002
vn -0.7066 0.7074 0.0156
vn -0.6662 0.6997 0.2581
vn -0.5529 0.6707 0.4944
vn -0.4690 0.6125 0.6364
vn -0.4449 0.5792 0.6831
vn -0.3492 0.5857 0.7314
vn -0.1405 0.6142 0.7765
vn -0.1780 -0.9796 0.0934
vn -0.1952 -0.9796 0.0481
vn -0.0242 -0.9796 -0.1995
vn 0.0242 -0.9796 -0.1995
vn 0.1952 -0.9796 0.0481
vn 0.1780 -0.9796 0.0934
vn -0.0242 -0.9796 0.1995
vn -0.2010 -0.9796 -0.0000
vn -0.1952 -0.9796 -0.0481
vn 0.0713 -0.9796 -0.1879
vn 0.1142 -0.9796 -0.1654
vn 0.1505 -0.9796 0.1333
vn 0.1142 -0.9796 0.1654
vn -0.0713 -0.9796 0.1879
vn -0.1780 -0.9796 -0.0934
vn -0.1505 -0.9796 -0.1333
vn 0.1505 -0.9796 -0.1333
vn 0.1780 -0.9796 -0.0934
vn 0.0713 -0.9796 0.1879
vn 0.0242 -0.9796 0.1995
vn -0.1142 -0.9796 0.1654
vn -0.1505 -0.9796 0.1333
vn -0.1142 -0.9796 -0.1654
vn -0.0713 -0.9796 -0.1879
vn 0.1952 -0.9796 -0.0481
vn 0.2010 -0.9796 -0.0000
vn 0.1363 -0.9907 -0.0000
vn 0.1323 -0.9907 -0.0326
vn -0.0483 -0.9907 -0.1274
vn -0.0774 -0.9907 -0.1122
vn -0.1020 -0.9907 0.0904
vn -0.0774 -0.9907 0.1122
vn 0.0164 -0.9907 0.1353
vn 0.0483 -0.9907 0.1274
vn 0.1207 -0.9907 -0.0633
vn 0.1020 -0.9907 -0.0904
vn -0.1020 -0.9907 -0.0904
vn -0.1207 -0.9907 -0.0633
vn -0.0483 -0.9907 0.1274
vn 0.0774 -0.9907 0.1122
vn 0.1020 -0.9907 0.0904
vn 0.0774 -0.9907 -0.1122
vn 0.0483 -0.9907 -0.1274
vn -0.1323 -0.9907 -0.0326
vn -0.1363 -0.9907 -0.0000
vn -0.0164 -0.9907 0.1353
vn 0.1207 -0.9907 0.0633
vn 0.1323 -0.9907 0.0326
vn 0.0164 -0.9907 -0.1353
vn -0.0164 -0.9907 -0.1353
vn -0.1323 -0.9907 0.0326
vn -0.1207 -0.9907 0.0633
vn -0.0291 0.9966 0.0769
vn -0.0615 0.9966 -0.0545
vn 0.0822 0.9966 -0.0000
vn -0.0822 0.9966 -0.0000
vn -0.0099 0.9966 0.0816
vn -0.0728 0.9966 -0.0382
vn 0.0798 0.9966 -0.0197
vn 0.0099 0.9966 0.0816
vn -0.0798 0.9966 -0.0197
vn 0.0728 0.9966 -0.0382
vn 0.0291 0.9966 0.0769
vn -0.0798 0.9966 0.0197
vn 0.0615 0.9966 -0.0545
vn 0.0467 0.9966 0.0676
vn -0.0728 0.9966 0.0382
vn 0.0467 0.9966 -0.0676
vn -0.0099 0.9966 -0.0816
vn 0.0615 0.9966 0.0545
vn -0.0615 0.9966 0.0545
vn 0.0291 0.9966 -0.0769
vn -0.0291 0.9966 -0.0769
vn 0.0728 0.9966 0.0382
vn -0.0467 0.9966 0.0676
vn 0.0099 0.9966 -0.0816
vn -0.0467 0.9966 -0.0676
vn 0.0798 0.9966 0.0197
vn 0.0540 -0.9955 -0.0782
vn -0.0841 -0.9955 -0.0442
vn 0.0337 -0.9955 0.0888
vn -0.0337 -0.9955 0.0888
vn 0.0711 -0.9955 -0.0630
vn 0.0950 -0.9955 -0.0000
vn -0.0711 -0.9955 -0.0630
vn 0.0115 -0.9955 0.0943
vn -0.0540 -0.9955 0.0782
vn 0.0841 -0.9955 -0.0442
vn -0.0540 -0.9955 -0.0782
vn -0.0711 -0.9955 0.0630
vn 0.0923 -0.9955 -0.0227
vn -0.0337 -0.9955 -0.0888
vn -0.0841 -0.9955 0.0442
vn 0.0922 -0.9955 0.0227
vn -0.0115 -0.9955 -0.0943
vn -0.0923 -0.9955 0.0227
vn 0.0841 -0.9955 0.0442
vn 0.0115 -0.9955 -0.0943
vn -0.0950 -0.9955 -0.0000
vn 0.0711 -0.9955 0.0630
vn 0.0337 -0.9955 -0.0888
vn -0.0923 -0.9955 -0.0227
vn 0.0540 -0.9955 0.0782
vn -0.0115 -0.9955 0.0943
vn 0.0219 -0.9993 0.0317
vn -0.0136 -0.9993 0.0360
vn 0.0219 -0.9993 -0.0317
vn -0.0341 -0.9993 -0.0179
vn 0.0136 -0.9993 0.0360
vn -0.0219 -0.9993 0.0317
vn 0.0288 -0.9993 -0.0255
vn -0.0288 -0.9993 -0.0255
vn 0.0046 -0.9993 0.0382
vn -0.0288 -0.9993 0.0255
vn 0.0341 -0.9993 -0.0179
vn -0.0219 -0.9993 -0.0317
vn 0.0374 -0.9993 -0.0092
vn -0.0136 -0.9993 -0.0360
vn -0.0341 -0.9993 0.0179
vn 0.0374 -0.9993 0.0092
vn -0.0046 -0.9993 -0.0382
vn -0.0374 -0.9993 0.0092
vn 0.0341 -0.9993 0.0179
vn 0.0385 -0.9993 -0.0000
vn 0.0046 -0.9993 -0.0382
vn -0.0385 -0.9993 -0.0000
vn 0.0288 -0.9993 0.0255
vn -0.0046 -0.9993 0.0382
vn 0.0136 -0.9993 -0.0360
vn -0.0374 -0.9993 -0.0092
vt 0.916992 0.401793
vt 0.919045 0.401793
vt 0.919045 0.408721
vt 0.916992 0.408721
vt 0.921874 0.401793
vt 0.921874 0.408721
vt 0.921874 0.415650
vt 0.919045 0.415650
vt 0.916992 0.415650
vt 0.919045 0.422581
vt 0.916992 0.422581
vt 0.921874 0.422581
vt 0.921874 0.429514
vt 0.919045 0.429514
vt 0.916992 0.429514
vt 0.919045 0.436448
vt 0.916992 0.436448
vt 0.921874 0.436448
vt 0.921874 0.443389
vt 0.919045 0.443389
vt 0.916992 0.443389
vt 0.919045 0.450336
vt 0.916992 0.450336
vt 0.921874 0.450336
vt 0.921874 0.457271
vt 0.919045 0.457271
vt 0.916992 0.457271
vt 0.919045 0.464183
vt 0.916992 0.464183
vt 0.921874 0.464183
vt 0.921874 0.471104
vt 0.919045 0.471104
vt 0.916992 0.471104
vt 0.919045 0.478059
vt 0.916992 0.478059
vt 0.921874 0.478059
vt 0.921874 0.485007
vt 0.919045 0.485007
vt 0.916992 0.485007
vt 0.919045 0.491906
vt 0.916992 0.491906
vt 0.921874 0.491906
vt 0.921874 0.498775
vt 0.919045 0.498775
vt 0.916992 0.498775
vt 0.919045 0.505648
vt 0.916992 0.505648
vt 0.921874 0.505648
vt 0.921874 0.512571
vt 0.919045 0.512571
vt 0.916992 0.512571
vt 0.919045 0.519582
vt 0.916992 0.519582
vt 0.921874 0.519582
vt 0.921874 0.526694
vt 0.919045 0.526694
vt 0.916992 0.526694
vt 0.919045 0.533893
vt 0.916992 0.533893
vt 0.921874 0.533893
vt 0.921874 0.541083
vt 0.919045 0.541083
vt 0.916992 0.541083
vt 0.919045 0.548175
vt 0.916992 0.548175
vt 0.921874 0.548175
vt 0.921874 0.555180
vt 0.919045 0.555180
vt 0.916992 0.555180
vt 0.919045 0.562127
vt 0.916992 0.562127
vt 0.921874 0.562127
vt 0.921874 0.569028
vt 0.919045 0.569028
vt 0.916992 0.569028
vt 0.919045 0.575893
vt 0.916992 0.575893
vt 0.921874 0.575893
vt 0.921874 0.582738
vt 0.919045 0.582738
vt 0.916992 0.582738
vt 0.919045 0.589583
vt 0.916992 0.589583
vt 0.921874 0.589583
vt 0.921874 0.596447
vt 0.919045 0.596448
vt 0.916992 0.596448
vt 0.919045 0.603349
vt 0.916992 0.603349
vt 0.921874 0.603349
vt 0.921874 0.610296
vt 0.919045 0.610296
vt 0.916992 0.610296
vt 0.919045 0.617300
vt 0.916992 0.617300
vt 0.921874 0.617300
vt 0.921874 0.624392
vt 0.919045 0.624392
vt 0.916992 0.624392
vt 0.919045 0.631583
vt 0.916992 0.631583
vt 0.921874 0.631583
vt 0.921874 0.638782
vt 0.919045 0.638782
vt 0.916992 0.638782
vt 0.919045 0.645894
vt 0.916992 0.645894
vt 0.921874 0.645894
vt 0.921874 0.652905
vt 0.919045 0.652905
vt 0.916992 0.652905
vt 0.919045 0.659827
vt 0.916992 0.659827
vt 0.921874 0.659827
vt 0.921874 0.666701
vt 0.919045 0.666701
vt 0.916992 0.666701
vt 0.919045 0.673569
vt 0.916992 0.673569
vt 0.921874 0.673569
vt 0.921874 0.680469
vt 0.919045 0.680469
vt 0.916992 0.680469
vt 0.919045 0.687417
vt 0.916992 0.687417
vt 0.921874 0.687417
vt 0.921874 0.694372
vt 0.919045 0.694372
vt 0.916992 0.694372
vt 0.919045 0.701292
vt 0.916992 0.701292
vt 0.921874 0.701292
vt 0.921874 0.708205
vt 0.919045 0.708205
vt 0.916992 0.708205
vt 0.919045 0.715140
vt 0.916992 0.715140
vt 0.921874 0.715140
vt 0.921874 0.722087
vt 0.919045 0.722087
vt 0.916992 0.722087
vt 0.919045 0.729027
vt 0.916992 0.729027
vt 0.921874 0.729027
vt 0.921874 0.735962
vt 0.919045 0.735962
vt 0.916992 0.735962
vt 0.919045 0.742894
vt 0.916992 0.742894
vt 0.921874 0.742894
vt 0.921874 0.749825
vt 0.919045 0.749825
vt 0.916992 0.749825
vt 0.919045 0.756754
vt 0.916992 0.756754
vt 0.921874 0.756754
vt 0.921874 0.763682
vt 0.919045 0.763682
vt 0.916992 0.763682
vt 0.023929 0.795408
vt 0.029281 0.795408
vt 0.029281 0.810945
vt 0.023929 0.810945
vt 0.036226 0.795408
vt 0.036226 0.810945
vt 0.036226 0.826480
vt 0.029281 0.826480
vt 0.023929 0.826480
vt 0.288615 0.764321
vt 0.301329 0.764321
vt 0.301329 0.779866
vt 0.288615 0.779866
vt 0.314241 0.764321
vt 0.314241 0.779866
vt 0.314241 0.795408
vt 0.301329 0.795408
vt 0.288615 0.795408
vt 0.288615 0.702080
vt 0.301329 0.702080
vt 0.301329 0.717631
vt 0.288615 0.717631
vt 0.314241 0.702080
vt 0.314241 0.717631
vt 0.314241 0.733208
vt 0.301329 0.733208
vt 0.288615 0.733208
vt 0.915963 0.302584
vt 0.915964 0.283037
vt 0.922247 0.283038
vt 0.922247 0.302585
vt 0.915963 0.254331
vt 0.922247 0.254331
vt 0.928536 0.254331
vt 0.928536 0.283037
vt 0.928536 0.302584
vt 0.934794 0.283038
vt 0.934794 0.302585
vt 0.934794 0.254331
vt 0.941045 0.254331
vt 0.941045 0.283037
vt 0.941045 0.302584
vt 0.891038 0.302584
vt 0.891038 0.283037
vt 0.897298 0.283038
vt 0.897298 0.302585
vt 0.891038 0.254331
vt 0.897298 0.254331
vt 0.903513 0.254331
vt 0.903513 0.283037
vt 0.903513 0.302584
vt 0.288615 0.639886
vt 0.301329 0.639886
vt 0.301329 0.655466
vt 0.288615 0.655466
vt 0.314241 0.639886
vt 0.314241 0.655466
vt 0.314241 0.671061
vt 0.301329 0.671061
vt 0.288615 0.671061
vt 0.288615 0.578079
vt 0.301329 0.578079
vt 0.301329 0.593601
vt 0.288615 0.593601
vt 0.314241 0.578079
vt 0.314241 0.593601
vt 0.314241 0.609013
vt 0.301329 0.609013
vt 0.288615 0.609013
vt 0.301329 0.624415
vt 0.288615 0.624415
vt 0.314241 0.624415
vt 0.288615 0.546409
vt 0.301329 0.546409
vt 0.301329 0.562357
vt 0.288615 0.562357
vt 0.314241 0.546409
vt 0.314241 0.562357
vt 0.852507 0.302584
vt 0.852507 0.283037
vt 0.858841 0.283038
vt 0.858841 0.302585
vt 0.852507 0.254331
vt 0.858841 0.254331
vt 0.865255 0.254331
vt 0.865255 0.283037
vt 0.865255 0.302584
vt 0.288615 0.420739
vt 0.301329 0.420739
vt 0.301329 0.436089
vt 0.288615 0.436089
vt 0.314241 0.420739
vt 0.314241 0.436089
vt 0.314241 0.451481
vt 0.301329 0.451481
vt 0.288615 0.451481
vt 0.802667 0.302584
vt 0.802667 0.283037
vt 0.808949 0.283037
vt 0.808949 0.302584
vt 0.802667 0.254331
vt 0.808949 0.254331
vt 0.815190 0.254331
vt 0.815190 0.283037
vt 0.815190 0.302584
vt 0.821397 0.283037
vt 0.821397 0.302584
vt 0.821397 0.254331
vt 0.827587 0.254331
vt 0.827587 0.283037
vt 0.827587 0.302584
vt 0.776908 0.302584
vt 0.776908 0.283037
vt 0.783418 0.283037
vt 0.783418 0.302584
vt 0.776908 0.254331
vt 0.783418 0.254331
vt 0.789920 0.254331
vt 0.789920 0.283037
vt 0.789920 0.302584
vt 0.288615 0.358945
vt 0.301329 0.358945
vt 0.301329 0.374522
vt 0.288615 0.374522
vt 0.314241 0.358945
vt 0.314241 0.374522
vt 0.314241 0.389997
vt 0.301329 0.389997
vt 0.288615 0.389997
vt 0.288615 0.295070
vt 0.301329 0.295070
vt 0.301329 0.311212
vt 0.288615 0.311212
vt 0.314241 0.295070
vt 0.314241 0.311212
vt 0.314241 0.327335
vt 0.301329 0.327335
vt 0.288615 0.327335
vt 0.301329 0.343239
vt 0.288615 0.343239
vt 0.314241 0.343239
vt 0.288615 0.263400
vt 0.301329 0.263400
vt 0.301329 0.279122
vt 0.288615 0.279122
vt 0.314241 0.263400
vt 0.314241 0.279122
vt 0.739211 0.302584
vt 0.739211 0.283037
vt 0.745450 0.283037
vt 0.745450 0.302584
vt 0.739211 0.254331
vt 0.745450 0.254331
vt 0.751661 0.254331
vt 0.751661 0.283037
vt 0.751661 0.302584
vt 0.288615 0.139399
vt 0.301329 0.139399
vt 0.301329 0.154899
vt 0.288615 0.154899
vt 0.314241 0.139399
vt 0.314241 0.154899
vt 0.314241 0.170418
vt 0.301329 0.170418
vt 0.288615 0.170418
vt 0.689030 0.302584
vt 0.689030 0.283037
vt 0.695300 0.283037
vt 0.695300 0.302584
vt 0.689030 0.254331
vt 0.695300 0.254331
vt 0.701576 0.254331
vt 0.701576 0.283037
vt 0.701576 0.302584
vt 0.707858 0.283037
vt 0.707858 0.302584
vt 0.707858 0.254331
vt 0.714130 0.254331
vt 0.714130 0.283037
vt 0.714130 0.302584
vt 0.676493 0.302584
vt 0.676493 0.283037
vt 0.682761 0.283037
vt 0.682761 0.302584
vt 0.676493 0.254331
vt 0.682761 0.254331
vt 0.288615 0.077158
vt 0.301329 0.077158
vt 0.301329 0.092708
vt 0.288615 0.092708
vt 0.314241 0.077158
vt 0.314241 0.092708
vt 0.314241 0.108271
vt 0.301329 0.108271
vt 0.288615 0.108271
vt 0.288615 0.046072
vt 0.301329 0.046072
vt 0.301329 0.061613
vt 0.288615 0.061613
vt 0.314241 0.046072
vt 0.314241 0.061613
vt 0.301329 0.810945
vt 0.288615 0.810945
vt 0.314241 0.810945
vt 0.314241 0.826480
vt 0.301329 0.826480
vt 0.288615 0.826480
vt 0.023929 0.139399
vt 0.029281 0.139399
vt 0.029281 0.154899
vt 0.023929 0.154899
vt 0.036226 0.139399
vt 0.036226 0.154899
vt 0.036226 0.170418
vt 0.029281 0.170418
vt 0.023929 0.170418
vt 0.029281 0.186013
vt 0.023929 0.186013
vt 0.036226 0.186013
vt 0.036226 0.201593
vt 0.029281 0.201593
vt 0.023929 0.201593
vt 0.029281 0.217064
vt 0.023929 0.217064
vt 0.036226 0.217064
vt 0.036226 0.232466
vt 0.029281 0.232466
vt 0.023929 0.232466
vt 0.029281 0.247878
vt 0.023929 0.247878
vt 0.036226 0.247878
vt 0.036226 0.263400
vt 0.029281 0.263400
vt 0.023929 0.263400
vt 0.029281 0.279122
vt 0.023929 0.279122
vt 0.036226 0.279122
vt 0.036226 0.295070
vt 0.029281 0.295070
vt 0.023929 0.295070
vt 0.029281 0.311212
vt 0.023929 0.311212
vt 0.036226 0.311212
vt 0.036226 0.327335
vt 0.029281 0.327335
vt 0.023929 0.327335
vt 0.029281 0.343239
vt 0.023929 0.343239
vt 0.036226 0.343239
vt 0.036226 0.358945
vt 0.029281 0.358945
vt 0.023929 0.358945
vt 0.029281 0.374522
vt 0.023929 0.374522
vt 0.036226 0.374522
vt 0.036226 0.389997
vt 0.029281 0.389997
vt 0.023929 0.389997
vt 0.029281 0.405390
vt 0.023929 0.405390
vt 0.036226 0.405390
vt 0.036226 0.420739
vt 0.029281 0.420739
vt 0.023929 0.420739
vt 0.029281 0.436089
vt 0.023929 0.436089
vt 0.036226 0.436089
vt 0.036226 0.451481
vt 0.029281 0.451481
vt 0.023929 0.451481
vt 0.029281 0.466956
vt 0.023929 0.466956
vt 0.036226 0.466956
vt 0.036226 0.482534
vt 0.029281 0.482534
vt 0.023929 0.482534
vt 0.029281 0.498240
vt 0.023929 0.498240
vt 0.036226 0.498240
vt 0.036226 0.514144
vt 0.029281 0.514144
vt 0.023929 0.514144
vt 0.029281 0.530267
vt 0.023929 0.530267
vt 0.036226 0.530267
vt 0.036226 0.546409
vt 0.029281 0.546409
vt 0.023929 0.546409
vt 0.029281 0.562357
vt 0.023929 0.562357
vt 0.036226 0.562357
vt 0.036226 0.578079
vt 0.029281 0.578079
vt 0.023929 0.578079
vt 0.029281 0.593601
vt 0.023929 0.593601
vt 0.036226 0.593601
vt 0.036226 0.609013
vt 0.029281 0.609013
vt 0.023929 0.609013
vt 0.029281 0.624415
vt 0.023929 0.624415
vt 0.036226 0.624415
vt 0.036226 0.639886
vt 0.029281 0.639886
vt 0.023929 0.639886
vt 0.029281 0.655466
vt 0.023929 0.655466
vt 0.036226 0.655466
vt 0.036226 0.671061
vt 0.029281 0.671061
vt 0.023929 0.671061
vt 0.029281 0.686580
vt 0.023929 0.686580
vt 0.036226 0.686580
vt 0.036226 0.702080
vt 0.029281 0.702080
vt 0.023929 0.702080
vt 0.029281 0.717631
vt 0.023929 0.717631
vt 0.036226 0.717631
vt 0.036226 0.733208
vt 0.029281 0.733208
vt 0.023929 0.733208
vt 0.029281 0.748771
vt 0.023929 0.748771
vt 0.036226 0.748771
vt 0.036226 0.764321
vt 0.029281 0.764321
vt 0.023929 0.764321
vt 0.029281 0.779866
vt 0.023929 0.779866
vt 0.036226 0.779866
vt 0.609391 0.834822
vt 0.613764 0.842053
vt 0.610865 0.843576
vt 0.606697 0.836683
vt 0.617234 0.849759
vt 0.614172 0.850922
vt 0.610358 0.852369
vt 0.607253 0.845473
vt 0.603340 0.839001
vt 0.023929 0.046072
vt 0.029281 0.046072
vt 0.029281 0.061613
vt 0.023929 0.061613
vt 0.036226 0.046072
vt 0.036226 0.061613
vt 0.036226 0.077159
vt 0.029281 0.077159
vt 0.023929 0.077159
vt 0.082142 0.046072
vt 0.096996 0.046072
vt 0.096996 0.061613
vt 0.082142 0.061613
vt 0.112159 0.046072
vt 0.112159 0.061613
vt 0.112159 0.077158
vt 0.096996 0.077159
vt 0.082142 0.077159
vt 0.082142 0.795408
vt 0.096996 0.795408
vt 0.096996 0.810945
vt 0.082142 0.810945
vt 0.112159 0.795408
vt 0.112159 0.810945
vt 0.112159 0.826480
vt 0.096996 0.826480
vt 0.082142 0.826480
vt 0.082142 0.764321
vt 0.096996 0.764321
vt 0.096996 0.779866
vt 0.082142 0.779866
vt 0.112159 0.764321
vt 0.112159 0.779866
vt 0.082142 0.733208
vt 0.096996 0.733208
vt 0.096996 0.748771
vt 0.082142 0.748771
vt 0.112159 0.733208
vt 0.112159 0.748771
vt 0.082142 0.702080
vt 0.096996 0.702080
vt 0.096996 0.717631
vt 0.082142 0.717631
vt 0.112159 0.702080
vt 0.112159 0.717631
vt 0.082142 0.671061
vt 0.096996 0.671061
vt 0.096996 0.686580
vt 0.082142 0.686580
vt 0.112159 0.671061
vt 0.112159 0.686580
vt 0.082142 0.639886
vt 0.096996 0.639886
vt 0.096996 0.655466
vt 0.082142 0.655466
vt 0.112159 0.639886
vt 0.112159 0.655466
vt 0.082142 0.609013
vt 0.096996 0.609013
vt 0.096996 0.624415
vt 0.082142 0.624415
vt 0.112159 0.609013
vt 0.112159 0.624415
vt 0.082142 0.578079
vt 0.096996 0.578079
vt 0.096996 0.593601
vt 0.082142 0.593601
vt 0.112159 0.578079
vt 0.112159 0.593601
vt 0.082142 0.546409
vt 0.096996 0.546409
vt 0.096996 0.562357
vt 0.082142 0.562357
vt 0.112159 0.546409
vt 0.112159 0.562357
vt 0.082142 0.514144
vt 0.096996 0.514144
vt 0.096996 0.530267
vt 0.082142 0.530267
vt 0.112159 0.514144
vt 0.112159 0.530267
vt 0.082142 0.482534
vt 0.096996 0.482534
vt 0.096996 0.498240
vt 0.082142 0.498240
vt 0.112159 0.482534
vt 0.112159 0.498240
vt 0.082142 0.451481
vt 0.096996 0.451481
vt 0.096996 0.466956
vt 0.082142 0.466956
vt 0.112159 0.451481
vt 0.112159 0.466956
vt 0.082142 0.420739
vt 0.096996 0.420739
vt 0.096996 0.436089
vt 0.082142 0.436089
vt 0.112159 0.420739
vt 0.112159 0.436089
vt 0.082142 0.389997
vt 0.096996 0.389997
vt 0.096996 0.405390
vt 0.082142 0.405390
vt 0.112159 0.389997
vt 0.112159 0.405390
vt 0.082142 0.358945
vt 0.096996 0.358945
vt 0.096996 0.374522
vt 0.082142 0.374522
vt 0.112159 0.358945
vt 0.112159 0.374522
vt 0.082142 0.327335
vt 0.096996 0.327335
vt 0.096996 0.343239
vt 0.082142 0.343239
vt 0.112159 0.327335
vt 0.112159 0.343239
vt 0.082142 0.295070
vt 0.096996 0.295070
vt 0.096996 0.311212
vt 0.082142 0.311212
vt 0.112159 0.295070
vt 0.112159 0.311212
vt 0.082142 0.263400
vt 0.096996 0.263400
vt 0.096996 0.279122
vt 0.082142 0.279122
vt 0.112159 0.263400
vt 0.112159 0.279122
vt 0.082142 0.232466
vt 0.096996 0.232466
vt 0.096996 0.247878
vt 0.082142 0.247878
vt 0.112159 0.232466
vt 0.112159 0.247878
vt 0.082142 0.201593
vt 0.096996 0.201593
vt 0.096996 0.217064
vt 0.082142 0.217064
vt 0.112159 0.201593
vt 0.112159 0.217064
vt 0.082142 0.170418
vt 0.096996 0.170418
vt 0.096996 0.186013
vt 0.082142 0.186013
vt 0.112159 0.170418
vt 0.112159 0.186013
vt 0.082142 0.139399
vt 0.096996 0.139399
vt 0.096996 0.154899
vt 0.082142 0.154899
vt 0.112159 0.139399
vt 0.112159 0.154899
vt 0.082142 0.108271
vt 0.096996 0.108271
vt 0.096996 0.123848
vt 0.082142 0.123848
vt 0.112159 0.108271
vt 0.112159 0.123848
vt 0.096996 0.092708
vt 0.082142 0.092708
vt 0.112159 0.092708
vt 0.082142 0.015000
vt 0.096996 0.015000
vt 0.096996 0.030534
vt 0.082142 0.030534
vt 0.112159 0.015000
vt 0.112159 0.030534
vt 0.029281 0.092708
vt 0.023929 0.092708
vt 0.036226 0.092708
vt 0.036226 0.108271
vt 0.029281 0.108271
vt 0.023929 0.108271
vt 0.978681 0.165911
vt 0.978682 0.130242
vt 0.984947 0.130242
vt 0.984947 0.165911
vt 0.978681 0.103082
vt 0.984947 0.103082
vt 0.991212 0.103082
vt 0.991212 0.130242
vt 0.991212 0.165911
vt 0.966145 0.165911
vt 0.966145 0.130242
vt 0.972414 0.130242
vt 0.972414 0.165911
vt 0.966145 0.103082
vt 0.972414 0.103082
vt 0.953598 0.165911
vt 0.953598 0.130242
vt 0.959874 0.130242
vt 0.959874 0.165911
vt 0.953598 0.103082
vt 0.959874 0.103082
vt 0.941045 0.165911
vt 0.941045 0.130242
vt 0.947316 0.130242
vt 0.947316 0.165911
vt 0.941045 0.103082
vt 0.947316 0.103082
vt 0.928536 0.165911
vt 0.928536 0.130242
vt 0.934794 0.130242
vt 0.934794 0.165911
vt 0.928536 0.103082
vt 0.934794 0.103082
vt 0.915963 0.165911
vt 0.915964 0.130242
vt 0.922247 0.130242
vt 0.922247 0.165911
vt 0.915963 0.103082
vt 0.922247 0.103082
vt 0.903513 0.165911
vt 0.903513 0.130242
vt 0.909724 0.130242
vt 0.909724 0.165911
vt 0.903513 0.103082
vt 0.909724 0.103082
vt 0.891038 0.165911
vt 0.891038 0.130242
vt 0.897298 0.130242
vt 0.897298 0.165911
vt 0.891038 0.103082
vt 0.897298 0.103082
vt 0.878267 0.165911
vt 0.878267 0.130242
vt 0.884698 0.130242
vt 0.884698 0.165911
vt 0.878267 0.103082
vt 0.884698 0.103082
vt 0.865255 0.165911
vt 0.865255 0.130242
vt 0.871757 0.130242
vt 0.871757 0.165911
vt 0.865255 0.103082
vt 0.871757 0.103082
vt 0.852507 0.165911
vt 0.852507 0.130242
vt 0.858841 0.130242
vt 0.858841 0.165911
vt 0.852507 0.103082
vt 0.858841 0.103082
vt 0.839985 0.165911
vt 0.839985 0.130242
vt 0.846225 0.130242
vt 0.846225 0.165911
vt 0.839985 0.103082
vt 0.846225 0.103082
vt 0.827587 0.165911
vt 0.827587 0.130242
vt 0.833777 0.130242
vt 0.833777 0.165911
vt 0.827587 0.103082
vt 0.833777 0.103082
vt 0.815190 0.165911
vt 0.815190 0.130242
vt 0.821397 0.130242
vt 0.821397 0.165911
vt 0.815190 0.103082
vt 0.821397 0.103082
vt 0.802667 0.165911
vt 0.802667 0.130242
vt 0.808949 0.130242
vt 0.808949 0.165911
vt 0.802667 0.103082
vt 0.808949 0.103082
vt 0.789920 0.165911
vt 0.789920 0.130242
vt 0.796333 0.130242
vt 0.796333 0.165911
vt 0.789920 0.103082
vt 0.796333 0.103082
vt 0.776908 0.165911
vt 0.776908 0.130242
vt 0.783418 0.130242
vt 0.783418 0.165911
vt 0.776908 0.103082
vt 0.783418 0.103082
vt 0.764136 0.165911
vt 0.764136 0.130242
vt 0.770476 0.130242
vt 0.770476 0.165911
vt 0.764136 0.103082
vt 0.770476 0.103082
vt 0.751661 0.165911
vt 0.751661 0.130242
vt 0.757877 0.130242
vt 0.757877 0.165911
vt 0.751661 0.103082
vt 0.757877 0.103082
vt 0.739211 0.165911
vt 0.739211 0.130242
vt 0.745450 0.130242
vt 0.745450 0.165911
vt 0.739211 0.103082
vt 0.745450 0.103082
vt 0.726639 0.165911
vt 0.726639 0.130242
vt 0.732928 0.130242
vt 0.732928 0.165911
vt 0.726639 0.103082
vt 0.732928 0.103082
vt 0.714130 0.165911
vt 0.714130 0.130242
vt 0.720380 0.130242
vt 0.720380 0.165911
vt 0.714130 0.103082
vt 0.720380 0.103082
vt 0.701576 0.165911
vt 0.701576 0.130242
vt 0.707858 0.130242
vt 0.707858 0.165911
vt 0.701576 0.103082
vt 0.707858 0.103082
vt 0.689030 0.165911
vt 0.689030 0.130242
vt 0.695300 0.130242
vt 0.695300 0.165911
vt 0.689030 0.103082
vt 0.695300 0.103082
vt 0.676493 0.165911
vt 0.676493 0.130242
vt 0.682761 0.130242
vt 0.682761 0.165911
vt 0.676493 0.103082
vt 0.682761 0.103082
vt 0.663963 0.165911
vt 0.663962 0.130242
vt 0.670227 0.130242
vt 0.670227 0.165911
vt 0.663963 0.103082
vt 0.670227 0.103082
vt 0.029281 0.123848
vt 0.023929 0.123848
vt 0.036226 0.123848
vt 0.263525 0.795408
vt 0.276166 0.795408
vt 0.276166 0.810945
vt 0.263525 0.810945
vt 0.276166 0.826480
vt 0.263525 0.826480
vt 0.263525 0.764321
vt 0.276166 0.764321
vt 0.276166 0.779866
vt 0.263525 0.779866
vt 0.263525 0.733208
vt 0.276166 0.733208
vt 0.276166 0.748771
vt 0.263525 0.748771
vt 0.288615 0.748771
vt 0.263525 0.702080
vt 0.276166 0.702080
vt 0.276166 0.717631
vt 0.263525 0.717631
vt 0.263525 0.671061
vt 0.276166 0.671061
vt 0.276166 0.686580
vt 0.263525 0.686580
vt 0.288615 0.686580
vt 0.263525 0.639886
vt 0.276166 0.639886
vt 0.276166 0.655466
vt 0.263525 0.655466
vt 0.263525 0.609013
vt 0.276166 0.609013
vt 0.276166 0.624415
vt 0.263525 0.624415
vt 0.263525 0.578079
vt 0.276166 0.578079
vt 0.276166 0.593601
vt 0.263525 0.593601
vt 0.263525 0.546409
vt 0.276166 0.546409
vt 0.276166 0.562357
vt 0.263525 0.562357
vt 0.263525 0.514144
vt 0.276166 0.514144
vt 0.276166 0.530267
vt 0.263525 0.530267
vt 0.288615 0.514144
vt 0.288615 0.530267
vt 0.263525 0.482534
vt 0.276166 0.482534
vt 0.276166 0.498240
vt 0.263525 0.498240
vt 0.288615 0.482534
vt 0.288615 0.498240
vt 0.263525 0.451481
vt 0.276166 0.451481
vt 0.276166 0.466956
vt 0.263525 0.466956
vt 0.288615 0.466956
vt 0.263525 0.420739
vt 0.276166 0.420739
vt 0.276166 0.436089
vt 0.263525 0.436089
vt 0.263525 0.389997
vt 0.276166 0.389997
vt 0.276166 0.405390
vt 0.263525 0.405390
vt 0.288615 0.405390
vt 0.263525 0.358945
vt 0.276166 0.358945
vt 0.276166 0.374522
vt 0.263525 0.374522
vt 0.263525 0.327335
vt 0.276166 0.327335
vt 0.276166 0.343239
vt 0.263525 0.343239
vt 0.263525 0.295070
vt 0.276166 0.295070
vt 0.276166 0.311212
vt 0.263525 0.311212
vt 0.263525 0.263400
vt 0.276166 0.263400
vt 0.276166 0.279122
vt 0.263525 0.279122
vt 0.263525 0.232466
vt 0.276166 0.232466
vt 0.276166 0.247878
vt 0.263525 0.247878
vt 0.288615 0.232466
vt 0.288615 0.247878
vt 0.263525 0.201593
vt 0.276166 0.201593
vt 0.276166 0.217064
vt 0.263525 0.217064
vt 0.288615 0.201593
vt 0.288615 0.217064
vt 0.263525 0.170418
vt 0.276166 0.170418
vt 0.276166 0.186013
vt 0.263525 0.186013
vt 0.288615 0.186013
vt 0.263525 0.139399
vt 0.276166 0.139399
vt 0.276166 0.154899
vt 0.263525 0.154899
vt 0.263525 0.108271
vt 0.276166 0.108271
vt 0.276166 0.123848
vt 0.263525 0.123848
vt 0.288615 0.123848
vt 0.263525 0.077158
vt 0.276166 0.077158
vt 0.276166 0.092708
vt 0.263525 0.092708
vt 0.140113 0.795408
vt 0.140113 0.810945
vt 0.126185 0.810945
vt 0.126185 0.795408
vt 0.140113 0.826480
vt 0.126185 0.826480
vt 0.112159 0.810945
vt 0.112159 0.795408
vt 0.140113 0.015000
vt 0.140113 0.030534
vt 0.126185 0.030534
vt 0.126185 0.015000
vt 0.140113 0.046072
vt 0.126185 0.046072
vt 0.112159 0.046072
vt 0.112159 0.030534
vt 0.140113 0.764321
vt 0.140113 0.779866
vt 0.126185 0.779866
vt 0.126185 0.764321
vt 0.112159 0.779866
vt 0.663963 0.254331
vt 0.663962 0.211406
vt 0.670227 0.211406
vt 0.670227 0.254331
vt 0.676493 0.211406
vt 0.140113 0.733208
vt 0.140113 0.748771
vt 0.126185 0.748771
vt 0.126185 0.733208
vt 0.112159 0.748771
vt 0.112159 0.733208
vt 0.202881 0.764321
vt 0.202881 0.779866
vt 0.186779 0.779866
vt 0.186779 0.764321
vt 0.202881 0.795408
vt 0.186779 0.795408
vt 0.170955 0.795408
vt 0.170955 0.779866
vt 0.170955 0.764321
vt 0.140113 0.702080
vt 0.140113 0.717631
vt 0.126185 0.717631
vt 0.126185 0.702080
vt 0.112159 0.717631
vt 0.112159 0.702080
vt 0.202881 0.733208
vt 0.202881 0.748771
vt 0.186779 0.748771
vt 0.186779 0.733208
vt 0.170955 0.748771
vt 0.170955 0.733208
vt 0.140113 0.671061
vt 0.140113 0.686580
vt 0.126185 0.686580
vt 0.126185 0.671061
vt 0.112159 0.686580
vt 0.202881 0.702080
vt 0.202881 0.717631
vt 0.186779 0.717631
vt 0.186779 0.702080
vt 0.170955 0.717631
vt 0.170955 0.702080
vt 0.140113 0.639886
vt 0.140113 0.655466
vt 0.126185 0.655466
vt 0.126185 0.639886
vt 0.112159 0.655466
vt 0.202881 0.671061
vt 0.202881 0.686580
vt 0.186779 0.686580
vt 0.186779 0.671061
vt 0.170955 0.686580
vt 0.170955 0.671061
vt 0.140113 0.609013
vt 0.140113 0.624415
vt 0.126185 0.624415
vt 0.126185 0.609013
vt 0.202881 0.639886
vt 0.202881 0.655466
vt 0.186779 0.655466
vt 0.186779 0.639886
vt 0.170955 0.655466
vt 0.170955 0.639886
vt 0.140113 0.578079
vt 0.140113 0.593601
vt 0.126185 0.593601
vt 0.126185 0.578079
vt 0.112159 0.593601
vt 0.202881 0.609013
vt 0.202881 0.624415
vt 0.186779 0.624415
vt 0.186779 0.609013
vt 0.170955 0.624415
vt 0.170955 0.609013
vt 0.140113 0.546409
vt 0.140113 0.562357
vt 0.126185 0.562357
vt 0.126185 0.546409
vt 0.112159 0.562357
vt 0.112159 0.546409
vt 0.202881 0.578079
vt 0.202881 0.593601
vt 0.186779 0.593601
vt 0.186779 0.578079
vt 0.170955 0.593601
vt 0.170955 0.578079
vt 0.140113 0.514144
vt 0.140113 0.530267
vt 0.126185 0.530267
vt 0.126185 0.514144
vt 0.112159 0.530267
vt 0.202881 0.546409
vt 0.202881 0.562357
vt 0.186779 0.562357
vt 0.186779 0.546409
vt 0.170955 0.562357
vt 0.170955 0.546409
vt 0.140113 0.482534
vt 0.140113 0.498240
vt 0.126185 0.498240
vt 0.126185 0.482534
vt 0.202881 0.514144
vt 0.202881 0.530267
vt 0.186779 0.530267
vt 0.186779 0.514144
vt 0.170955 0.530267
vt 0.170955 0.514144
vt 0.140113 0.451481
vt 0.140113 0.466956
vt 0.126185 0.466956
vt 0.126185 0.451481
vt 0.112159 0.451481
vt 0.202881 0.482534
vt 0.202881 0.498240
vt 0.186779 0.498240
vt 0.186779 0.482534
vt 0.170955 0.498240
vt 0.170955 0.482534
vt 0.140113 0.420739
vt 0.140113 0.436089
vt 0.126185 0.436089
vt 0.126185 0.420739
vt 0.112159 0.436089
vt 0.202881 0.451481
vt 0.202881 0.466956
vt 0.186779 0.466956
vt 0.186779 0.451481
vt 0.170955 0.466956
vt 0.170955 0.451481
vt 0.140113 0.389997
vt 0.140113 0.405390
vt 0.126185 0.405390
vt 0.126185 0.389997
vt 0.112159 0.405390
vt 0.112159 0.389997
vt 0.202881 0.420739
vt 0.202881 0.436089
vt 0.186779 0.436089
vt 0.186779 0.420739
vt 0.170955 0.436089
vt 0.170955 0.420739
vt 0.140113 0.358945
vt 0.140113 0.374522
vt 0.126185 0.374522
vt 0.126185 0.358945
vt 0.112159 0.374522
vt 0.112159 0.358945
vt 0.202881 0.389997
vt 0.202881 0.405390
vt 0.186779 0.405390
vt 0.186779 0.389997
vt 0.170955 0.405390
vt 0.170955 0.389997
vt 0.140113 0.327335
vt 0.140113 0.343239
vt 0.126185 0.343239
vt 0.126185 0.327335
vt 0.112159 0.343239
vt 0.112159 0.327335
vt 0.202881 0.358945
vt 0.202881 0.374522
vt 0.186779 0.374522
vt 0.186779 0.358945
vt 0.170955 0.374522
vt 0.170955 0.358945
vt 0.140113 0.295070
vt 0.140113 0.311212
vt 0.126185 0.311212
vt 0.126185 0.295070
vt 0.112159 0.311212
vt 0.202881 0.327335
vt 0.202881 0.343239
vt 0.186779 0.343239
vt 0.186779 0.327335
vt 0.170955 0.343239
vt 0.170955 0.327335
vt 0.140113 0.263400
vt 0.140113 0.279122
vt 0.126185 0.279122
vt 0.126185 0.263400
vt 0.112159 0.279122
vt 0.202881 0.295070
vt 0.202881 0.311212
vt 0.186779 0.311212
vt 0.186779 0.295070
vt 0.170955 0.311212
vt 0.170955 0.295070
vt 0.140113 0.232466
vt 0.140113 0.247878
vt 0.126185 0.247878
vt 0.126185 0.232466
vt 0.112159 0.247878
vt 0.112159 0.232466
vt 0.202881 0.263400
vt 0.202881 0.279122
vt 0.186779 0.279122
vt 0.186779 0.263400
vt 0.170955 0.279122
vt 0.170955 0.263400
vt 0.140113 0.201593
vt 0.140113 0.217064
vt 0.126185 0.217064
vt 0.126185 0.201593
vt 0.112159 0.217064
vt 0.112159 0.201593
vt 0.202881 0.232466
vt 0.202881 0.247878
vt 0.186779 0.247878
vt 0.186779 0.232466
vt 0.170955 0.247878
vt 0.170955 0.232466
vt 0.140113 0.170418
vt 0.140113 0.186013
vt 0.126185 0.186013
vt 0.126185 0.170418
vt 0.112159 0.186013
vt 0.112159 0.170418
vt 0.202881 0.201593
vt 0.202881 0.217064
vt 0.186779 0.217064
vt 0.186779 0.201593
vt 0.170955 0.217064
vt 0.170955 0.201593
vt 0.140113 0.139399
vt 0.140113 0.154899
vt 0.126185 0.154899
vt 0.126185 0.139399
vt 0.112159 0.154899
vt 0.202881 0.170418
vt 0.202881 0.186013
vt 0.186779 0.186013
vt 0.186779 0.170418
vt 0.170955 0.186013
vt 0.170955 0.170418
vt 0.140113 0.108271
vt 0.140113 0.123848
vt 0.126185 0.123848
vt 0.126185 0.108271
vt 0.112159 0.123848
vt 0.202881 0.139399
vt 0.202881 0.154899
vt 0.186779 0.154899
vt 0.186779 0.139399
vt 0.170955 0.154899
vt 0.170955 0.139399
vt 0.140113 0.077158
vt 0.140113 0.092708
vt 0.126185 0.092708
vt 0.126185 0.077158
vt 0.112159 0.092708
vt 0.202881 0.108271
vt 0.202881 0.123848
vt 0.186779 0.123848
vt 0.186779 0.108271
vt 0.170955 0.123848
vt 0.170955 0.108271
vt 0.140113 0.061613
vt 0.126185 0.061613
vt 0.112159 0.061613
vt 0.202881 0.077158
vt 0.202881 0.092708
vt 0.186779 0.092708
vt 0.186779 0.077158
vt 0.170955 0.092708
vt 0.170955 0.077158
vt 0.202881 0.810945
vt 0.186779 0.810945
vt 0.202881 0.826480
vt 0.186779 0.826480
vt 0.170955 0.826480
vt 0.170955 0.810945
vt 0.202881 0.046072
vt 0.202881 0.061613
vt 0.186779 0.061613
vt 0.186779 0.046072
vt 0.170955 0.061613
vt 0.170955 0.046072
vt 0.202881 0.015000
vt 0.219430 0.015000
vt 0.219430 0.030534
vt 0.202881 0.030534
vt 0.235489 0.015000
vt 0.235489 0.030534
vt 0.235489 0.046072
vt 0.219430 0.046072
vt 0.202881 0.046072
vt 0.263525 0.015000
vt 0.276166 0.015000
vt 0.276166 0.030534
vt 0.263525 0.030534
vt 0.288615 0.015000
vt 0.288615 0.030534
vt 0.276166 0.046072
vt 0.263525 0.046072
vt 0.978681 0.302584
vt 0.978682 0.283037
vt 0.984947 0.283037
vt 0.984947 0.302585
vt 0.978681 0.254331
vt 0.984947 0.254331
vt 0.991212 0.254331
vt 0.991212 0.283037
vt 0.991212 0.302584
vt 0.301329 0.748771
vt 0.314241 0.748771
vt 0.720380 0.283037
vt 0.720380 0.302584
vt 0.720380 0.254331
vt 0.726639 0.254331
vt 0.726639 0.283037
vt 0.726639 0.302584
vt 0.301329 0.123848
vt 0.314241 0.123848
vt 0.732928 0.283037
vt 0.732928 0.302584
vt 0.732928 0.254331
vt 0.757877 0.283037
vt 0.757877 0.302584
vt 0.757877 0.254331
vt 0.764136 0.254331
vt 0.764136 0.283037
vt 0.764136 0.302584
vt 0.301329 0.201593
vt 0.301329 0.217064
vt 0.314241 0.201593
vt 0.314241 0.217064
vt 0.314241 0.232466
vt 0.301329 0.232466
vt 0.301329 0.186013
vt 0.314241 0.186013
vt 0.301329 0.247878
vt 0.314241 0.247878
vt 0.796333 0.283037
vt 0.796333 0.302584
vt 0.796333 0.254331
vt 0.770476 0.283037
vt 0.770476 0.302584
vt 0.770476 0.254331
vt 0.833777 0.283037
vt 0.833777 0.302584
vt 0.833777 0.254331
vt 0.839985 0.254331
vt 0.839985 0.283037
vt 0.839985 0.302584
vt 0.301329 0.405390
vt 0.314241 0.405390
vt 0.846225 0.283037
vt 0.846225 0.302584
vt 0.846225 0.254331
vt 0.871757 0.283038
vt 0.871757 0.302585
vt 0.871757 0.254331
vt 0.878267 0.254331
vt 0.878267 0.283037
vt 0.878267 0.302584
vt 0.301329 0.482534
vt 0.301329 0.498240
vt 0.314241 0.482534
vt 0.314241 0.498240
vt 0.314241 0.514144
vt 0.301329 0.514144
vt 0.301329 0.466956
vt 0.314241 0.466956
vt 0.301329 0.530267
vt 0.314241 0.530267
vt 0.909724 0.283038
vt 0.909724 0.302585
vt 0.909724 0.254331
vt 0.884698 0.283038
vt 0.884698 0.302585
vt 0.884698 0.254331
vt 0.947316 0.283038
vt 0.947316 0.302585
vt 0.947316 0.254331
vt 0.953598 0.254331
vt 0.953598 0.283037
vt 0.953598 0.302584
vt 0.301329 0.686580
vt 0.314241 0.686580
vt 0.959874 0.283038
vt 0.959874 0.302585
vt 0.959874 0.254331
vt 0.966145 0.254331
vt 0.966145 0.283037
vt 0.966145 0.302584
vt 0.972414 0.283038
vt 0.972414 0.302585
vt 0.972414 0.254331
vt 0.301329 0.015000
vt 0.301329 0.030534
vt 0.314241 0.015000
vt 0.314241 0.030534
vt 0.263525 0.015000
vt 0.263525 0.030534
vt 0.250127 0.030534
vt 0.250127 0.015000
vt 0.263525 0.046072
vt 0.250127 0.046072
vt 0.235489 0.046072
vt 0.235489 0.030534
vt 0.219430 0.061613
vt 0.235489 0.061613
vt 0.235489 0.077158
vt 0.219430 0.077158
vt 0.263525 0.061613
vt 0.250127 0.061613
vt 0.263525 0.077158
vt 0.250127 0.077158
vt 0.219430 0.092708
vt 0.202881 0.092708
vt 0.235489 0.092708
vt 0.235489 0.108271
vt 0.219430 0.108271
vt 0.202881 0.108271
vt 0.263525 0.092708
vt 0.250127 0.092708
vt 0.263525 0.108271
vt 0.250127 0.108271
vt 0.235489 0.108271
vt 0.235489 0.092708
vt 0.219430 0.123848
vt 0.202881 0.123848
vt 0.235489 0.123848
vt 0.235489 0.139399
vt 0.219430 0.139399
vt 0.202881 0.139399
vt 0.263525 0.123848
vt 0.250127 0.123848
vt 0.263525 0.139399
vt 0.250127 0.139399
vt 0.235489 0.139399
vt 0.235489 0.123848
vt 0.219430 0.154899
vt 0.202881 0.154899
vt 0.235489 0.154899
vt 0.235489 0.170418
vt 0.219430 0.170418
vt 0.202881 0.170418
vt 0.263525 0.154899
vt 0.250127 0.154899
vt 0.263525 0.170418
vt 0.250127 0.170418
vt 0.235489 0.170418
vt 0.219430 0.186013
vt 0.235489 0.186013
vt 0.235489 0.201593
vt 0.219430 0.201593
vt 0.202881 0.201593
vt 0.263525 0.186013
vt 0.250127 0.186013
vt 0.263525 0.201593
vt 0.250127 0.201593
vt 0.235489 0.201593
vt 0.219430 0.217064
vt 0.202881 0.217064
vt 0.235489 0.217064
vt 0.235489 0.232466
vt 0.219430 0.232466
vt 0.202881 0.232466
vt 0.263525 0.217064
vt 0.250127 0.217064
vt 0.263525 0.232466
vt 0.250127 0.232466
vt 0.235489 0.232466
vt 0.235489 0.217064
vt 0.219430 0.247878
vt 0.202881 0.247878
vt 0.235489 0.247878
vt 0.235489 0.263400
vt 0.219430 0.263400
vt 0.202881 0.263400
vt 0.263525 0.247878
vt 0.250127 0.247878
vt 0.263525 0.263400
vt 0.250127 0.263400
vt 0.235489 0.247878
vt 0.219430 0.279122
vt 0.202881 0.279122
vt 0.235489 0.279122
vt 0.235489 0.295070
vt 0.219430 0.295070
vt 0.202881 0.295070
vt 0.263525 0.279122
vt 0.250127 0.279122
vt 0.263525 0.295070
vt 0.250127 0.295070
vt 0.235489 0.295070
vt 0.219430 0.311212
vt 0.202881 0.311212
vt 0.235489 0.311212
vt 0.235489 0.327335
vt 0.219430 0.327335
vt 0.202881 0.327335
vt 0.263525 0.311212
vt 0.250127 0.311212
vt 0.263525 0.327335
vt 0.250127 0.327335
vt 0.235489 0.327335
vt 0.219430 0.343239
vt 0.202881 0.343239
vt 0.235489 0.343239
vt 0.235489 0.358945
vt 0.219430 0.358945
vt 0.202881 0.358945
vt 0.263525 0.343239
vt 0.250127 0.343239
vt 0.263525 0.358945
vt 0.250127 0.358945
vt 0.235489 0.358945
vt 0.219430 0.374522
vt 0.202881 0.374522
vt 0.235489 0.374522
vt 0.235489 0.389997
vt 0.219430 0.389997
vt 0.202881 0.389997
vt 0.263525 0.374522
vt 0.250127 0.374522
vt 0.263525 0.389997
vt 0.250127 0.389997
vt 0.235489 0.389997
vt 0.219430 0.405390
vt 0.202881 0.405390
vt 0.235489 0.405390
vt 0.235489 0.420739
vt 0.219430 0.420739
vt 0.202881 0.420739
vt 0.263525 0.405390
vt 0.250127 0.405390
vt 0.263525 0.420739
vt 0.250127 0.420739
vt 0.235489 0.420739
vt 0.235489 0.405390
vt 0.219430 0.436089
vt 0.202881 0.436089
vt 0.235489 0.436089
vt 0.235489 0.451481
vt 0.219430 0.451481
vt 0.263525 0.436089
vt 0.250127 0.436089
vt 0.263525 0.451481
vt 0.250127 0.451481
vt 0.235489 0.451481
vt 0.235489 0.436089
vt 0.219430 0.466956
vt 0.235489 0.466956
vt 0.235489 0.482534
vt 0.219430 0.482534
vt 0.263525 0.466956
vt 0.250127 0.466956
vt 0.263525 0.482534
vt 0.250127 0.482534
vt 0.235489 0.466956
vt 0.219430 0.498240
vt 0.235489 0.498240
vt 0.235489 0.514144
vt 0.219430 0.514144
vt 0.263525 0.498240
vt 0.250127 0.498240
vt 0.263525 0.514144
vt 0.250127 0.514144
vt 0.219430 0.530267
vt 0.202881 0.530267
vt 0.235489 0.530267
vt 0.235489 0.546409
vt 0.219430 0.546409
vt 0.202881 0.546409
vt 0.263525 0.530267
vt 0.250127 0.530267
vt 0.263525 0.546409
vt 0.250127 0.546409
vt 0.235489 0.546409
vt 0.235489 0.530267
vt 0.219430 0.562357
vt 0.202881 0.562357
vt 0.235489 0.562357
vt 0.235489 0.578079
vt 0.219430 0.578079
vt 0.202881 0.578079
vt 0.263525 0.562357
vt 0.250127 0.562357
vt 0.263525 0.578079
vt 0.250127 0.578079
vt 0.235489 0.562357
vt 0.219430 0.593601
vt 0.202881 0.593601
vt 0.235489 0.593601
vt 0.235489 0.609013
vt 0.219430 0.609013
vt 0.202881 0.609013
vt 0.250127 0.593601
vt 0.250127 0.609013
vt 0.235489 0.609013
vt 0.235489 0.593601
vt 0.219430 0.624415
vt 0.202881 0.624415
vt 0.235489 0.624415
vt 0.235489 0.639886
vt 0.219430 0.639886
vt 0.202881 0.639886
vt 0.250127 0.624415
vt 0.250127 0.639886
vt 0.235489 0.639886
vt 0.235489 0.624415
vt 0.219430 0.655466
vt 0.202881 0.655466
vt 0.235489 0.655466
vt 0.235489 0.671061
vt 0.219430 0.671061
vt 0.250127 0.655466
vt 0.263525 0.671061
vt 0.250127 0.671061
vt 0.235489 0.671061
vt 0.235489 0.655466
vt 0.219430 0.686580
vt 0.202881 0.686580
vt 0.235489 0.686580
vt 0.235489 0.702080
vt 0.219430 0.702080
vt 0.202881 0.702080
vt 0.250127 0.686580
vt 0.263525 0.702080
vt 0.250127 0.702080
vt 0.235489 0.702080
vt 0.235489 0.686580
vt 0.219430 0.717631
vt 0.202881 0.717631
vt 0.235489 0.717631
vt 0.235489 0.733208
vt 0.219430 0.733208
vt 0.202881 0.733208
vt 0.263525 0.717631
vt 0.250127 0.717631
vt 0.263525 0.733208
vt 0.250127 0.733208
vt 0.235489 0.733208
vt 0.235489 0.717631
vt 0.219430 0.748771
vt 0.202881 0.748771
vt 0.235489 0.748771
vt 0.235489 0.764321
vt 0.219430 0.764321
vt 0.202881 0.764321
vt 0.250127 0.748771
vt 0.263525 0.764321
vt 0.250127 0.764321
vt 0.235489 0.748771
vt 0.219430 0.779866
vt 0.202881 0.779866
vt 0.235489 0.779866
vt 0.235489 0.795408
vt 0.219430 0.795408
vt 0.202881 0.795408
vt 0.250127 0.779866
vt 0.263525 0.795408
vt 0.250127 0.795408
vt 0.235489 0.795408
vt 0.235489 0.779866
vt 0.219430 0.810945
vt 0.235489 0.810945
vt 0.235489 0.826480
vt 0.219430 0.826480
vt 0.250127 0.810945
vt 0.263525 0.826480
vt 0.250127 0.826480
vt 0.276166 0.061613
vt 0.263525 0.061613
vt 0.663963 0.302584
vt 0.670227 0.302584
vt 0.670227 0.320879
vt 0.663962 0.320879
vt 0.676493 0.320879
vt 0.676493 0.340503
vt 0.670227 0.340503
vt 0.663963 0.340503
vt 0.670227 0.362285
vt 0.663962 0.362285
vt 0.676493 0.362285
vt 0.676493 0.385357
vt 0.670227 0.385357
vt 0.663962 0.385357
vt 0.682761 0.302584
vt 0.682761 0.320879
vt 0.689030 0.320879
vt 0.689030 0.340503
vt 0.682761 0.340503
vt 0.682761 0.362285
vt 0.689030 0.362285
vt 0.689030 0.385357
vt 0.682761 0.385357
vt 0.695300 0.302584
vt 0.695300 0.320879
vt 0.701576 0.302584
vt 0.701576 0.320879
vt 0.701576 0.340503
vt 0.695300 0.340503
vt 0.695300 0.362285
vt 0.701576 0.362285
vt 0.701576 0.385357
vt 0.695300 0.385357
vt 0.707858 0.302584
vt 0.707858 0.320879
vt 0.714130 0.320879
vt 0.714130 0.340503
vt 0.707858 0.340503
vt 0.707858 0.362285
vt 0.714130 0.362285
vt 0.714130 0.385357
vt 0.707858 0.385357
vt 0.720380 0.302584
vt 0.720380 0.320879
vt 0.726639 0.302584
vt 0.726639 0.320879
vt 0.726639 0.340503
vt 0.720380 0.340503
vt 0.720380 0.362285
vt 0.726639 0.362285
vt 0.726639 0.385357
vt 0.720380 0.385357
vt 0.732928 0.302584
vt 0.732928 0.320879
vt 0.739211 0.320879
vt 0.739211 0.340503
vt 0.732928 0.340503
vt 0.732928 0.362285
vt 0.739211 0.362285
vt 0.739211 0.385357
vt 0.732928 0.385357
vt 0.745450 0.302584
vt 0.745450 0.320879
vt 0.751661 0.320879
vt 0.751661 0.340503
vt 0.745450 0.340503
vt 0.745450 0.362285
vt 0.751661 0.362285
vt 0.751661 0.385357
vt 0.745450 0.385357
vt 0.757877 0.302584
vt 0.757877 0.320879
vt 0.764136 0.302584
vt 0.764136 0.320879
vt 0.764136 0.340503
vt 0.757877 0.340503
vt 0.757877 0.362285
vt 0.764136 0.362285
vt 0.764136 0.385357
vt 0.757877 0.385357
vt 0.770476 0.302584
vt 0.770476 0.320879
vt 0.776908 0.302584
vt 0.776908 0.320879
vt 0.776908 0.340503
vt 0.770476 0.340503
vt 0.770476 0.362285
vt 0.776908 0.362285
vt 0.776908 0.385357
vt 0.770476 0.385357
vt 0.783418 0.302584
vt 0.783417 0.320879
vt 0.789920 0.320879
vt 0.789920 0.340503
vt 0.783418 0.340503
vt 0.783417 0.362285
vt 0.789920 0.362285
vt 0.789920 0.385357
vt 0.783418 0.385357
vt 0.796333 0.302584
vt 0.796333 0.320879
vt 0.802667 0.320879
vt 0.802667 0.340503
vt 0.796333 0.340503
vt 0.796333 0.362285
vt 0.802667 0.362285
vt 0.802667 0.385357
vt 0.796333 0.385357
vt 0.808949 0.302584
vt 0.808949 0.320879
vt 0.815190 0.320879
vt 0.815190 0.340503
vt 0.808949 0.340503
vt 0.808949 0.362285
vt 0.815190 0.362285
vt 0.815190 0.385357
vt 0.808949 0.385357
vt 0.821397 0.302584
vt 0.821397 0.320879
vt 0.827587 0.302584
vt 0.827587 0.320879
vt 0.827587 0.340503
vt 0.821397 0.340503
vt 0.821397 0.362285
vt 0.827587 0.362285
vt 0.827587 0.385357
vt 0.821397 0.385357
vt 0.833777 0.302584
vt 0.833777 0.320879
vt 0.839985 0.302584
vt 0.839985 0.320879
vt 0.839985 0.340503
vt 0.833777 0.340503
vt 0.833777 0.362285
vt 0.839985 0.362285
vt 0.839985 0.385357
vt 0.833777 0.385357
vt 0.846225 0.302584
vt 0.846225 0.320879
vt 0.852507 0.302584
vt 0.852507 0.320879
vt 0.852507 0.340503
vt 0.846225 0.340503
vt 0.846225 0.362285
vt 0.852507 0.362285
vt 0.852507 0.385357
vt 0.846225 0.385357
vt 0.858841 0.302584
vt 0.858841 0.320879
vt 0.865255 0.302584
vt 0.865255 0.320879
vt 0.865255 0.340503
vt 0.858841 0.340503
vt 0.858841 0.362285
vt 0.865255 0.362285
vt 0.865255 0.385357
vt 0.858841 0.385357
vt 0.871757 0.302584
vt 0.871757 0.320879
vt 0.878267 0.302584
vt 0.878267 0.320879
vt 0.878267 0.340503
vt 0.871757 0.340503
vt 0.871757 0.362285
vt 0.878267 0.362285
vt 0.878267 0.385357
vt 0.871757 0.385357
vt 0.884698 0.302584
vt 0.884698 0.320879
vt 0.891038 0.302584
vt 0.891038 0.320879
vt 0.891038 0.340503
vt 0.884698 0.340503
vt 0.884698 0.362285
vt 0.891038 0.362285
vt 0.891038 0.385357
vt 0.884698 0.385357
vt 0.897298 0.302584
vt 0.897298 0.320879
vt 0.903513 0.302584
vt 0.903513 0.320879
vt 0.903513 0.340503
vt 0.897298 0.340503
vt 0.897298 0.362285
vt 0.903513 0.362285
vt 0.903513 0.385357
vt 0.897298 0.385357
vt 0.909724 0.302584
vt 0.909724 0.320879
vt 0.915963 0.302584
vt 0.915964 0.320879
vt 0.915963 0.340503
vt 0.909724 0.340503
vt 0.909724 0.362285
vt 0.915963 0.362285
vt 0.915963 0.385357
vt 0.909724 0.385357
vt 0.922247 0.302584
vt 0.922247 0.320879
vt 0.928536 0.302584
vt 0.928536 0.320879
vt 0.928536 0.340503
vt 0.922247 0.340503
vt 0.922247 0.362285
vt 0.928536 0.362285
vt 0.928536 0.385357
vt 0.922247 0.385357
vt 0.934794 0.302584
vt 0.934794 0.320879
vt 0.941045 0.302584
vt 0.941045 0.320879
vt 0.941045 0.340503
vt 0.934794 0.340503
vt 0.934794 0.362285
vt 0.941045 0.362285
vt 0.941045 0.385357
vt 0.934794 0.385357
vt 0.947316 0.302584
vt 0.947316 0.320879
vt 0.953598 0.302584
vt 0.953598 0.320879
vt 0.953598 0.340503
vt 0.947316 0.340503
vt 0.947316 0.362285
vt 0.953598 0.362285
vt 0.953598 0.385357
vt 0.947316 0.385357
vt 0.959874 0.302584
vt 0.959874 0.320879
vt 0.966145 0.302584
vt 0.966145 0.320879
vt 0.966145 0.340503
vt 0.959874 0.340503
vt 0.959874 0.362285
vt 0.966145 0.362285
vt 0.966145 0.385357
vt 0.959874 0.385357
vt 0.972414 0.302584
vt 0.972414 0.320879
vt 0.978681 0.302584
vt 0.978682 0.320879
vt 0.978681 0.340503
vt 0.972414 0.340503
vt 0.972414 0.362285
vt 0.978681 0.362285
vt 0.978682 0.385357
vt 0.972414 0.385357
vt 0.984947 0.302584
vt 0.984947 0.320879
vt 0.991212 0.320879
vt 0.991212 0.340503
vt 0.984947 0.340503
vt 0.984947 0.362285
vt 0.991212 0.362285
vt 0.991212 0.385357
vt 0.984947 0.385357
vt 0.663962 0.283037
vt 0.670227 0.283037
vt 0.670227 0.302584
vt 0.082142 0.795408
vt 0.069124 0.810945
vt 0.069124 0.795408
vt 0.069124 0.826480
vt 0.057292 0.826480
vt 0.057292 0.810945
vt 0.057292 0.795408
vt 0.045929 0.810945
vt 0.045929 0.795408
vt 0.045930 0.826480
vt 0.036226 0.810945
vt 0.036226 0.795408
vt 0.082142 0.764321
vt 0.082142 0.779866
vt 0.069124 0.779866
vt 0.069124 0.764321
vt 0.057292 0.779866
vt 0.057292 0.764321
vt 0.045929 0.779866
vt 0.045929 0.764321
vt 0.036226 0.779866
vt 0.036226 0.764321
vt 0.082142 0.733208
vt 0.082142 0.748771
vt 0.069124 0.748771
vt 0.069124 0.733208
vt 0.057292 0.748771
vt 0.057292 0.733208
vt 0.045929 0.748771
vt 0.045929 0.733208
vt 0.036226 0.748771
vt 0.036226 0.733208
vt 0.082142 0.702080
vt 0.082142 0.717631
vt 0.069124 0.717631
vt 0.069124 0.702080
vt 0.057292 0.717631
vt 0.057292 0.702080
vt 0.045929 0.717631
vt 0.045929 0.702080
vt 0.036226 0.717631
vt 0.036226 0.702080
vt 0.082142 0.671061
vt 0.082142 0.686580
vt 0.069124 0.686580
vt 0.069124 0.671061
vt 0.057292 0.686580
vt 0.057292 0.671061
vt 0.045929 0.686580
vt 0.045929 0.671061
vt 0.036226 0.686580
vt 0.036226 0.671061
vt 0.082142 0.639886
vt 0.082142 0.655466
vt 0.069124 0.655466
vt 0.069124 0.639886
vt 0.057292 0.655466
vt 0.057292 0.639886
vt 0.045929 0.655466
vt 0.045930 0.639886
vt 0.036226 0.655466
vt 0.036226 0.639886
vt 0.082142 0.609013
vt 0.069124 0.624415
vt 0.069124 0.609013
vt 0.057292 0.624415
vt 0.057292 0.609013
vt 0.045930 0.624415
vt 0.045930 0.609013
vt 0.036226 0.609013
vt 0.082142 0.578079
vt 0.082142 0.593601
vt 0.069124 0.593601
vt 0.069124 0.578079
vt 0.057292 0.593601
vt 0.057292 0.578079
vt 0.045930 0.593601
vt 0.045930 0.578079
vt 0.036226 0.593601
vt 0.082142 0.546409
vt 0.082142 0.562357
vt 0.069124 0.562357
vt 0.069124 0.546409
vt 0.057292 0.562357
vt 0.057292 0.546409
vt 0.045929 0.562357
vt 0.045929 0.546409
vt 0.036226 0.562357
vt 0.036226 0.546409
vt 0.082142 0.530267
vt 0.069124 0.530267
vt 0.069124 0.514144
vt 0.057292 0.530267
vt 0.057292 0.514144
vt 0.045929 0.530267
vt 0.045929 0.514144
vt 0.036226 0.530267
vt 0.069124 0.498240
vt 0.069124 0.482534
vt 0.057292 0.498240
vt 0.057292 0.482534
vt 0.045929 0.498240
vt 0.045929 0.482534
vt 0.082142 0.466956
vt 0.069124 0.466956
vt 0.069124 0.451481
vt 0.057292 0.466956
vt 0.057292 0.451481
vt 0.045929 0.466956
vt 0.045929 0.451481
vt 0.082142 0.436089
vt 0.069124 0.436089
vt 0.069124 0.420739
vt 0.057292 0.436089
vt 0.057292 0.420739
vt 0.045929 0.436089
vt 0.045929 0.420739
vt 0.082142 0.405390
vt 0.069124 0.405390
vt 0.069124 0.389997
vt 0.057292 0.405390
vt 0.057292 0.389997
vt 0.045929 0.405390
vt 0.045929 0.389997
vt 0.036226 0.405390
vt 0.082142 0.358945
vt 0.082142 0.374522
vt 0.069124 0.374522
vt 0.069124 0.358945
vt 0.057292 0.374522
vt 0.057292 0.358945
vt 0.045929 0.374522
vt 0.045929 0.358945
vt 0.036226 0.374522
vt 0.036226 0.358945
vt 0.082142 0.327335
vt 0.082142 0.343239
vt 0.069124 0.343239
vt 0.069124 0.327335
vt 0.057292 0.343239
vt 0.057292 0.327335
vt 0.045929 0.343239
vt 0.045929 0.327335
vt 0.036226 0.343239
vt 0.036226 0.327335
vt 0.082142 0.311212
vt 0.069124 0.311212
vt 0.069124 0.295070
vt 0.057292 0.311212
vt 0.057292 0.295070
vt 0.045929 0.311212
vt 0.045929 0.295070
vt 0.036226 0.311212
vt 0.082142 0.279122
vt 0.069124 0.279122
vt 0.069124 0.263400
vt 0.057292 0.279122
vt 0.057292 0.263400
vt 0.045929 0.279122
vt 0.045929 0.263400
vt 0.036226 0.279122
vt 0.082142 0.232466
vt 0.082142 0.247878
vt 0.069124 0.247878
vt 0.069124 0.232466
vt 0.057292 0.247878
vt 0.057292 0.232466
vt 0.045929 0.247878
vt 0.045929 0.232466
vt 0.036226 0.247878
vt 0.036226 0.232466
vt 0.082142 0.201593
vt 0.069124 0.217064
vt 0.069124 0.201593
vt 0.057292 0.217064
vt 0.057292 0.201593
vt 0.045929 0.217064
vt 0.045930 0.201593
vt 0.036226 0.201593
vt 0.082142 0.170418
vt 0.082142 0.186013
vt 0.069124 0.186013
vt 0.069124 0.170418
vt 0.057292 0.186013
vt 0.057292 0.170418
vt 0.045930 0.186013
vt 0.045930 0.170418
vt 0.082142 0.154899
vt 0.069124 0.154899
vt 0.069124 0.139399
vt 0.057292 0.154899
vt 0.057292 0.139399
vt 0.045930 0.154899
vt 0.045930 0.139399
vt 0.036226 0.154899
vt 0.082142 0.123848
vt 0.069124 0.123848
vt 0.069124 0.108271
vt 0.057292 0.123848
vt 0.057292 0.108271
vt 0.045929 0.123848
vt 0.045929 0.108271
vt 0.036226 0.123848
vt 0.036226 0.108271
vt 0.082142 0.077159
vt 0.082142 0.092708
vt 0.069124 0.092708
vt 0.069124 0.077159
vt 0.057292 0.092708
vt 0.057292 0.077159
vt 0.045929 0.092708
vt 0.045929 0.077159
vt 0.036226 0.092708
vt 0.036226 0.077159
vt 0.082142 0.046072
vt 0.082142 0.061613
vt 0.069124 0.061613
vt 0.069124 0.046072
vt 0.057292 0.061613
vt 0.057292 0.046072
vt 0.045929 0.061613
vt 0.045929 0.046072
vt 0.036226 0.046072
vt 0.082142 0.030534
vt 0.069124 0.030534
vt 0.069124 0.015000
vt 0.057292 0.030534
vt 0.057292 0.015000
vt 0.045929 0.030534
vt 0.045929 0.015000
vt 0.036226 0.030534
vt 0.036226 0.015000
vt 0.481867 0.953535
vt 0.472861 0.944530
vt 0.479835 0.938353
vt 0.488045 0.946563
vt 0.465005 0.934505
vt 0.472673 0.929214
vt 0.479041 0.924819
vt 0.485626 0.933223
vt 0.493176 0.940772
vt 0.155184 0.810945
vt 0.155184 0.826480
vt 0.155184 0.795408
vt 0.170955 0.810945
vt 0.140113 0.779866
vt 0.155184 0.779866
vt 0.140113 0.764321
vt 0.155184 0.764321
vt 0.170955 0.764321
vt 0.170955 0.779866
vt 0.140113 0.748771
vt 0.155184 0.748771
vt 0.140113 0.733208
vt 0.155184 0.733208
vt 0.170955 0.733208
vt 0.170955 0.748771
vt 0.140113 0.717631
vt 0.155184 0.717631
vt 0.155184 0.702080
vt 0.140113 0.686580
vt 0.155184 0.686580
vt 0.140113 0.671061
vt 0.155184 0.671061
vt 0.170955 0.671061
vt 0.140113 0.655466
vt 0.155184 0.655466
vt 0.140113 0.639886
vt 0.155184 0.639886
vt 0.170955 0.639886
vt 0.170955 0.655466
vt 0.140113 0.624415
vt 0.155184 0.624415
vt 0.155184 0.609013
vt 0.170955 0.609013
vt 0.170955 0.624415
vt 0.140113 0.593601
vt 0.155184 0.593601
vt 0.155184 0.578079
vt 0.170955 0.578079
vt 0.170955 0.593601
vt 0.140113 0.562357
vt 0.155184 0.562357
vt 0.140113 0.546409
vt 0.155184 0.546409
vt 0.170955 0.546409
vt 0.170955 0.562357
vt 0.140113 0.530267
vt 0.155184 0.530267
vt 0.140113 0.514144
vt 0.155184 0.514144
vt 0.170955 0.514144
vt 0.170955 0.530267
vt 0.140113 0.498240
vt 0.155184 0.498240
vt 0.140113 0.482534
vt 0.155184 0.482534
vt 0.170955 0.482534
vt 0.170955 0.498240
vt 0.140113 0.466956
vt 0.155184 0.466956
vt 0.155184 0.451481
vt 0.170955 0.451481
vt 0.170955 0.466956
vt 0.140113 0.436089
vt 0.155184 0.436089
vt 0.140113 0.420739
vt 0.155184 0.420739
vt 0.170955 0.420739
vt 0.170955 0.436089
vt 0.140113 0.405390
vt 0.155184 0.405390
vt 0.140113 0.389997
vt 0.155184 0.389997
vt 0.170955 0.389997
vt 0.170955 0.405390
vt 0.140113 0.374522
vt 0.155184 0.374522
vt 0.140113 0.358945
vt 0.155184 0.358945
vt 0.170955 0.358945
vt 0.170955 0.374522
vt 0.140113 0.343239
vt 0.155184 0.343239
vt 0.140113 0.327335
vt 0.155184 0.327335
vt 0.170955 0.327335
vt 0.170955 0.343239
vt 0.140113 0.311212
vt 0.155184 0.311212
vt 0.140113 0.295070
vt 0.155184 0.295070
vt 0.170955 0.295070
vt 0.170955 0.311212
vt 0.140113 0.279122
vt 0.155184 0.279122
vt 0.140113 0.263400
vt 0.155184 0.263400
vt 0.170955 0.263400
vt 0.170955 0.279122
vt 0.140113 0.247878
vt 0.155184 0.247878
vt 0.140113 0.232466
vt 0.155184 0.232466
vt 0.170955 0.232466
vt 0.170955 0.247878
vt 0.140113 0.217064
vt 0.155184 0.217064
vt 0.155184 0.201593
vt 0.170955 0.201593
vt 0.170955 0.217064
vt 0.155184 0.186013
vt 0.155184 0.170418
vt 0.170955 0.170418
vt 0.170955 0.186013
vt 0.140113 0.154899
vt 0.155184 0.154899
vt 0.155184 0.139399
vt 0.170955 0.139399
vt 0.170955 0.154899
vt 0.140113 0.123848
vt 0.155184 0.123848
vt 0.140113 0.108271
vt 0.155184 0.108271
vt 0.170955 0.108271
vt 0.170955 0.123848
vt 0.140113 0.092708
vt 0.155184 0.092708
vt 0.140113 0.077158
vt 0.155184 0.077158
vt 0.170955 0.077158
vt 0.170955 0.092708
vt 0.155184 0.061613
vt 0.140113 0.046072
vt 0.155184 0.046072
vt 0.170955 0.046072
vt 0.170955 0.061613
vt 0.155184 0.030534
vt 0.155184 0.015000
vt 0.170955 0.015000
vt 0.170955 0.030534
vt 0.202881 0.030534
vt 0.186779 0.030534
vt 0.186779 0.015000
vt 0.170955 0.015000
vt 0.682761 0.211406
vt 0.689030 0.211406
vt 0.695300 0.211406
vt 0.701576 0.211406
vt 0.707858 0.211406
vt 0.714130 0.211406
vt 0.720380 0.211406
vt 0.726639 0.211406
vt 0.732928 0.211406
vt 0.739211 0.211406
vt 0.745450 0.211406
vt 0.751661 0.211406
vt 0.757877 0.211406
vt 0.764136 0.211406
vt 0.770476 0.211406
vt 0.776908 0.211406
vt 0.783418 0.211406
vt 0.789920 0.211406
vt 0.796333 0.211406
vt 0.802667 0.211406
vt 0.808949 0.211406
vt 0.815190 0.211406
vt 0.821397 0.211406
vt 0.827587 0.211406
vt 0.833777 0.211406
vt 0.839985 0.211406
vt 0.846225 0.211407
vt 0.852507 0.211406
vt 0.858841 0.211407
vt 0.865255 0.211407
vt 0.871757 0.211407
vt 0.878267 0.211407
vt 0.884698 0.211407
vt 0.891038 0.211407
vt 0.897298 0.211407
vt 0.903513 0.211407
vt 0.909724 0.211407
vt 0.915964 0.211407
vt 0.922247 0.211407
vt 0.928536 0.211407
vt 0.934794 0.211407
vt 0.941045 0.211407
vt 0.947316 0.211407
vt 0.953598 0.211407
vt 0.959874 0.211407
vt 0.966145 0.211407
vt 0.972414 0.211407
vt 0.978682 0.211407
vt 0.984947 0.211407
vt 0.991212 0.211407
vt 0.023929 0.015000
vt 0.023929 0.030534
vt 0.018737 0.030534
vt 0.018737 0.015000
vt 0.023929 0.046072
vt 0.018737 0.046072
vt 0.013475 0.046071
vt 0.013475 0.030534
vt 0.013475 0.015000
vt 0.023929 0.061613
vt 0.018737 0.061613
vt 0.023929 0.077159
vt 0.018737 0.077159
vt 0.013475 0.077158
vt 0.013475 0.061613
vt 0.023929 0.092708
vt 0.018737 0.092708
vt 0.023929 0.108271
vt 0.018737 0.108271
vt 0.013475 0.108271
vt 0.013475 0.092708
vt 0.023929 0.123848
vt 0.018737 0.123848
vt 0.023929 0.139399
vt 0.018737 0.139399
vt 0.013475 0.139399
vt 0.013475 0.123848
vt 0.023929 0.154899
vt 0.018737 0.154899
vt 0.023929 0.170418
vt 0.018737 0.170418
vt 0.013475 0.170418
vt 0.013475 0.154899
vt 0.018737 0.186013
vt 0.023929 0.201593
vt 0.018737 0.201593
vt 0.013475 0.201593
vt 0.013475 0.186013
vt 0.023929 0.217064
vt 0.018737 0.217064
vt 0.023929 0.232466
vt 0.018737 0.232466
vt 0.013475 0.232466
vt 0.013475 0.217064
vt 0.023929 0.247878
vt 0.018737 0.247878
vt 0.018737 0.263400
vt 0.013475 0.263400
vt 0.013475 0.247878
vt 0.023929 0.279122
vt 0.018737 0.279122
vt 0.023929 0.295070
vt 0.018737 0.295070
vt 0.013475 0.295070
vt 0.013475 0.279122
vt 0.023929 0.311212
vt 0.018737 0.311212
vt 0.023929 0.327335
vt 0.018737 0.327335
vt 0.013475 0.327335
vt 0.013475 0.311212
vt 0.023929 0.343239
vt 0.018737 0.343239
vt 0.023929 0.358945
vt 0.018737 0.358945
vt 0.013475 0.358945
vt 0.013475 0.343239
vt 0.023929 0.374522
vt 0.018737 0.374522
vt 0.023929 0.389997
vt 0.018737 0.389997
vt 0.013475 0.389997
vt 0.013475 0.374522
vt 0.023929 0.405390
vt 0.018737 0.405390
vt 0.023929 0.420739
vt 0.018737 0.420739
vt 0.013475 0.420739
vt 0.013475 0.405390
vt 0.023929 0.436089
vt 0.018737 0.436089
vt 0.023929 0.451481
vt 0.018737 0.451481
vt 0.013475 0.451481
vt 0.013475 0.436089
vt 0.023929 0.466956
vt 0.018737 0.466956
vt 0.023929 0.482534
vt 0.018737 0.482534
vt 0.013475 0.482534
vt 0.013475 0.466956
vt 0.023929 0.498240
vt 0.018737 0.498240
vt 0.023929 0.514144
vt 0.018737 0.514144
vt 0.013475 0.514144
vt 0.013475 0.498240
vt 0.023929 0.530267
vt 0.018737 0.530267
vt 0.023929 0.546409
vt 0.018737 0.546409
vt 0.013475 0.546409
vt 0.013475 0.530267
vt 0.023929 0.562357
vt 0.018737 0.562357
vt 0.023929 0.578079
vt 0.018737 0.578079
vt 0.013475 0.578079
vt 0.013475 0.562357
vt 0.023929 0.593601
vt 0.018737 0.593601
vt 0.023929 0.609013
vt 0.018737 0.609013
vt 0.013475 0.609013
vt 0.013475 0.593601
vt 0.018737 0.624415
vt 0.023929 0.639886
vt 0.018737 0.639886
vt 0.013475 0.639886
vt 0.013475 0.624415
vt 0.023929 0.655466
vt 0.018737 0.655466
vt 0.023929 0.671061
vt 0.018737 0.671061
vt 0.013475 0.671061
vt 0.013475 0.655466
vt 0.023929 0.686580
vt 0.018737 0.686580
vt 0.023929 0.702080
vt 0.018737 0.702080
vt 0.013475 0.702080
vt 0.013475 0.686580
vt 0.023929 0.717631
vt 0.018737 0.717631
vt 0.023929 0.733208
vt 0.018737 0.733208
vt 0.013475 0.733208
vt 0.013475 0.717631
vt 0.023929 0.748771
vt 0.018737 0.748771
vt 0.023929 0.764321
vt 0.018737 0.764321
vt 0.013475 0.764321
vt 0.013475 0.748771
vt 0.023929 0.779866
vt 0.018737 0.779866
vt 0.023929 0.795408
vt 0.018737 0.795408
vt 0.013475 0.795408
vt 0.013475 0.779866
vt 0.023929 0.810945
vt 0.018737 0.810945
vt 0.018737 0.826480
vt 0.013475 0.826480
vt 0.013475 0.810945
vt 0.023929 0.015000
vt 0.029281 0.015000
vt 0.029281 0.030534
vt 0.023929 0.030534
vt 0.036226 0.030534
vt 0.453191 0.837191
vt 0.458419 0.825579
vt 0.466665 0.829908
vt 0.461900 0.840496
vt 0.465008 0.814680
vt 0.472672 0.819972
vt 0.479038 0.824367
vt 0.473515 0.833504
vt 0.469133 0.843240
vt 0.551781 0.769128
vt 0.564492 0.769893
vt 0.563372 0.779139
vt 0.551784 0.778441
vt 0.577018 0.772182
vt 0.574792 0.781227
vt 0.572943 0.788739
vt 0.562442 0.786819
vt 0.551786 0.786177
vt 0.650419 0.837167
vt 0.654210 0.849328
vt 0.645165 0.851558
vt 0.641708 0.840471
vt 0.656509 0.861857
vt 0.647261 0.862981
vt 0.639579 0.863915
vt 0.637652 0.853411
vt 0.634472 0.843216
vt 0.526565 0.976991
vt 0.514407 0.973202
vt 0.517709 0.964492
vt 0.528794 0.967947
vt 0.502793 0.967977
vt 0.507122 0.959729
vt 0.510717 0.952878
vt 0.520453 0.957258
vt 0.530645 0.960435
vt 0.447102 0.887303
vt 0.446336 0.874589
vt 0.455651 0.874590
vt 0.456349 0.886181
vt 0.447105 0.861877
vt 0.456353 0.863000
vt 0.464034 0.863934
vt 0.463388 0.874591
vt 0.464030 0.885248
vt 0.502785 0.781216
vt 0.514394 0.775990
vt 0.517698 0.784697
vt 0.507113 0.789461
vt 0.526549 0.772199
vt 0.528779 0.781241
vt 0.530632 0.788751
vt 0.520442 0.791929
vt 0.510709 0.796310
vt 0.621726 0.795625
vt 0.630735 0.804629
vt 0.623762 0.810808
vt 0.615549 0.802599
vt 0.638594 0.814653
vt 0.630928 0.819946
vt 0.624560 0.824342
vt 0.617971 0.815940
vt 0.610419 0.808392
vt 0.650428 0.911977
vt 0.645201 0.923594
vt 0.636952 0.919263
vt 0.641717 0.908673
vt 0.638613 0.934497
vt 0.630946 0.929204
vt 0.624577 0.924807
vt 0.630100 0.915667
vt 0.634481 0.905929
vt 0.577045 0.976991
vt 0.564517 0.979286
vt 0.563394 0.970038
vt 0.574815 0.967946
vt 0.551804 0.980056
vt 0.551804 0.970740
vt 0.551804 0.963003
vt 0.562461 0.962358
vt 0.572964 0.960434
vt 0.458416 0.923605
vt 0.466666 0.919277
vt 0.453188 0.911992
vt 0.461898 0.908689
vt 0.469133 0.905946
vt 0.473517 0.915682
vt 0.472863 0.804658
vt 0.479834 0.810834
vt 0.481867 0.795655
vt 0.488043 0.802626
vt 0.493173 0.808416
vt 0.485624 0.815964
vt 0.589179 0.775967
vt 0.585878 0.784678
vt 0.600795 0.781189
vt 0.596468 0.789438
vt 0.592874 0.796290
vt 0.583136 0.791913
vt 0.657278 0.874572
vt 0.647962 0.874573
vt 0.656511 0.887287
vt 0.647261 0.886164
vt 0.639579 0.885232
vt 0.640223 0.874574
vt 0.491894 0.961388
vt 0.497186 0.953722
vt 0.501581 0.947355
vt 0.449403 0.849350
vt 0.458447 0.851580
vt 0.465959 0.853433
vt 0.539072 0.769901
vt 0.540197 0.779146
vt 0.541131 0.786825
vt 0.645187 0.825552
vt 0.636938 0.829882
vt 0.630086 0.833479
vt 0.630756 0.944525
vt 0.623783 0.938347
vt 0.621749 0.953533
vt 0.615572 0.946560
vt 0.610440 0.940767
vt 0.617991 0.933215
vt 0.539092 0.979285
vt 0.540214 0.970038
vt 0.541146 0.962358
vt 0.449399 0.899831
vt 0.458443 0.897603
vt 0.465956 0.895752
vt 0.491890 0.787804
vt 0.497181 0.795468
vt 0.501575 0.801834
vt 0.611697 0.787775
vt 0.606406 0.795442
vt 0.602012 0.801811
vt 0.654215 0.899816
vt 0.645169 0.897586
vt 0.637655 0.895735
vt 0.611720 0.961387
vt 0.606428 0.953720
vt 0.600819 0.967976
vt 0.596490 0.959727
vt 0.592894 0.952875
vt 0.602033 0.947351
vt 0.589204 0.973202
vt 0.585901 0.964491
vt 0.583157 0.957256
vt 0.598200 0.822196
vt 0.604177 0.828171
vt 0.601727 0.830343
vt 0.596030 0.824648
vt 0.598674 0.833049
vt 0.593326 0.827703
vt 0.494211 0.834839
vt 0.499422 0.828187
vt 0.501873 0.830357
vt 0.496906 0.836699
vt 0.505395 0.822211
vt 0.507566 0.824661
vt 0.510271 0.827714
vt 0.504926 0.833062
vt 0.500263 0.839016
vt 0.486370 0.849776
vt 0.489840 0.842071
vt 0.492739 0.843592
vt 0.489431 0.850937
vt 0.496351 0.845488
vt 0.493246 0.852383
vt 0.535056 0.942537
vt 0.526988 0.940023
vt 0.528149 0.936962
vt 0.535839 0.939358
vt 0.519282 0.936556
vt 0.520803 0.933657
vt 0.522699 0.930045
vt 0.529595 0.933147
vt 0.536815 0.935396
vt 0.551804 0.944567
vt 0.543369 0.944058
vt 0.543763 0.940807
vt 0.551804 0.941293
vt 0.544254 0.936758
vt 0.551803 0.937213
vt 0.598211 0.926965
vt 0.591558 0.932178
vt 0.589698 0.929483
vt 0.596039 0.924514
vt 0.584327 0.936551
vt 0.582805 0.933652
vt 0.580909 0.930040
vt 0.587380 0.926125
vt 0.593333 0.921460
vt 0.609401 0.914335
vt 0.604187 0.920987
vt 0.601735 0.918816
vt 0.606705 0.912475
vt 0.598681 0.916111
vt 0.603347 0.910158
vt 0.584314 0.812616
vt 0.591546 0.816987
vt 0.589688 0.819682
vt 0.582794 0.815516
vt 0.587371 0.823040
vt 0.580899 0.819128
vt 0.568540 0.806639
vt 0.576607 0.809151
vt 0.575448 0.812212
vt 0.567758 0.809818
vt 0.574002 0.816027
vt 0.566782 0.813779
vt 0.482332 0.866155
vt 0.483856 0.857844
vt 0.487034 0.858627
vt 0.485581 0.866549
vt 0.490995 0.859603
vt 0.489631 0.867040
vt 0.482334 0.883025
vt 0.481823 0.874590
vt 0.485097 0.874589
vt 0.485585 0.882630
vt 0.489177 0.874589
vt 0.489635 0.882138
vt 0.568552 0.942532
vt 0.560239 0.944055
vt 0.559844 0.940805
vt 0.567768 0.939353
vt 0.559352 0.936755
vt 0.566792 0.935392
vt 0.617242 0.899395
vt 0.613773 0.907102
vt 0.610873 0.905581
vt 0.614180 0.898235
vt 0.607260 0.903685
vt 0.610365 0.896789
vt 0.621279 0.883013
vt 0.619756 0.891326
vt 0.616576 0.890543
vt 0.618028 0.882620
vt 0.612615 0.889568
vt 0.613978 0.882129
vt 0.551793 0.804608
vt 0.560228 0.805118
vt 0.559834 0.808368
vt 0.551794 0.807882
vt 0.559343 0.812418
vt 0.551795 0.811962
vt 0.535047 0.806644
vt 0.543358 0.805120
vt 0.543754 0.808370
vt 0.535831 0.809822
vt 0.544246 0.812419
vt 0.536808 0.813783
vt 0.486371 0.899407
vt 0.483858 0.891338
vt 0.487038 0.890554
vt 0.489433 0.898246
vt 0.490999 0.889577
vt 0.493247 0.896798
vt 0.494211 0.914347
vt 0.489840 0.907114
vt 0.492739 0.905592
vt 0.496905 0.912486
vt 0.496351 0.903695
vt 0.500263 0.910168
vt 0.576620 0.940018
vt 0.575459 0.936957
vt 0.574012 0.933143
vt 0.621274 0.866141
vt 0.621786 0.874577
vt 0.618511 0.874578
vt 0.618023 0.866537
vt 0.614431 0.874579
vt 0.613973 0.867030
vt 0.619748 0.857828
vt 0.616569 0.858613
vt 0.612608 0.859591
vt 0.519276 0.812629
vt 0.526981 0.809160
vt 0.528142 0.812221
vt 0.520798 0.815527
vt 0.529590 0.816034
vt 0.522694 0.819139
vt 0.512046 0.817001
vt 0.513906 0.819694
vt 0.516224 0.823051
vt 0.505399 0.926973
vt 0.499424 0.920998
vt 0.501874 0.918827
vt 0.507570 0.924522
vt 0.504927 0.916120
vt 0.510275 0.921468
vt 0.512051 0.932184
vt 0.513911 0.929490
vt 0.516228 0.926132
vt 0.978682 0.080109
vt 0.984947 0.080109
vt 0.978682 0.058682
vt 0.984947 0.058682
vt 0.991212 0.058682
vt 0.991212 0.080109
vt 0.966145 0.080109
vt 0.972414 0.080109
vt 0.966145 0.058682
vt 0.972414 0.058682
vt 0.953598 0.080109
vt 0.959874 0.080109
vt 0.953598 0.058682
vt 0.959874 0.058682
vt 0.941045 0.080109
vt 0.947316 0.080109
vt 0.941045 0.058682
vt 0.947316 0.058682
vt 0.928536 0.080109
vt 0.934794 0.080109
vt 0.928536 0.058682
vt 0.934794 0.058682
vt 0.915964 0.080109
vt 0.922247 0.080109
vt 0.915963 0.058682
vt 0.922247 0.058682
vt 0.903513 0.080109
vt 0.909724 0.080109
vt 0.903513 0.058682
vt 0.909725 0.058682
vt 0.891038 0.080109
vt 0.897298 0.080109
vt 0.891038 0.058682
vt 0.897298 0.058682
vt 0.878267 0.080109
vt 0.884698 0.080109
vt 0.878267 0.058682
vt 0.884698 0.058682
vt 0.865255 0.080109
vt 0.871757 0.080109
vt 0.865255 0.058682
vt 0.871757 0.058682
vt 0.852507 0.080109
vt 0.858841 0.080109
vt 0.852507 0.058682
vt 0.858841 0.058682
vt 0.839985 0.080109
vt 0.846225 0.080109
vt 0.839985 0.058682
vt 0.846225 0.058682
vt 0.827587 0.080109
vt 0.833777 0.080109
vt 0.827587 0.058682
vt 0.833777 0.058682
vt 0.815190 0.080109
vt 0.821397 0.080109
vt 0.815190 0.058682
vt 0.821397 0.058682
vt 0.802667 0.080109
vt 0.808949 0.080109
vt 0.802667 0.058682
vt 0.808949 0.058682
vt 0.789920 0.080109
vt 0.796333 0.080109
vt 0.789920 0.058682
vt 0.796333 0.058682
vt 0.776908 0.080109
vt 0.783418 0.080109
vt 0.776908 0.058682
vt 0.783418 0.058682
vt 0.764136 0.080109
vt 0.770476 0.080109
vt 0.764136 0.058682
vt 0.770476 0.058682
vt 0.751661 0.080109
vt 0.757877 0.080109
vt 0.751661 0.058682
vt 0.757877 0.058682
vt 0.739211 0.080109
vt 0.745450 0.080109
vt 0.739211 0.058682
vt 0.745450 0.058682
vt 0.726639 0.080109
vt 0.732928 0.080109
vt 0.726639 0.058682
vt 0.732928 0.058682
vt 0.714130 0.080109
vt 0.720380 0.080109
vt 0.714130 0.058682
vt 0.720380 0.058682
vt 0.701576 0.080109
vt 0.707858 0.080109
vt 0.701576 0.058682
vt 0.707858 0.058682
vt 0.689030 0.080109
vt 0.695300 0.080109
vt 0.689030 0.058682
vt 0.695300 0.058682
vt 0.676493 0.080109
vt 0.682761 0.080109
vt 0.676493 0.058682
vt 0.682761 0.058682
vt 0.663963 0.080109
vt 0.670227 0.080109
vt 0.663963 0.058682
vt 0.670227 0.058682
vt 0.941399 0.401793
vt 0.941399 0.408721
vt 0.933640 0.408721
vt 0.933640 0.401793
vt 0.941399 0.415650
vt 0.933640 0.415650
vt 0.929913 0.415650
vt 0.929913 0.408721
vt 0.929913 0.401793
vt 0.941399 0.422581
vt 0.933640 0.422581
vt 0.941399 0.429514
vt 0.933640 0.429514
vt 0.929913 0.429514
vt 0.929913 0.422581
vt 0.941399 0.436449
vt 0.933640 0.436448
vt 0.941399 0.443389
vt 0.933640 0.443389
vt 0.929913 0.443389
vt 0.929913 0.436449
vt 0.941399 0.450336
vt 0.933640 0.450336
vt 0.941399 0.457271
vt 0.933640 0.457271
vt 0.929913 0.457271
vt 0.929913 0.450336
vt 0.941399 0.464183
vt 0.933640 0.464183
vt 0.941399 0.471104
vt 0.933640 0.471104
vt 0.929913 0.471104
vt 0.929913 0.464183
vt 0.941399 0.478059
vt 0.933640 0.478059
vt 0.941399 0.485007
vt 0.933640 0.485007
vt 0.929913 0.485007
vt 0.929913 0.478059
vt 0.941399 0.491906
vt 0.933640 0.491906
vt 0.941399 0.498775
vt 0.933640 0.498775
vt 0.929913 0.498775
vt 0.929913 0.491906
vt 0.941399 0.505648
vt 0.933640 0.505648
vt 0.941399 0.512571
vt 0.933640 0.512571
vt 0.929913 0.512571
vt 0.929913 0.505648
vt 0.941399 0.519582
vt 0.933640 0.519582
vt 0.941399 0.526694
vt 0.933640 0.526694
vt 0.929913 0.526694
vt 0.929913 0.519582
vt 0.941399 0.533893
vt 0.933640 0.533893
vt 0.941399 0.541083
vt 0.933640 0.541083
vt 0.929913 0.541083
vt 0.929913 0.533893
vt 0.941399 0.548175
vt 0.933640 0.548175
vt 0.941399 0.555180
vt 0.933640 0.555180
vt 0.929913 0.555180
vt 0.929913 0.548175
vt 0.941399 0.562127
vt 0.933640 0.562127
vt 0.941399 0.569028
vt 0.933640 0.569028
vt 0.929913 0.569028
vt 0.929913 0.562127
vt 0.941399 0.575893
vt 0.933640 0.575893
vt 0.941399 0.582738
vt 0.933640 0.582738
vt 0.929913 0.582738
vt 0.929913 0.575893
vt 0.941399 0.589583
vt 0.933640 0.589583
vt 0.941399 0.596447
vt 0.933640 0.596447
vt 0.929913 0.596447
vt 0.929913 0.589583
vt 0.941399 0.603349
vt 0.933640 0.603349
vt 0.941399 0.610296
vt 0.933640 0.610296
vt 0.929913 0.610296
vt 0.929913 0.603349
vt 0.941399 0.617300
vt 0.933640 0.617300
vt 0.941399 0.624392
vt 0.933640 0.624392
vt 0.929913 0.624392
vt 0.929913 0.617300
vt 0.941399 0.631583
vt 0.933640 0.631583
vt 0.941399 0.638781
vt 0.933640 0.638782
vt 0.929913 0.638781
vt 0.929913 0.631583
vt 0.941399 0.645894
vt 0.933640 0.645894
vt 0.941399 0.652905
vt 0.933640 0.652905
vt 0.929913 0.652905
vt 0.929913 0.645894
vt 0.941399 0.659827
vt 0.933640 0.659827
vt 0.941399 0.666701
vt 0.933640 0.666701
vt 0.929913 0.666701
vt 0.929913 0.659827
vt 0.941399 0.673569
vt 0.933640 0.673569
vt 0.941399 0.680469
vt 0.933640 0.680469
vt 0.929913 0.680469
vt 0.929913 0.673569
vt 0.941399 0.687417
vt 0.933640 0.687417
vt 0.941399 0.694372
vt 0.933640 0.694372
vt 0.929913 0.694372
vt 0.929913 0.687417
vt 0.941399 0.701292
vt 0.933640 0.701292
vt 0.941399 0.708205
vt 0.933640 0.708205
vt 0.929913 0.708205
vt 0.929913 0.701292
vt 0.941399 0.715140
vt 0.933640 0.715140
vt 0.941399 0.722087
vt 0.933640 0.722087
vt 0.929913 0.722087
vt 0.929913 0.715140
vt 0.941399 0.729027
vt 0.933640 0.729027
vt 0.941399 0.735962
vt 0.933640 0.735962
vt 0.929913 0.735962
vt 0.929913 0.729027
vt 0.941399 0.742894
vt 0.933640 0.742894
vt 0.941399 0.749825
vt 0.933640 0.749825
vt 0.929913 0.749825
vt 0.929913 0.742894
vt 0.941399 0.756754
vt 0.933640 0.756754
vt 0.941399 0.763682
vt 0.933640 0.763682
vt 0.929913 0.763682
vt 0.929913 0.756754
vt 0.689792 0.855815
vt 0.698150 0.866603
vt 0.694127 0.870125
vt 0.685364 0.858831
vt 0.707754 0.876302
vt 0.704196 0.880281
vt 0.700564 0.884343
vt 0.690016 0.873724
vt 0.680833 0.861914
vt 0.406458 0.699665
vt 0.406458 0.713870
vt 0.393613 0.713870
vt 0.393613 0.699665
vt 0.406458 0.728070
vt 0.393613 0.728070
vt 0.380028 0.728070
vt 0.380028 0.713870
vt 0.380028 0.699665
vt 0.406458 0.642795
vt 0.406458 0.657005
vt 0.393613 0.657005
vt 0.393613 0.642795
vt 0.406458 0.671238
vt 0.393613 0.671238
vt 0.380028 0.671238
vt 0.380028 0.657005
vt 0.380028 0.642795
vt 0.898558 0.578825
vt 0.898558 0.583286
vt 0.879993 0.583286
vt 0.879993 0.578825
vt 0.898558 0.587751
vt 0.879993 0.587751
vt 0.852993 0.587751
vt 0.852993 0.583286
vt 0.852993 0.578825
vt 0.898558 0.592195
vt 0.879993 0.592195
vt 0.898558 0.596632
vt 0.879993 0.596632
vt 0.852993 0.596632
vt 0.852993 0.592195
vt 0.898558 0.561129
vt 0.898558 0.565573
vt 0.879993 0.565573
vt 0.879993 0.561129
vt 0.898558 0.569986
vt 0.879993 0.569986
vt 0.852993 0.569986
vt 0.852993 0.565573
vt 0.852993 0.561129
vt 0.406458 0.585968
vt 0.406458 0.600204
vt 0.393613 0.600204
vt 0.393613 0.585968
vt 0.406458 0.614453
vt 0.393613 0.614453
vt 0.380028 0.614453
vt 0.380028 0.600204
vt 0.380028 0.585968
vt 0.406458 0.529493
vt 0.406458 0.543676
vt 0.393613 0.543676
vt 0.393613 0.529493
vt 0.406458 0.557759
vt 0.393613 0.557759
vt 0.380028 0.557759
vt 0.380028 0.543676
vt 0.380028 0.529493
vt 0.406458 0.571832
vt 0.393613 0.571832
vt 0.380028 0.571832
vt 0.406458 0.500557
vt 0.406458 0.515129
vt 0.393613 0.515129
vt 0.393613 0.500557
vt 0.380028 0.515129
vt 0.380028 0.500557
vt 0.898558 0.533773
vt 0.898558 0.538270
vt 0.879993 0.538270
vt 0.879993 0.533773
vt 0.898558 0.542823
vt 0.879993 0.542823
vt 0.852993 0.542823
vt 0.852993 0.538270
vt 0.852993 0.533773
vt 0.406458 0.385730
vt 0.406458 0.399755
vt 0.393613 0.399755
vt 0.393613 0.385730
vt 0.406458 0.413820
vt 0.393613 0.413820
vt 0.380028 0.413820
vt 0.380028 0.399755
vt 0.380028 0.385730
vt 0.898558 0.498388
vt 0.898558 0.502848
vt 0.879993 0.502848
vt 0.879993 0.498387
vt 0.898558 0.507278
vt 0.879993 0.507278
vt 0.852993 0.507278
vt 0.852993 0.502848
vt 0.852993 0.498387
vt 0.898558 0.511685
vt 0.879993 0.511685
vt 0.898558 0.516080
vt 0.879993 0.516080
vt 0.852993 0.516080
vt 0.852993 0.511685
vt 0.898558 0.480099
vt 0.898558 0.484721
vt 0.879993 0.484721
vt 0.879993 0.480099
vt 0.898558 0.489337
vt 0.879993 0.489337
vt 0.852993 0.489337
vt 0.852993 0.484721
vt 0.852993 0.480099
vt 0.406458 0.329268
vt 0.406458 0.343501
vt 0.393613 0.343501
vt 0.393613 0.329268
vt 0.406458 0.357641
vt 0.393613 0.357641
vt 0.380028 0.357641
vt 0.380028 0.343501
vt 0.380028 0.329268
vt 0.406458 0.270904
vt 0.406458 0.285653
vt 0.393613 0.285653
vt 0.393613 0.270904
vt 0.406458 0.300385
vt 0.393613 0.300385
vt 0.380028 0.300385
vt 0.380028 0.285653
vt 0.380028 0.270904
vt 0.406458 0.314917
vt 0.393613 0.314917
vt 0.380028 0.314917
vt 0.406458 0.241967
vt 0.406458 0.256332
vt 0.393613 0.256332
vt 0.393613 0.241967
vt 0.380028 0.256332
vt 0.380028 0.241967
vt 0.898558 0.453335
vt 0.898558 0.457765
vt 0.879993 0.457765
vt 0.879993 0.453335
vt 0.898558 0.462174
vt 0.879993 0.462174
vt 0.852993 0.462174
vt 0.852993 0.457765
vt 0.852993 0.453335
vt 0.406458 0.128666
vt 0.406458 0.142828
vt 0.393613 0.142828
vt 0.393613 0.128666
vt 0.406458 0.157007
vt 0.393613 0.157007
vt 0.380028 0.157007
vt 0.380028 0.142828
vt 0.380028 0.128666
vt 0.898558 0.417707
vt 0.898558 0.422159
vt 0.879993 0.422159
vt 0.879993 0.417707
vt 0.898558 0.426615
vt 0.879993 0.426615
vt 0.852993 0.426615
vt 0.852993 0.422159
vt 0.852993 0.417707
vt 0.898558 0.431075
vt 0.879993 0.431075
vt 0.898558 0.435528
vt 0.879993 0.435528
vt 0.852993 0.435528
vt 0.852993 0.431075
vt 0.898558 0.408807
vt 0.898558 0.413257
vt 0.879993 0.413256
vt 0.879993 0.408807
vt 0.852993 0.413257
vt 0.852993 0.408807
vt 0.406458 0.071795
vt 0.406458 0.086003
vt 0.393613 0.086003
vt 0.393613 0.071795
vt 0.406458 0.100223
vt 0.393613 0.100223
vt 0.380028 0.100223
vt 0.380028 0.086003
vt 0.380028 0.071795
vt 0.406458 0.043391
vt 0.406458 0.057591
vt 0.393613 0.057591
vt 0.393613 0.043391
vt 0.380028 0.057591
vt 0.380028 0.043391
vt 0.406458 0.742267
vt 0.393613 0.742267
vt 0.406458 0.756461
vt 0.393613 0.756461
vt 0.380028 0.756461
vt 0.380028 0.742267
vt 0.809528 0.901891
vt 0.822579 0.897919
vt 0.824422 0.902934
vt 0.810754 0.907076
vt 0.835077 0.892396
vt 0.837524 0.897164
vt 0.840021 0.902041
vt 0.826299 0.908059
vt 0.812000 0.912370
vt 0.846835 0.885388
vt 0.849860 0.889835
vt 0.857662 0.876996
vt 0.861219 0.881045
vt 0.864860 0.885189
vt 0.852952 0.894387
vt 0.867379 0.867338
vt 0.871402 0.870912
vt 0.875842 0.856572
vt 0.880260 0.859615
vt 0.884780 0.862719
vt 0.875520 0.874565
vt 0.882922 0.844871
vt 0.887665 0.847347
vt 0.888533 0.832419
vt 0.893530 0.834301
vt 0.898638 0.836216
vt 0.892516 0.849870
vt 0.892604 0.819402
vt 0.897782 0.820667
vt 0.895085 0.806008
vt 0.900367 0.806646
vt 0.905758 0.807291
vt 0.903071 0.821953
vt 0.895940 0.792427
vt 0.901248 0.792435
vt 0.895165 0.778843
vt 0.900433 0.778224
vt 0.905806 0.777595
vt 0.906663 0.792442
vt 0.892771 0.765440
vt 0.897941 0.764198
vt 0.888783 0.752404
vt 0.893788 0.750545
vt 0.898904 0.748651
vt 0.903217 0.762936
vt 0.883240 0.739923
vt 0.888003 0.737457
vt 0.876218 0.728193
vt 0.880655 0.725154
vt 0.885195 0.722044
vt 0.892877 0.734939
vt 0.867811 0.717405
vt 0.871836 0.713848
vt 0.858160 0.707716
vt 0.861709 0.703703
vt 0.865333 0.699597
vt 0.875953 0.710207
vt 0.847421 0.699271
vt 0.850449 0.694866
vt 0.835756 0.692194
vt 0.838226 0.687464
vt 0.840742 0.682630
vt 0.853537 0.690362
vt 0.823335 0.686592
vt 0.825215 0.681609
vt 0.810344 0.682526
vt 0.811615 0.677365
vt 0.812904 0.672095
vt 0.827128 0.676518
vt 0.796975 0.680042
vt 0.797625 0.674781
vt 0.783413 0.679174
vt 0.783438 0.673879
vt 0.783459 0.668480
vt 0.798282 0.669413
vt 0.769843 0.679940
vt 0.769240 0.674671
vt 0.756447 0.682325
vt 0.755222 0.677148
vt 0.753973 0.671862
vt 0.768626 0.669295
vt 0.743413 0.686299
vt 0.741572 0.681291
vt 0.730929 0.691815
vt 0.728485 0.687053
vt 0.725992 0.682182
vt 0.739695 0.676173
vt 0.719184 0.698813
vt 0.716163 0.694371
vt 0.708367 0.707195
vt 0.704814 0.703150
vt 0.701177 0.699010
vt 0.713074 0.689824
vt 0.698656 0.716844
vt 0.694638 0.713273
vt 0.690199 0.727601
vt 0.685785 0.724559
vt 0.681268 0.721458
vt 0.690524 0.709622
vt 0.683123 0.739291
vt 0.678384 0.736817
vt 0.677523 0.751734
vt 0.672530 0.749854
vt 0.667427 0.747945
vt 0.673537 0.734299
vt 0.673473 0.764741
vt 0.668301 0.763478
vt 0.671011 0.778123
vt 0.665737 0.777486
vt 0.660352 0.776843
vt 0.663017 0.762197
vt 0.670161 0.791686
vt 0.664862 0.791677
vt 0.670931 0.805248
vt 0.665673 0.805864
vt 0.660310 0.806491
vt 0.659456 0.791671
vt 0.673315 0.818627
vt 0.668155 0.819864
vt 0.677287 0.831639
vt 0.672293 0.833490
vt 0.667188 0.835375
vt 0.662889 0.821121
vt 0.682806 0.844099
vt 0.678053 0.846551
vt 0.673191 0.849054
vt 0.726344 0.727661
vt 0.733266 0.735532
vt 0.726751 0.741898
vt 0.718984 0.734973
vt 0.743059 0.746666
vt 0.737416 0.751409
vt 0.733351 0.757558
vt 0.721174 0.749097
vt 0.712564 0.743119
vt 0.730119 0.891877
vt 0.742547 0.897519
vt 0.740637 0.902519
vt 0.727613 0.896616
vt 0.755554 0.901620
vt 0.754269 0.906796
vt 0.752962 0.912084
vt 0.738689 0.907633
vt 0.725052 0.901463
vt 0.605913 0.043390
vt 0.605913 0.057591
vt 0.591720 0.057591
vt 0.591720 0.043390
vt 0.605913 0.071795
vt 0.591720 0.071795
vt 0.577152 0.071795
vt 0.577152 0.057591
vt 0.577152 0.043390
vt 0.605913 0.728070
vt 0.605913 0.742267
vt 0.591720 0.742267
vt 0.591720 0.728070
vt 0.605913 0.756461
vt 0.591720 0.756461
vt 0.577152 0.756461
vt 0.577152 0.742267
vt 0.577152 0.728070
vt 0.605913 0.699666
vt 0.605913 0.713870
vt 0.591720 0.713870
vt 0.591720 0.699666
vt 0.577152 0.713870
vt 0.577152 0.699666
vt 0.605913 0.671238
vt 0.605913 0.685458
vt 0.591720 0.685458
vt 0.591720 0.671238
vt 0.577152 0.685458
vt 0.577152 0.671238
vt 0.605913 0.642795
vt 0.605913 0.657005
vt 0.591720 0.657005
vt 0.591720 0.642795
vt 0.577152 0.657005
vt 0.577152 0.642795
vt 0.605913 0.614453
vt 0.605913 0.628633
vt 0.591720 0.628633
vt 0.591720 0.614453
vt 0.577152 0.628633
vt 0.577152 0.614453
vt 0.605913 0.585968
vt 0.605913 0.600204
vt 0.591720 0.600204
vt 0.591720 0.585968
vt 0.577152 0.600204
vt 0.577152 0.585968
vt 0.605913 0.557759
vt 0.605913 0.571832
vt 0.591720 0.571832
vt 0.591720 0.557759
vt 0.577152 0.571832
vt 0.577152 0.557759
vt 0.605913 0.529494
vt 0.605913 0.543676
vt 0.591720 0.543676
vt 0.591720 0.529494
vt 0.577152 0.543676
vt 0.577152 0.529493
vt 0.605913 0.500557
vt 0.605913 0.515129
vt 0.591720 0.515129
vt 0.591720 0.500557
vt 0.577152 0.515129
vt 0.577152 0.500557
vt 0.605913 0.471075
vt 0.605913 0.485807
vt 0.591720 0.485807
vt 0.591720 0.471075
vt 0.577152 0.485808
vt 0.577152 0.471075
vt 0.605913 0.442193
vt 0.605913 0.456544
vt 0.591720 0.456544
vt 0.591720 0.442193
vt 0.577152 0.456544
vt 0.577152 0.442193
vt 0.605913 0.413820
vt 0.605913 0.427960
vt 0.591720 0.427960
vt 0.591720 0.413820
vt 0.577152 0.427960
vt 0.577152 0.413820
vt 0.605913 0.385730
vt 0.605913 0.399755
vt 0.591720 0.399755
vt 0.591720 0.385730
vt 0.577152 0.399755
vt 0.577152 0.385730
vt 0.605913 0.357641
vt 0.605913 0.371705
vt 0.591720 0.371705
vt 0.591720 0.357641
vt 0.577152 0.371705
vt 0.577152 0.357641
vt 0.605913 0.329268
vt 0.605913 0.343501
vt 0.591720 0.343501
vt 0.591720 0.329268
vt 0.577152 0.343501
vt 0.577152 0.329268
vt 0.605913 0.300385
vt 0.605913 0.314917
vt 0.591720 0.314917
vt 0.591720 0.300386
vt 0.577152 0.314917
vt 0.577152 0.300386
vt 0.605913 0.270904
vt 0.605913 0.285653
vt 0.591720 0.285653
vt 0.591720 0.270904
vt 0.577152 0.285653
vt 0.577152 0.270904
vt 0.605913 0.241967
vt 0.605913 0.256332
vt 0.591720 0.256332
vt 0.591720 0.241967
vt 0.577152 0.256332
vt 0.577152 0.241967
vt 0.605913 0.213702
vt 0.605913 0.227784
vt 0.591720 0.227784
vt 0.591720 0.213702
vt 0.577152 0.227784
vt 0.577152 0.213702
vt 0.605913 0.185493
vt 0.605913 0.199629
vt 0.591720 0.199629
vt 0.591720 0.185493
vt 0.577152 0.199629
vt 0.577152 0.185493
vt 0.605913 0.157007
vt 0.605913 0.171257
vt 0.591720 0.171257
vt 0.591720 0.157007
vt 0.577152 0.171257
vt 0.577152 0.157007
vt 0.605913 0.128666
vt 0.605913 0.142828
vt 0.591720 0.142828
vt 0.591720 0.128666
vt 0.577152 0.142828
vt 0.577152 0.128666
vt 0.605913 0.100223
vt 0.605913 0.114456
vt 0.591720 0.114456
vt 0.591720 0.100223
vt 0.577152 0.114456
vt 0.577152 0.100223
vt 0.605913 0.086003
vt 0.591720 0.086003
vt 0.577152 0.086003
vt 0.605913 0.015000
vt 0.605913 0.029194
vt 0.591720 0.029194
vt 0.591720 0.015000
vt 0.577152 0.029194
vt 0.577152 0.015000
vt 0.768943 0.904123
vt 0.768287 0.909396
vt 0.782526 0.905006
vt 0.782499 0.910310
vt 0.782472 0.915720
vt 0.767622 0.914777
vt 0.770496 0.623354
vt 0.770496 0.627802
vt 0.736979 0.627802
vt 0.736979 0.623354
vt 0.770496 0.632250
vt 0.736979 0.632250
vt 0.711064 0.632250
vt 0.711064 0.627802
vt 0.711064 0.623354
vt 0.770496 0.614453
vt 0.770496 0.618904
vt 0.736979 0.618904
vt 0.736979 0.614453
vt 0.711064 0.618904
vt 0.711064 0.614453
vt 0.770496 0.605545
vt 0.770496 0.610001
vt 0.736979 0.610001
vt 0.736979 0.605545
vt 0.711064 0.610001
vt 0.711064 0.605545
vt 0.770496 0.596632
vt 0.770496 0.601085
vt 0.736979 0.601085
vt 0.736979 0.596632
vt 0.711064 0.601085
vt 0.711064 0.596632
vt 0.770496 0.587751
vt 0.770496 0.592195
vt 0.736979 0.592195
vt 0.736979 0.587751
vt 0.711064 0.592195
vt 0.711064 0.587751
vt 0.770496 0.578825
vt 0.770496 0.583286
vt 0.736979 0.583286
vt 0.736979 0.578825
vt 0.711064 0.583286
vt 0.711064 0.578825
vt 0.770496 0.569986
vt 0.770496 0.574396
vt 0.736979 0.574396
vt 0.736979 0.569986
vt 0.711064 0.574396
vt 0.711064 0.569986
vt 0.770496 0.561129
vt 0.770496 0.565573
vt 0.736979 0.565573
vt 0.736979 0.561129
vt 0.711064 0.565573
vt 0.711064 0.561129
vt 0.770496 0.552061
vt 0.770496 0.556628
vt 0.736979 0.556628
vt 0.736979 0.552061
vt 0.711064 0.556628
vt 0.711064 0.552061
vt 0.770496 0.542823
vt 0.770496 0.547440
vt 0.736979 0.547440
vt 0.736979 0.542823
vt 0.711064 0.547440
vt 0.711064 0.542823
vt 0.770496 0.533773
vt 0.770496 0.538270
vt 0.736979 0.538270
vt 0.736979 0.533773
vt 0.711064 0.538270
vt 0.711064 0.533773
vt 0.770496 0.524882
vt 0.770496 0.529313
vt 0.736979 0.529313
vt 0.736979 0.524882
vt 0.711064 0.529313
vt 0.711064 0.524882
vt 0.770496 0.516080
vt 0.770496 0.520475
vt 0.736979 0.520475
vt 0.736979 0.516080
vt 0.711064 0.520475
vt 0.711064 0.516080
vt 0.770496 0.507278
vt 0.770496 0.511685
vt 0.736979 0.511685
vt 0.736979 0.507278
vt 0.711064 0.511685
vt 0.711064 0.507278
vt 0.770496 0.498387
vt 0.770496 0.502848
vt 0.736979 0.502848
vt 0.736979 0.498387
vt 0.711064 0.502848
vt 0.711064 0.498387
vt 0.770496 0.489337
vt 0.770496 0.493891
vt 0.736979 0.493890
vt 0.736979 0.489337
vt 0.711064 0.493891
vt 0.711064 0.489337
vt 0.770496 0.480099
vt 0.770496 0.484721
vt 0.736979 0.484721
vt 0.736979 0.480099
vt 0.711064 0.484721
vt 0.711064 0.480099
vt 0.770496 0.471031
vt 0.770496 0.475533
vt 0.736979 0.475533
vt 0.736979 0.471031
vt 0.711064 0.475533
vt 0.711064 0.471031
vt 0.770496 0.462174
vt 0.770496 0.466587
vt 0.736979 0.466587
vt 0.736979 0.462174
vt 0.711064 0.466587
vt 0.711064 0.462174
vt 0.770496 0.453335
vt 0.770496 0.457765
vt 0.736979 0.457765
vt 0.736979 0.453335
vt 0.711064 0.457765
vt 0.711064 0.453335
vt 0.770496 0.444409
vt 0.770496 0.448874
vt 0.736979 0.448874
vt 0.736979 0.444409
vt 0.711064 0.448874
vt 0.711064 0.444409
vt 0.770496 0.435528
vt 0.770496 0.439966
vt 0.736979 0.439966
vt 0.736979 0.435528
vt 0.711064 0.439966
vt 0.711064 0.435528
vt 0.770496 0.426615
vt 0.770496 0.431075
vt 0.736979 0.431075
vt 0.736979 0.426615
vt 0.711064 0.431075
vt 0.711064 0.426615
vt 0.770496 0.417707
vt 0.770496 0.422159
vt 0.736979 0.422160
vt 0.736979 0.417707
vt 0.711064 0.422159
vt 0.711064 0.417707
vt 0.770496 0.408807
vt 0.770496 0.413257
vt 0.736979 0.413257
vt 0.736979 0.408807
vt 0.711064 0.413257
vt 0.711064 0.408807
vt 0.770496 0.399910
vt 0.770496 0.404358
vt 0.736979 0.404358
vt 0.736979 0.399910
vt 0.711064 0.404358
vt 0.711064 0.399910
vt 0.796115 0.904260
vt 0.796717 0.909538
vt 0.797327 0.914922
vt 0.431514 0.728070
vt 0.431514 0.742267
vt 0.418914 0.742267
vt 0.418914 0.728070
vt 0.431514 0.756461
vt 0.418914 0.756461
vt 0.431514 0.699665
vt 0.431514 0.713870
vt 0.418914 0.713870
vt 0.418914 0.699665
vt 0.431514 0.671238
vt 0.431514 0.685458
vt 0.418914 0.685458
vt 0.418914 0.671238
vt 0.406458 0.685458
vt 0.431514 0.642795
vt 0.431514 0.657005
vt 0.418914 0.657005
vt 0.418914 0.642795
vt 0.431514 0.614453
vt 0.431514 0.628633
vt 0.418914 0.628633
vt 0.418914 0.614453
vt 0.406458 0.628633
vt 0.431514 0.585968
vt 0.431514 0.600204
vt 0.418914 0.600204
vt 0.418914 0.585968
vt 0.431514 0.557759
vt 0.431514 0.571832
vt 0.418914 0.571832
vt 0.418914 0.557759
vt 0.431514 0.529493
vt 0.431514 0.543676
vt 0.418914 0.543676
vt 0.418914 0.529493
vt 0.431514 0.500557
vt 0.431514 0.515129
vt 0.418914 0.515129
vt 0.418914 0.500557
vt 0.431514 0.471075
vt 0.431514 0.485807
vt 0.418914 0.485807
vt 0.418914 0.471075
vt 0.406458 0.485807
vt 0.406458 0.471075
vt 0.431514 0.442193
vt 0.431514 0.456544
vt 0.418914 0.456544
vt 0.418914 0.442193
vt 0.406458 0.456544
vt 0.406458 0.442193
vt 0.431514 0.413820
vt 0.431514 0.427960
vt 0.418914 0.427960
vt 0.418914 0.413820
vt 0.406458 0.427960
vt 0.431514 0.385730
vt 0.431514 0.399755
vt 0.418914 0.399755
vt 0.418914 0.385730
vt 0.431514 0.357641
vt 0.431514 0.371705
vt 0.418914 0.371705
vt 0.418914 0.357641
vt 0.406459 0.371705
vt 0.431514 0.329268
vt 0.431514 0.343501
vt 0.418914 0.343501
vt 0.418914 0.329268
vt 0.431514 0.300385
vt 0.431514 0.314917
vt 0.418914 0.314917
vt 0.418914 0.300385
vt 0.431514 0.270904
vt 0.431514 0.285653
vt 0.418914 0.285653
vt 0.418914 0.270904
vt 0.431514 0.241967
vt 0.431514 0.256332
vt 0.418914 0.256332
vt 0.418914 0.241967
vt 0.431514 0.213702
vt 0.431514 0.227784
vt 0.418914 0.227784
vt 0.418914 0.213702
vt 0.406458 0.227784
vt 0.406458 0.213702
vt 0.431514 0.185493
vt 0.431514 0.199629
vt 0.418914 0.199629
vt 0.418914 0.185493
vt 0.406458 0.199629
vt 0.406458 0.185493
vt 0.431514 0.157007
vt 0.431514 0.171257
vt 0.418914 0.171257
vt 0.418914 0.157007
vt 0.406458 0.171257
vt 0.431514 0.128666
vt 0.431514 0.142828
vt 0.418914 0.142828
vt 0.418914 0.128666
vt 0.431514 0.100223
vt 0.431514 0.114456
vt 0.418914 0.114456
vt 0.418914 0.100223
vt 0.406458 0.114456
vt 0.431514 0.071795
vt 0.431514 0.086003
vt 0.418914 0.086003
vt 0.418914 0.071795
vt 0.550219 0.728070
vt 0.563645 0.728070
vt 0.563645 0.742267
vt 0.550219 0.742267
vt 0.577152 0.742267
vt 0.577152 0.756461
vt 0.563645 0.756461
vt 0.550219 0.756461
vt 0.550219 0.015000
vt 0.563645 0.015000
vt 0.563645 0.029194
vt 0.550219 0.029194
vt 0.577152 0.015000
vt 0.577152 0.029194
vt 0.577152 0.043390
vt 0.563645 0.043390
vt 0.550219 0.043390
vt 0.550219 0.699666
vt 0.563645 0.699666
vt 0.563645 0.713870
vt 0.550219 0.713870
vt 0.577152 0.699666
vt 0.852993 0.399910
vt 0.852993 0.404358
vt 0.812940 0.404358
vt 0.812940 0.399910
vt 0.812940 0.408807
vt 0.550219 0.671238
vt 0.563645 0.671238
vt 0.563645 0.685458
vt 0.550219 0.685458
vt 0.577152 0.671238
vt 0.577152 0.685458
vt 0.490229 0.699666
vt 0.505506 0.699666
vt 0.505506 0.713870
vt 0.490229 0.713870
vt 0.520576 0.699666
vt 0.520576 0.713870
vt 0.520576 0.728070
vt 0.505506 0.728070
vt 0.490229 0.728070
vt 0.550219 0.642795
vt 0.563645 0.642795
vt 0.563645 0.657005
vt 0.550219 0.657005
vt 0.577152 0.642795
vt 0.577152 0.657005
vt 0.490229 0.671238
vt 0.505506 0.671238
vt 0.505506 0.685458
vt 0.490229 0.685458
vt 0.520576 0.671238
vt 0.520576 0.685458
vt 0.550219 0.614453
vt 0.563645 0.614453
vt 0.563645 0.628633
vt 0.550219 0.628633
vt 0.577152 0.628633
vt 0.490229 0.642795
vt 0.505506 0.642795
vt 0.505506 0.657005
vt 0.490229 0.657005
vt 0.520576 0.642795
vt 0.520576 0.657005
vt 0.550219 0.585968
vt 0.563645 0.585968
vt 0.563645 0.600204
vt 0.550219 0.600204
vt 0.577152 0.585968
vt 0.577152 0.600204
vt 0.490229 0.614453
vt 0.505506 0.614453
vt 0.505506 0.628633
vt 0.490229 0.628633
vt 0.520576 0.614453
vt 0.520576 0.628633
vt 0.550219 0.557759
vt 0.563645 0.557759
vt 0.563645 0.571832
vt 0.550219 0.571832
vt 0.577152 0.571832
vt 0.490229 0.585968
vt 0.505506 0.585968
vt 0.505506 0.600204
vt 0.490229 0.600204
vt 0.520576 0.585968
vt 0.520576 0.600204
vt 0.550219 0.529493
vt 0.563645 0.529494
vt 0.563645 0.543676
vt 0.550219 0.543676
vt 0.577152 0.543676
vt 0.490229 0.557759
vt 0.505506 0.557759
vt 0.505506 0.571832
vt 0.490229 0.571832
vt 0.520576 0.557759
vt 0.520576 0.571832
vt 0.550219 0.500557
vt 0.563645 0.500557
vt 0.563645 0.515129
vt 0.550219 0.515129
vt 0.577152 0.500557
vt 0.577152 0.515129
vt 0.490229 0.529493
vt 0.505506 0.529494
vt 0.505506 0.543676
vt 0.490229 0.543676
vt 0.520576 0.529493
vt 0.520576 0.543676
vt 0.550219 0.471075
vt 0.563645 0.471075
vt 0.563645 0.485807
vt 0.550219 0.485808
vt 0.577152 0.485808
vt 0.490229 0.500557
vt 0.505506 0.500557
vt 0.505506 0.515129
vt 0.490229 0.515129
vt 0.520576 0.500557
vt 0.520576 0.515129
vt 0.550219 0.442193
vt 0.563645 0.442193
vt 0.563645 0.456544
vt 0.550219 0.456544
vt 0.577152 0.456544
vt 0.490229 0.471075
vt 0.505506 0.471075
vt 0.505506 0.485807
vt 0.490229 0.485807
vt 0.520576 0.471075
vt 0.520576 0.485808
vt 0.550219 0.413820
vt 0.563645 0.413820
vt 0.563645 0.427960
vt 0.550219 0.427960
vt 0.577152 0.427960
vt 0.490229 0.442193
vt 0.505506 0.442193
vt 0.505506 0.456544
vt 0.490229 0.456544
vt 0.520576 0.442193
vt 0.520576 0.456544
vt 0.550219 0.385730
vt 0.563645 0.385730
vt 0.563645 0.399755
vt 0.550219 0.399755
vt 0.577152 0.399755
vt 0.490229 0.413820
vt 0.505506 0.413820
vt 0.505506 0.427960
vt 0.490229 0.427960
vt 0.520576 0.413820
vt 0.520576 0.427960
vt 0.550219 0.357641
vt 0.563645 0.357641
vt 0.563645 0.371705
vt 0.550219 0.371705
vt 0.577152 0.371705
vt 0.490229 0.385730
vt 0.505506 0.385730
vt 0.505506 0.399755
vt 0.490229 0.399755
vt 0.520576 0.385730
vt 0.520576 0.399755
vt 0.550219 0.329268
vt 0.563645 0.329268
vt 0.563645 0.343501
vt 0.550219 0.343501
vt 0.577152 0.329268
vt 0.577152 0.343501
vt 0.490229 0.357641
vt 0.505506 0.357641
vt 0.505506 0.371705
vt 0.490229 0.371705
vt 0.520576 0.357641
vt 0.520576 0.371705
vt 0.550219 0.300386
vt 0.563645 0.300386
vt 0.563645 0.314917
vt 0.550219 0.314917
vt 0.577152 0.314917
vt 0.490229 0.329268
vt 0.505506 0.329268
vt 0.505506 0.343501
vt 0.490229 0.343501
vt 0.520576 0.329268
vt 0.520576 0.343501
vt 0.550219 0.270904
vt 0.563645 0.270904
vt 0.563645 0.285653
vt 0.550219 0.285653
vt 0.577152 0.285653
vt 0.490229 0.300385
vt 0.505506 0.300386
vt 0.505506 0.314917
vt 0.490229 0.314917
vt 0.520576 0.300385
vt 0.520576 0.314917
vt 0.550219 0.241967
vt 0.563645 0.241967
vt 0.563645 0.256332
vt 0.550219 0.256332
vt 0.577152 0.256332
vt 0.490229 0.270904
vt 0.505506 0.270904
vt 0.505506 0.285653
vt 0.490229 0.285653
vt 0.520576 0.270904
vt 0.520576 0.285653
vt 0.550219 0.213702
vt 0.563645 0.213702
vt 0.563645 0.227784
vt 0.550219 0.227784
vt 0.577152 0.227784
vt 0.490229 0.241967
vt 0.505506 0.241967
vt 0.505506 0.256332
vt 0.490229 0.256332
vt 0.520576 0.241967
vt 0.520576 0.256332
vt 0.550219 0.185493
vt 0.563645 0.185493
vt 0.563645 0.199629
vt 0.550219 0.199629
vt 0.577152 0.185493
vt 0.577152 0.199629
vt 0.490229 0.213702
vt 0.505506 0.213702
vt 0.505506 0.227784
vt 0.490229 0.227784
vt 0.520576 0.213702
vt 0.520576 0.227784
vt 0.550219 0.157007
vt 0.563645 0.157007
vt 0.563645 0.171257
vt 0.550219 0.171257
vt 0.577152 0.171257
vt 0.490229 0.185493
vt 0.505506 0.185493
vt 0.505506 0.199629
vt 0.490229 0.199629
vt 0.520576 0.185493
vt 0.520576 0.199629
vt 0.550219 0.128666
vt 0.563645 0.128666
vt 0.563645 0.142828
vt 0.550219 0.142828
vt 0.577152 0.142828
vt 0.490229 0.157007
vt 0.505506 0.157007
vt 0.505506 0.171257
vt 0.490229 0.171257
vt 0.520576 0.157007
vt 0.520576 0.171257
vt 0.550219 0.100223
vt 0.563645 0.100223
vt 0.563645 0.114456
vt 0.550219 0.114456
vt 0.577152 0.114456
vt 0.490229 0.128666
vt 0.505506 0.128666
vt 0.505506 0.142828
vt 0.490229 0.142828
vt 0.520576 0.128666
vt 0.520576 0.142828
vt 0.550219 0.071795
vt 0.563645 0.071795
vt 0.563645 0.086003
vt 0.550219 0.086003
vt 0.577152 0.071795
vt 0.577152 0.086003
vt 0.490229 0.100223
vt 0.505506 0.100223
vt 0.505506 0.114456
vt 0.490229 0.114456
vt 0.520576 0.100223
vt 0.520576 0.114456
vt 0.563645 0.057591
vt 0.550219 0.057591
vt 0.577152 0.057591
vt 0.490229 0.071795
vt 0.505506 0.071795
vt 0.505506 0.086003
vt 0.490229 0.086003
vt 0.520576 0.071795
vt 0.520576 0.086003
vt 0.505506 0.742267
vt 0.490229 0.742267
vt 0.520576 0.742267
vt 0.520576 0.756461
vt 0.505506 0.756461
vt 0.490229 0.756461
vt 0.490229 0.043391
vt 0.505506 0.043391
vt 0.505506 0.057591
vt 0.490229 0.057591
vt 0.520576 0.043390
vt 0.520576 0.057591
vt 0.490229 0.015000
vt 0.490229 0.029194
vt 0.474503 0.029194
vt 0.474503 0.015000
vt 0.474503 0.043391
vt 0.459092 0.043391
vt 0.459092 0.029194
vt 0.459092 0.015000
vt 0.431514 0.015000
vt 0.431514 0.029194
vt 0.418914 0.029194
vt 0.418914 0.015000
vt 0.431514 0.043391
vt 0.418914 0.043391
vt 0.406458 0.029194
vt 0.406458 0.015000
vt 0.898558 0.623354
vt 0.898558 0.627802
vt 0.879993 0.627802
vt 0.879993 0.623354
vt 0.898558 0.632250
vt 0.879993 0.632250
vt 0.852993 0.632250
vt 0.852993 0.627802
vt 0.852993 0.623354
vt 0.393613 0.685458
vt 0.380028 0.685458
vt 0.898558 0.439966
vt 0.879993 0.439966
vt 0.898558 0.444409
vt 0.879993 0.444409
vt 0.852993 0.444409
vt 0.852993 0.439966
vt 0.393613 0.114456
vt 0.380028 0.114456
vt 0.898558 0.448874
vt 0.879993 0.448874
vt 0.852993 0.448874
vt 0.898558 0.466587
vt 0.879993 0.466587
vt 0.898558 0.471031
vt 0.879993 0.471031
vt 0.852993 0.471031
vt 0.852993 0.466587
vt 0.393613 0.199629
vt 0.393613 0.185493
vt 0.393613 0.213702
vt 0.380028 0.213702
vt 0.380028 0.199629
vt 0.380028 0.185493
vt 0.393613 0.171257
vt 0.380028 0.171257
vt 0.393613 0.227784
vt 0.380028 0.227784
vt 0.898558 0.493891
vt 0.879993 0.493890
vt 0.852993 0.493891
vt 0.898558 0.475533
vt 0.879993 0.475533
vt 0.852993 0.475533
vt 0.898558 0.520475
vt 0.879993 0.520475
vt 0.898558 0.524882
vt 0.879993 0.524882
vt 0.852993 0.524882
vt 0.852993 0.520475
vt 0.393613 0.371705
vt 0.380028 0.371705
vt 0.898558 0.529313
vt 0.879993 0.529313
vt 0.852993 0.529313
vt 0.898558 0.547440
vt 0.879993 0.547440
vt 0.898558 0.552061
vt 0.879993 0.552061
vt 0.852993 0.552061
vt 0.852993 0.547440
vt 0.393613 0.456544
vt 0.393613 0.442193
vt 0.393613 0.471075
vt 0.380028 0.471075
vt 0.380028 0.456544
vt 0.380028 0.442193
vt 0.393613 0.427960
vt 0.380028 0.427960
vt 0.393613 0.485807
vt 0.380028 0.485807
vt 0.898558 0.574396
vt 0.879993 0.574396
vt 0.852993 0.574396
vt 0.898558 0.556628
vt 0.879993 0.556628
vt 0.852993 0.556628
vt 0.898558 0.601085
vt 0.879993 0.601085
vt 0.898558 0.605545
vt 0.879993 0.605545
vt 0.852993 0.605545
vt 0.852993 0.601085
vt 0.393613 0.628633
vt 0.380028 0.628633
vt 0.898558 0.610001
vt 0.879993 0.610001
vt 0.898558 0.614453
vt 0.879993 0.614453
vt 0.852993 0.614453
vt 0.852993 0.610001
vt 0.898558 0.618904
vt 0.879993 0.618904
vt 0.852993 0.618904
vt 0.393613 0.029194
vt 0.393613 0.015000
vt 0.380028 0.029194
vt 0.380028 0.015000
vt 0.444790 0.015000
vt 0.444790 0.029194
vt 0.431514 0.029194
vt 0.459092 0.029194
vt 0.444790 0.043391
vt 0.431514 0.043391
vt 0.490229 0.057591
vt 0.474503 0.057591
vt 0.490229 0.071795
vt 0.474503 0.071795
vt 0.459092 0.071795
vt 0.459092 0.057591
vt 0.444790 0.057591
vt 0.431514 0.057591
vt 0.459092 0.057591
vt 0.444790 0.071795
vt 0.431514 0.071795
vt 0.490229 0.086003
vt 0.474503 0.086003
vt 0.474503 0.100223
vt 0.459092 0.100223
vt 0.459092 0.086003
vt 0.444790 0.086003
vt 0.459092 0.086003
vt 0.444790 0.100223
vt 0.431514 0.100223
vt 0.490229 0.114456
vt 0.474503 0.114456
vt 0.474503 0.128666
vt 0.459092 0.128666
vt 0.459092 0.114456
vt 0.444790 0.114456
vt 0.459092 0.114456
vt 0.444790 0.128666
vt 0.490229 0.142828
vt 0.474503 0.142828
vt 0.474503 0.157007
vt 0.459092 0.157007
vt 0.459092 0.142828
vt 0.444790 0.142828
vt 0.431514 0.142828
vt 0.459092 0.142828
vt 0.459092 0.157007
vt 0.444791 0.157007
vt 0.474503 0.171257
vt 0.474503 0.185493
vt 0.459092 0.185493
vt 0.459092 0.171257
vt 0.444790 0.171257
vt 0.431514 0.171257
vt 0.444791 0.185493
vt 0.490229 0.199629
vt 0.474503 0.199629
vt 0.490229 0.213702
vt 0.474503 0.213702
vt 0.459092 0.213702
vt 0.459092 0.199629
vt 0.444790 0.199629
vt 0.431514 0.199629
vt 0.459092 0.199629
vt 0.459092 0.213702
vt 0.444791 0.213702
vt 0.431514 0.213702
vt 0.474503 0.227784
vt 0.490229 0.241967
vt 0.474503 0.241967
vt 0.459092 0.241967
vt 0.459092 0.227784
vt 0.444790 0.227784
vt 0.431514 0.227784
vt 0.459092 0.241967
vt 0.444791 0.241967
vt 0.431514 0.241967
vt 0.474503 0.256332
vt 0.490229 0.270904
vt 0.474503 0.270904
vt 0.459092 0.270904
vt 0.459092 0.256332
vt 0.444790 0.256332
vt 0.431514 0.256332
vt 0.459092 0.270904
vt 0.444791 0.270904
vt 0.431514 0.270904
vt 0.474503 0.285653
vt 0.490229 0.300385
vt 0.474503 0.300385
vt 0.459092 0.300385
vt 0.459092 0.285653
vt 0.444790 0.285653
vt 0.431514 0.285653
vt 0.444791 0.300385
vt 0.490229 0.314917
vt 0.474503 0.314917
vt 0.490229 0.329268
vt 0.474503 0.329268
vt 0.459092 0.329268
vt 0.459092 0.314917
vt 0.444790 0.314917
vt 0.431514 0.314917
vt 0.459092 0.314917
vt 0.444791 0.329268
vt 0.474503 0.343501
vt 0.490229 0.357641
vt 0.474503 0.357641
vt 0.459092 0.357641
vt 0.459092 0.343501
vt 0.444790 0.343501
vt 0.431514 0.343501
vt 0.444791 0.357641
vt 0.490229 0.371705
vt 0.474503 0.371705
vt 0.490229 0.385730
vt 0.474503 0.385730
vt 0.459092 0.385730
vt 0.459092 0.371705
vt 0.444791 0.371705
vt 0.431514 0.371705
vt 0.459092 0.371705
vt 0.444791 0.385730
vt 0.490229 0.399755
vt 0.474503 0.399755
vt 0.490229 0.413820
vt 0.474503 0.413820
vt 0.459092 0.413820
vt 0.459092 0.399755
vt 0.444790 0.399755
vt 0.431514 0.399755
vt 0.459092 0.399755
vt 0.459092 0.413820
vt 0.444790 0.413820
vt 0.431514 0.413820
vt 0.490229 0.427960
vt 0.474503 0.427960
vt 0.490229 0.442193
vt 0.474503 0.442193
vt 0.459092 0.442193
vt 0.459092 0.427960
vt 0.444790 0.427960
vt 0.431514 0.427960
vt 0.459092 0.442193
vt 0.444790 0.442193
vt 0.431514 0.442193
vt 0.490229 0.456544
vt 0.474503 0.456544
vt 0.474503 0.471075
vt 0.459092 0.471075
vt 0.459092 0.456544
vt 0.444790 0.456544
vt 0.431514 0.456544
vt 0.459092 0.456544
vt 0.459092 0.471075
vt 0.444790 0.471075
vt 0.431514 0.471075
vt 0.490229 0.485807
vt 0.474503 0.485807
vt 0.474503 0.500557
vt 0.459092 0.500557
vt 0.459092 0.485807
vt 0.444790 0.485807
vt 0.431514 0.485807
vt 0.444790 0.500557
vt 0.490229 0.515129
vt 0.474503 0.515129
vt 0.474503 0.529493
vt 0.459092 0.529493
vt 0.459092 0.515129
vt 0.444790 0.515129
vt 0.431514 0.515129
vt 0.459092 0.515129
vt 0.444790 0.529493
vt 0.490229 0.543676
vt 0.474503 0.543676
vt 0.474503 0.557759
vt 0.459092 0.557759
vt 0.459092 0.543676
vt 0.444790 0.543676
vt 0.431514 0.543676
vt 0.444790 0.557759
vt 0.490229 0.571832
vt 0.474503 0.571832
vt 0.490229 0.585968
vt 0.474503 0.585968
vt 0.459092 0.585968
vt 0.459092 0.571832
vt 0.444790 0.571832
vt 0.431514 0.571832
vt 0.459092 0.571832
vt 0.459092 0.585968
vt 0.444790 0.585968
vt 0.431514 0.585968
vt 0.490229 0.600204
vt 0.474503 0.600204
vt 0.474503 0.614453
vt 0.459092 0.614453
vt 0.459092 0.600204
vt 0.444790 0.600204
vt 0.444790 0.614453
vt 0.490229 0.628633
vt 0.474503 0.628633
vt 0.490229 0.642795
vt 0.474503 0.642795
vt 0.459092 0.642795
vt 0.459092 0.628633
vt 0.444790 0.628633
vt 0.431514 0.628633
vt 0.459092 0.628633
vt 0.459092 0.642795
vt 0.444790 0.642795
vt 0.490229 0.657005
vt 0.474503 0.657005
vt 0.490229 0.671238
vt 0.474503 0.671238
vt 0.459092 0.671238
vt 0.459092 0.657005
vt 0.444790 0.657005
vt 0.431514 0.657005
vt 0.459092 0.657005
vt 0.459092 0.671238
vt 0.444790 0.671238
vt 0.431514 0.671238
vt 0.490229 0.685458
vt 0.474503 0.685458
vt 0.474503 0.699666
vt 0.459092 0.699666
vt 0.459092 0.685458
vt 0.444790 0.685458
vt 0.431514 0.685458
vt 0.459092 0.685458
vt 0.459092 0.699666
vt 0.444790 0.699666
vt 0.431514 0.699666
vt 0.490229 0.713870
vt 0.474503 0.713870
vt 0.474503 0.728070
vt 0.459092 0.728070
vt 0.459092 0.713870
vt 0.444790 0.713870
vt 0.431514 0.713870
vt 0.459092 0.713870
vt 0.459092 0.728070
vt 0.444790 0.728070
vt 0.431514 0.728070
vt 0.490229 0.742267
vt 0.474503 0.742267
vt 0.474503 0.756461
vt 0.459092 0.756461
vt 0.459092 0.742267
vt 0.444790 0.742267
vt 0.431514 0.742267
vt 0.459092 0.742267
vt 0.444790 0.756461
vt 0.418914 0.057591
vt 0.326772 0.015000
vt 0.338780 0.015000
vt 0.338780 0.029194
vt 0.326772 0.029194
vt 0.351596 0.015000
vt 0.351596 0.029194
vt 0.351596 0.043391
vt 0.338780 0.043391
vt 0.326772 0.043391
vt 0.365670 0.015000
vt 0.365670 0.029194
vt 0.380028 0.029194
vt 0.365670 0.043391
vt 0.338780 0.057591
vt 0.326772 0.057591
vt 0.351596 0.057591
vt 0.351596 0.071795
vt 0.338780 0.071795
vt 0.326772 0.071795
vt 0.365670 0.057591
vt 0.380028 0.057591
vt 0.365670 0.071795
vt 0.338780 0.086003
vt 0.326772 0.086003
vt 0.351596 0.086003
vt 0.351596 0.100223
vt 0.338780 0.100223
vt 0.326772 0.100223
vt 0.365670 0.086003
vt 0.380028 0.086003
vt 0.365670 0.100223
vt 0.338780 0.114456
vt 0.326772 0.114456
vt 0.351596 0.114456
vt 0.351596 0.128666
vt 0.338780 0.128666
vt 0.326772 0.128666
vt 0.365670 0.114456
vt 0.380028 0.114456
vt 0.365670 0.128666
vt 0.338780 0.142828
vt 0.326772 0.142828
vt 0.351596 0.142828
vt 0.351596 0.157007
vt 0.338780 0.157007
vt 0.326772 0.157007
vt 0.365670 0.142828
vt 0.380028 0.142828
vt 0.380028 0.157007
vt 0.365670 0.157007
vt 0.338780 0.171257
vt 0.326772 0.171257
vt 0.351596 0.171257
vt 0.351596 0.185493
vt 0.338780 0.185493
vt 0.326772 0.185493
vt 0.365670 0.171257
vt 0.380028 0.171257
vt 0.380028 0.185493
vt 0.365670 0.185493
vt 0.338780 0.199629
vt 0.326772 0.199629
vt 0.351596 0.199629
vt 0.351596 0.213702
vt 0.338780 0.213702
vt 0.326772 0.213702
vt 0.365670 0.199629
vt 0.380028 0.199629
vt 0.380028 0.213702
vt 0.365670 0.213702
vt 0.338780 0.227784
vt 0.326772 0.227784
vt 0.351596 0.227784
vt 0.351596 0.241967
vt 0.338780 0.241967
vt 0.326772 0.241967
vt 0.365670 0.227784
vt 0.380028 0.227784
vt 0.380028 0.241967
vt 0.365670 0.241967
vt 0.338780 0.256332
vt 0.326772 0.256332
vt 0.351596 0.256332
vt 0.351596 0.270904
vt 0.338780 0.270904
vt 0.326772 0.270904
vt 0.365670 0.256332
vt 0.380028 0.256332
vt 0.380028 0.270904
vt 0.365670 0.270904
vt 0.338780 0.285653
vt 0.326772 0.285653
vt 0.351596 0.285653
vt 0.351596 0.300385
vt 0.338780 0.300385
vt 0.326772 0.300385
vt 0.365670 0.285653
vt 0.380028 0.285653
vt 0.380028 0.300385
vt 0.365670 0.300385
vt 0.338780 0.314917
vt 0.326772 0.314917
vt 0.351596 0.314917
vt 0.351596 0.329268
vt 0.338780 0.329268
vt 0.326772 0.329268
vt 0.365670 0.314917
vt 0.380028 0.314917
vt 0.380028 0.329268
vt 0.365670 0.329268
vt 0.338780 0.343501
vt 0.326772 0.343501
vt 0.351596 0.343501
vt 0.351596 0.357641
vt 0.338780 0.357641
vt 0.326772 0.357641
vt 0.365670 0.343501
vt 0.380028 0.343501
vt 0.380028 0.357641
vt 0.365670 0.357641
vt 0.338780 0.371705
vt 0.326772 0.371705
vt 0.351596 0.371705
vt 0.351596 0.385730
vt 0.338780 0.385730
vt 0.326772 0.385730
vt 0.365670 0.371705
vt 0.380028 0.371705
vt 0.365670 0.385730
vt 0.338780 0.399755
vt 0.326772 0.399755
vt 0.351596 0.399755
vt 0.351596 0.413820
vt 0.338780 0.413820
vt 0.326772 0.413820
vt 0.365670 0.399755
vt 0.380028 0.399755
vt 0.380028 0.413820
vt 0.365670 0.413820
vt 0.338780 0.427960
vt 0.326772 0.427960
vt 0.351596 0.427960
vt 0.351596 0.442193
vt 0.338780 0.442193
vt 0.326772 0.442193
vt 0.365670 0.427960
vt 0.380028 0.427960
vt 0.365670 0.442193
vt 0.338780 0.456544
vt 0.326772 0.456544
vt 0.351596 0.456544
vt 0.351596 0.471075
vt 0.338780 0.471075
vt 0.326772 0.471075
vt 0.365670 0.456544
vt 0.380028 0.456544
vt 0.380028 0.471075
vt 0.365670 0.471075
vt 0.338780 0.485807
vt 0.326772 0.485807
vt 0.351596 0.485807
vt 0.351596 0.500557
vt 0.338780 0.500557
vt 0.326772 0.500557
vt 0.365670 0.485807
vt 0.380028 0.485807
vt 0.365670 0.500557
vt 0.338780 0.515129
vt 0.326772 0.515129
vt 0.351596 0.515129
vt 0.351596 0.529493
vt 0.338780 0.529493
vt 0.326772 0.529494
vt 0.365670 0.515129
vt 0.380028 0.515129
vt 0.365670 0.529493
vt 0.338780 0.543676
vt 0.326772 0.543676
vt 0.351596 0.543676
vt 0.351596 0.557759
vt 0.338780 0.557759
vt 0.326772 0.557759
vt 0.365670 0.543676
vt 0.380028 0.543676
vt 0.365670 0.557759
vt 0.338780 0.571832
vt 0.326772 0.571832
vt 0.351596 0.571832
vt 0.351596 0.585968
vt 0.338780 0.585968
vt 0.326772 0.585968
vt 0.365670 0.571832
vt 0.380028 0.571832
vt 0.380028 0.585968
vt 0.365670 0.585968
vt 0.338780 0.600204
vt 0.326772 0.600204
vt 0.351596 0.600204
vt 0.351596 0.614453
vt 0.338780 0.614453
vt 0.326772 0.614453
vt 0.365670 0.600204
vt 0.380028 0.600204
vt 0.365670 0.614453
vt 0.338780 0.628633
vt 0.326772 0.628633
vt 0.351596 0.628633
vt 0.351596 0.642795
vt 0.338780 0.642795
vt 0.326772 0.642795
vt 0.365670 0.628633
vt 0.380028 0.628633
vt 0.365670 0.642795
vt 0.338780 0.657005
vt 0.326772 0.657005
vt 0.351596 0.657005
vt 0.351596 0.671238
vt 0.338780 0.671238
vt 0.326772 0.671238
vt 0.365670 0.657005
vt 0.380028 0.657005
vt 0.380028 0.671238
vt 0.365670 0.671238
vt 0.338780 0.685458
vt 0.326772 0.685458
vt 0.351596 0.685458
vt 0.351596 0.699666
vt 0.338780 0.699666
vt 0.326772 0.699666
vt 0.365670 0.685458
vt 0.380028 0.685458
vt 0.380028 0.699666
vt 0.365670 0.699666
vt 0.338780 0.713870
vt 0.326772 0.713870
vt 0.351596 0.713870
vt 0.351596 0.728070
vt 0.338780 0.728070
vt 0.326772 0.728070
vt 0.365670 0.713870
vt 0.380028 0.713870
vt 0.365670 0.728070
vt 0.338780 0.742267
vt 0.326772 0.742267
vt 0.351596 0.742267
vt 0.351596 0.756461
vt 0.338780 0.756461
vt 0.326772 0.756461
vt 0.365670 0.742267
vt 0.380028 0.742267
vt 0.365670 0.756461
vt 0.898558 0.399910
vt 0.898558 0.404358
vt 0.879993 0.404358
vt 0.879993 0.399910
vt 0.605913 0.728070
vt 0.618236 0.728070
vt 0.618236 0.742267
vt 0.605913 0.742267
vt 0.629385 0.728070
vt 0.629385 0.742267
vt 0.629385 0.756461
vt 0.618236 0.756461
vt 0.640391 0.728070
vt 0.640391 0.742267
vt 0.651431 0.728070
vt 0.651432 0.742267
vt 0.651432 0.756461
vt 0.640391 0.756461
vt 0.605913 0.699666
vt 0.618236 0.699666
vt 0.618236 0.713870
vt 0.605913 0.713870
vt 0.629385 0.699666
vt 0.629386 0.713870
vt 0.640391 0.699666
vt 0.640391 0.713870
vt 0.651431 0.699666
vt 0.651432 0.713870
vt 0.605913 0.671238
vt 0.618236 0.671238
vt 0.618236 0.685458
vt 0.605913 0.685458
vt 0.629385 0.671238
vt 0.629386 0.685458
vt 0.640391 0.671238
vt 0.640391 0.685458
vt 0.651431 0.671238
vt 0.651432 0.685458
vt 0.605913 0.642795
vt 0.618236 0.642795
vt 0.618236 0.657005
vt 0.605913 0.657005
vt 0.629385 0.642795
vt 0.629386 0.657005
vt 0.640391 0.642795
vt 0.640391 0.657005
vt 0.651431 0.642795
vt 0.651432 0.657005
vt 0.605913 0.614453
vt 0.618236 0.614453
vt 0.618236 0.628633
vt 0.605913 0.628633
vt 0.629385 0.614453
vt 0.629386 0.628633
vt 0.640391 0.614453
vt 0.640391 0.628633
vt 0.651431 0.614453
vt 0.651432 0.628633
vt 0.605913 0.585968
vt 0.618236 0.585968
vt 0.618236 0.600204
vt 0.629385 0.585968
vt 0.629386 0.600204
vt 0.640391 0.585968
vt 0.640391 0.600204
vt 0.651431 0.585968
vt 0.651432 0.600204
vt 0.605913 0.557759
vt 0.618236 0.557759
vt 0.618236 0.571832
vt 0.605913 0.571832
vt 0.629385 0.557759
vt 0.629386 0.571832
vt 0.640391 0.557759
vt 0.640391 0.571832
vt 0.651431 0.557759
vt 0.651432 0.571832
vt 0.605913 0.529493
vt 0.618236 0.529494
vt 0.618236 0.543676
vt 0.605913 0.543676
vt 0.629385 0.529494
vt 0.629386 0.543676
vt 0.640391 0.529494
vt 0.640391 0.543676
vt 0.651431 0.529494
vt 0.651432 0.543676
vt 0.605913 0.500557
vt 0.618236 0.500557
vt 0.618236 0.515129
vt 0.605913 0.515129
vt 0.629385 0.500557
vt 0.629386 0.515129
vt 0.640391 0.500557
vt 0.640391 0.515129
vt 0.651431 0.500557
vt 0.651432 0.515129
vt 0.605913 0.471075
vt 0.618236 0.471075
vt 0.618236 0.485807
vt 0.605913 0.485808
vt 0.629385 0.471075
vt 0.629386 0.485808
vt 0.640391 0.471075
vt 0.640391 0.485807
vt 0.651431 0.471075
vt 0.651432 0.485807
vt 0.605913 0.442193
vt 0.618236 0.442193
vt 0.618236 0.456544
vt 0.605913 0.456544
vt 0.629385 0.442193
vt 0.629386 0.456544
vt 0.640391 0.442193
vt 0.640391 0.456544
vt 0.651431 0.442193
vt 0.651432 0.456544
vt 0.605913 0.413820
vt 0.618236 0.413820
vt 0.618236 0.427960
vt 0.629385 0.413820
vt 0.629386 0.427960
vt 0.640391 0.413820
vt 0.640391 0.427960
vt 0.651431 0.413820
vt 0.651432 0.427960
vt 0.605913 0.385730
vt 0.618236 0.385730
vt 0.618236 0.399755
vt 0.605913 0.399755
vt 0.629385 0.385730
vt 0.629386 0.399755
vt 0.640391 0.385730
vt 0.640391 0.399755
vt 0.651431 0.385730
vt 0.651432 0.399755
vt 0.605913 0.357641
vt 0.618236 0.357641
vt 0.618236 0.371705
vt 0.629385 0.357641
vt 0.629386 0.371705
vt 0.640391 0.357641
vt 0.640391 0.371705
vt 0.651431 0.357641
vt 0.651432 0.371705
vt 0.605913 0.329268
vt 0.618236 0.329268
vt 0.618236 0.343501
vt 0.629385 0.329268
vt 0.629386 0.343501
vt 0.640391 0.329268
vt 0.640391 0.343501
vt 0.651431 0.329268
vt 0.651432 0.343501
vt 0.605913 0.300385
vt 0.618236 0.300385
vt 0.618236 0.314917
vt 0.605913 0.314917
vt 0.629385 0.300385
vt 0.629386 0.314917
vt 0.640391 0.300385
vt 0.640391 0.314917
vt 0.651431 0.300385
vt 0.651432 0.314917
vt 0.605913 0.270904
vt 0.618236 0.270904
vt 0.618236 0.285653
vt 0.629385 0.270904
vt 0.629386 0.285653
vt 0.640391 0.270904
vt 0.640391 0.285653
vt 0.651431 0.270904
vt 0.651432 0.285653
vt 0.618236 0.241967
vt 0.618236 0.256332
vt 0.605913 0.256332
vt 0.629385 0.241967
vt 0.629385 0.256332
vt 0.640391 0.241967
vt 0.640391 0.256332
vt 0.651431 0.241967
vt 0.651432 0.256332
vt 0.618236 0.213702
vt 0.618236 0.227784
vt 0.605913 0.227784
vt 0.629385 0.213702
vt 0.629385 0.227784
vt 0.640391 0.213702
vt 0.640391 0.227784
vt 0.651431 0.213702
vt 0.651432 0.227784
vt 0.605913 0.185493
vt 0.618236 0.185493
vt 0.618236 0.199629
vt 0.605913 0.199629
vt 0.629385 0.185493
vt 0.629385 0.199629
vt 0.640391 0.185493
vt 0.640391 0.199629
vt 0.651431 0.185493
vt 0.651432 0.199629
vt 0.605913 0.157007
vt 0.618236 0.157007
vt 0.618236 0.171257
vt 0.605913 0.171257
vt 0.629385 0.157007
vt 0.629385 0.171257
vt 0.640391 0.157007
vt 0.640391 0.171257
vt 0.651431 0.157007
vt 0.651432 0.171257
vt 0.605913 0.128666
vt 0.618236 0.128666
vt 0.618236 0.142828
vt 0.629385 0.128666
vt 0.629386 0.142828
vt 0.640391 0.128666
vt 0.640391 0.142828
vt 0.651431 0.128666
vt 0.651432 0.142828
vt 0.605913 0.100223
vt 0.618236 0.100223
vt 0.618236 0.114456
vt 0.605913 0.114456
vt 0.629385 0.100223
vt 0.629386 0.114456
vt 0.640391 0.100223
vt 0.640391 0.114456
vt 0.651431 0.100223
vt 0.651432 0.114456
vt 0.605913 0.071795
vt 0.618236 0.071795
vt 0.618236 0.086003
vt 0.629385 0.071795
vt 0.629386 0.086003
vt 0.640391 0.071795
vt 0.640391 0.086003
vt 0.651431 0.071795
vt 0.651432 0.086003
vt 0.605913 0.043390
vt 0.618236 0.043390
vt 0.618236 0.057591
vt 0.605913 0.057591
vt 0.629385 0.043390
vt 0.629386 0.057591
vt 0.640391 0.043390
vt 0.640391 0.057591
vt 0.651431 0.043390
vt 0.651432 0.057591
vt 0.618236 0.015000
vt 0.618236 0.029194
vt 0.629385 0.015000
vt 0.629386 0.029194
vt 0.640391 0.015000
vt 0.640391 0.029194
vt 0.651432 0.015000
vt 0.651432 0.029194
vt 0.829925 0.882420
vt 0.826566 0.875932
vt 0.836378 0.870064
vt 0.840499 0.876101
vt 0.822565 0.868208
vt 0.831470 0.862879
vt 0.839669 0.856511
vt 0.845413 0.863049
vt 0.850237 0.868542
vt 0.535702 0.756461
vt 0.535702 0.742267
vt 0.550219 0.742267
vt 0.520576 0.742267
vt 0.520576 0.728070
vt 0.535702 0.728070
vt 0.535702 0.713870
vt 0.550219 0.713870
vt 0.520576 0.713870
vt 0.520576 0.699666
vt 0.535702 0.699666
vt 0.535702 0.685458
vt 0.550219 0.685458
vt 0.520576 0.685458
vt 0.520576 0.671238
vt 0.535702 0.671238
vt 0.550219 0.671238
vt 0.535702 0.657005
vt 0.520576 0.642795
vt 0.535702 0.642795
vt 0.535702 0.628633
vt 0.550219 0.628633
vt 0.520576 0.628633
vt 0.520576 0.614453
vt 0.535702 0.614453
vt 0.550219 0.614453
vt 0.535702 0.600204
vt 0.550219 0.600204
vt 0.520576 0.600204
vt 0.520576 0.585968
vt 0.535702 0.585968
vt 0.535702 0.571832
vt 0.550219 0.571832
vt 0.520576 0.571832
vt 0.520576 0.557759
vt 0.535702 0.557759
vt 0.535702 0.543676
vt 0.520576 0.543676
vt 0.520576 0.529493
vt 0.535702 0.529494
vt 0.535702 0.515129
vt 0.520576 0.515129
vt 0.520576 0.500557
vt 0.535702 0.500557
vt 0.550219 0.500557
vt 0.535702 0.485807
vt 0.550219 0.485807
vt 0.520576 0.485807
vt 0.520576 0.471075
vt 0.535702 0.471075
vt 0.550219 0.471075
vt 0.535702 0.456544
vt 0.550219 0.456544
vt 0.520576 0.456544
vt 0.520576 0.442193
vt 0.535702 0.442193
vt 0.535702 0.427960
vt 0.550219 0.427960
vt 0.520576 0.427960
vt 0.520576 0.413820
vt 0.535702 0.413820
vt 0.550219 0.413820
vt 0.535702 0.399755
vt 0.550219 0.399755
vt 0.520576 0.399755
vt 0.520576 0.385730
vt 0.535702 0.385730
vt 0.550219 0.385730
vt 0.535702 0.371705
vt 0.550219 0.371705
vt 0.520576 0.371705
vt 0.520576 0.357641
vt 0.535702 0.357641
vt 0.550219 0.357641
vt 0.535702 0.343501
vt 0.520576 0.329268
vt 0.535702 0.329268
vt 0.550219 0.329268
vt 0.535702 0.314917
vt 0.550219 0.314917
vt 0.520576 0.314917
vt 0.520576 0.300386
vt 0.535702 0.300386
vt 0.535702 0.285653
vt 0.550219 0.285653
vt 0.520576 0.285653
vt 0.520576 0.270904
vt 0.535702 0.270904
vt 0.550219 0.270904
vt 0.535702 0.256332
vt 0.550219 0.256332
vt 0.520576 0.256332
vt 0.520576 0.241967
vt 0.535702 0.241967
vt 0.550219 0.241967
vt 0.535702 0.227784
vt 0.550219 0.227784
vt 0.520576 0.227784
vt 0.520576 0.213702
vt 0.535702 0.213702
vt 0.550219 0.213702
vt 0.535702 0.199629
vt 0.550219 0.199629
vt 0.520576 0.199629
vt 0.520576 0.185493
vt 0.535702 0.185493
vt 0.550219 0.185493
vt 0.535702 0.171257
vt 0.550219 0.171257
vt 0.520576 0.171257
vt 0.520576 0.157007
vt 0.535702 0.157007
vt 0.550219 0.157007
vt 0.535702 0.142828
vt 0.550219 0.142828
vt 0.520576 0.142828
vt 0.520576 0.128666
vt 0.535702 0.128666
vt 0.535702 0.114456
vt 0.520576 0.114456
vt 0.520576 0.100223
vt 0.535702 0.100223
vt 0.550219 0.100223
vt 0.535702 0.086003
vt 0.520576 0.086003
vt 0.520576 0.071795
vt 0.535702 0.071795
vt 0.535702 0.057591
vt 0.520576 0.057591
vt 0.520576 0.043390
vt 0.535702 0.043390
vt 0.550219 0.043390
vt 0.535702 0.029194
vt 0.550219 0.029194
vt 0.520576 0.029194
vt 0.520576 0.015000
vt 0.535702 0.015000
vt 0.505506 0.015000
vt 0.505506 0.029194
vt 0.490229 0.029194
vt 0.520576 0.029194
vt 0.812940 0.413257
vt 0.812940 0.417707
vt 0.812940 0.422160
vt 0.812940 0.426615
vt 0.812940 0.431075
vt 0.812940 0.435528
vt 0.812940 0.439966
vt 0.812940 0.444409
vt 0.812940 0.448874
vt 0.812940 0.453335
vt 0.812940 0.457765
vt 0.812940 0.462174
vt 0.812940 0.466587
vt 0.812940 0.471031
vt 0.812940 0.475533
vt 0.812940 0.480099
vt 0.812940 0.484721
vt 0.812940 0.489337
vt 0.812940 0.493890
vt 0.812940 0.498387
vt 0.812940 0.502848
vt 0.812940 0.507278
vt 0.812940 0.511685
vt 0.812940 0.516080
vt 0.812940 0.520475
vt 0.812940 0.524882
vt 0.812940 0.529313
vt 0.812940 0.533773
vt 0.812940 0.538270
vt 0.812940 0.542823
vt 0.812940 0.547440
vt 0.812940 0.552061
vt 0.812940 0.556628
vt 0.812940 0.561129
vt 0.812940 0.565573
vt 0.812940 0.569986
vt 0.812940 0.574396
vt 0.812940 0.578825
vt 0.812940 0.583286
vt 0.812940 0.587751
vt 0.812940 0.592195
vt 0.812940 0.596632
vt 0.812940 0.601085
vt 0.812940 0.605545
vt 0.812940 0.610001
vt 0.812940 0.614453
vt 0.812940 0.618904
vt 0.812940 0.623354
vt 0.812940 0.627802
vt 0.812940 0.632250
vt 0.711273 0.872368
vt 0.721482 0.880434
vt 0.718464 0.884768
vt 0.715227 0.867945
vt 0.724873 0.875567
vt 0.735370 0.881969
vt 0.732593 0.887207
vt 0.730119 0.891877
vt 0.744438 0.892590
vt 0.742547 0.897519
vt 0.746562 0.887057
vt 0.758277 0.890762
vt 0.756835 0.896508
vt 0.755554 0.901620
vt 0.769600 0.898903
vt 0.770340 0.893027
vt 0.782582 0.893826
vt 0.782553 0.899749
vt 0.782526 0.905006
vt 0.795514 0.899031
vt 0.796115 0.904260
vt 0.794833 0.893145
vt 0.806922 0.890997
vt 0.808305 0.896763
vt 0.809528 0.901891
vt 0.820745 0.892968
vt 0.822578 0.897919
vt 0.818676 0.887406
vt 0.832654 0.887695
vt 0.835077 0.892396
vt 0.843850 0.881010
vt 0.846835 0.885388
vt 0.854161 0.873010
vt 0.857662 0.876996
vt 0.863421 0.863810
vt 0.867379 0.867338
vt 0.858984 0.859851
vt 0.866610 0.850169
vt 0.871490 0.853558
vt 0.875842 0.856572
vt 0.878245 0.842413
vt 0.882922 0.844871
vt 0.872996 0.839643
vt 0.878061 0.828436
vt 0.883601 0.830548
vt 0.887488 0.818140
vt 0.892604 0.819402
vt 0.881737 0.816713
vt 0.883980 0.804642
vt 0.889859 0.805369
vt 0.895085 0.806008
vt 0.890680 0.792414
vt 0.884758 0.792398
vt 0.884062 0.780151
vt 0.889944 0.779457
vt 0.895165 0.778843
vt 0.887654 0.766677
vt 0.892771 0.765440
vt 0.881896 0.768073
vt 0.878289 0.756333
vt 0.883841 0.754252
vt 0.878548 0.742361
vt 0.883240 0.739923
vt 0.873283 0.745098
vt 0.866953 0.734541
vt 0.871850 0.731187
vt 0.876218 0.728193
vt 0.863841 0.720906
vt 0.867811 0.717405
vt 0.859387 0.724829
vt 0.850707 0.716102
vt 0.854650 0.711669
vt 0.844420 0.703616
vt 0.847421 0.699271
vt 0.841043 0.708492
vt 0.830540 0.702108
vt 0.833304 0.696863
vt 0.835756 0.692194
vt 0.821462 0.691514
vt 0.823335 0.686592
vt 0.819349 0.697048
vt 0.807640 0.693371
vt 0.809074 0.687629
vt 0.810344 0.682526
vt 0.796322 0.685255
vt 0.796975 0.680042
vt 0.795585 0.691125
vt 0.783354 0.690342
vt 0.783385 0.684425
vt 0.783413 0.679174
vt 0.770439 0.685161
vt 0.769843 0.679940
vt 0.771117 0.691039
vt 0.759043 0.693200
vt 0.757665 0.687444
vt 0.756447 0.682325
vt 0.745242 0.691242
vt 0.743413 0.686299
vt 0.747306 0.696795
vt 0.736074 0.701777
vt 0.733349 0.696509
vt 0.722165 0.703186
vt 0.719184 0.698813
vt 0.725513 0.708090
vt 0.715785 0.715642
vt 0.711864 0.711178
vt 0.708367 0.707195
vt 0.702612 0.720370
vt 0.698656 0.716844
vt 0.707044 0.724325
vt 0.699424 0.734002
vt 0.694547 0.730614
vt 0.687796 0.741751
vt 0.693042 0.744521
vt 0.687984 0.755722
vt 0.682449 0.753608
vt 0.677523 0.751734
vt 0.678581 0.766007
vt 0.673473 0.764741
vt 0.684323 0.767438
vt 0.682093 0.779496
vt 0.676226 0.778766
vt 0.675410 0.791702
vt 0.670161 0.791686
vt 0.681320 0.791723
vt 0.682013 0.803948
vt 0.676142 0.804637
vt 0.670931 0.805248
vt 0.678422 0.817395
vt 0.673315 0.818627
vt 0.684170 0.816005
vt 0.687763 0.827727
vt 0.682220 0.829799
vt 0.677287 0.831639
vt 0.687490 0.841673
vt 0.682806 0.844099
vt 0.692748 0.838947
vt 0.699049 0.849496
vt 0.694155 0.852838
vt 0.702121 0.863121
vt 0.698150 0.866603
vt 0.706579 0.859210
vt 0.718464 0.884768
vt 0.715410 0.889159
vt 0.712291 0.893647
vt 0.876819 0.781003
vt 0.874806 0.769789
vt 0.868191 0.782018
vt 0.866361 0.771831
vt 0.863316 0.761933
vt 0.871455 0.758889
vt 0.805880 0.700441
vt 0.794685 0.698355
vt 0.803784 0.708864
vt 0.793615 0.706970
vt 0.783295 0.706310
vt 0.783325 0.697629
vt 0.705422 0.738164
vt 0.699496 0.747925
vt 0.712564 0.743119
vt 0.707182 0.751978
vt 0.702911 0.761415
vt 0.694797 0.758321
vt 0.782616 0.886532
vt 0.793992 0.885899
vt 0.782655 0.877845
vt 0.792988 0.877269
vt 0.803182 0.875454
vt 0.805216 0.883903
vt 0.871243 0.825836
vt 0.874660 0.814953
vt 0.863125 0.822737
vt 0.866231 0.812855
vt 0.868127 0.802677
vt 0.876745 0.803746
vt 0.845856 0.721551
vt 0.836888 0.714487
vt 0.840079 0.728037
vt 0.831939 0.721624
vt 0.823089 0.716241
vt 0.827140 0.708559
vt 0.739430 0.708256
vt 0.729631 0.714120
vt 0.743429 0.715970
vt 0.734535 0.721296
vt 0.726344 0.727661
vt 0.720605 0.721129
vt 0.689243 0.803100
vt 0.691249 0.814297
vt 0.697858 0.802088
vt 0.699682 0.812261
vt 0.702715 0.822147
vt 0.694586 0.825181
vt 0.738783 0.875525
vt 0.749171 0.880250
vt 0.742848 0.867851
vt 0.752279 0.872141
vt 0.762155 0.875265
vt 0.760047 0.883690
vt 0.853530 0.854986
vt 0.847036 0.849194
vt 0.853462 0.841042
vt 0.860608 0.846003
vt 0.866808 0.748461
vt 0.859095 0.752466
vt 0.853761 0.743573
vt 0.860932 0.738664
vt 0.771960 0.698276
vt 0.772970 0.706897
vt 0.762788 0.708721
vt 0.760749 0.700284
vt 0.691391 0.769196
vt 0.699812 0.771290
vt 0.697922 0.781458
vt 0.689316 0.780392
vt 0.816127 0.880565
vt 0.813089 0.872419
vt 0.877467 0.792376
vt 0.868782 0.792349
vt 0.816752 0.703857
vt 0.813657 0.711969
vt 0.712495 0.729187
vt 0.718984 0.734973
vt 0.699216 0.835596
vt 0.706921 0.831604
vt 0.712237 0.840492
vt 0.705068 0.845387
vt 0.771248 0.885792
vt 0.772328 0.877174
vt 0.866538 0.836237
vt 0.858848 0.832179
vt 0.853911 0.729650
vt 0.847389 0.735390
vt 0.749854 0.703625
vt 0.752893 0.711760
vt 0.688598 0.791745
vt 0.697270 0.791772
vt 0.712060 0.854401
vt 0.718586 0.848674
vt 0.725876 0.856032
vt 0.720088 0.862507
vt 0.729041 0.869581
vt 0.734004 0.862454
vt 0.748256 0.725267
vt 0.740408 0.729881
vt 0.734535 0.721296
vt 0.755092 0.738420
vt 0.748478 0.741669
vt 0.863316 0.761933
vt 0.853502 0.765608
vt 0.849864 0.757264
vt 0.859095 0.752466
vt 0.839618 0.770814
vt 0.837186 0.763859
vt 0.832880 0.757878
vt 0.845114 0.749496
vt 0.853761 0.743573
vt 0.868191 0.782018
vt 0.857786 0.783243
vt 0.856252 0.774279
vt 0.866361 0.771831
vt 0.843061 0.784977
vt 0.842367 0.777647
vt 0.782655 0.877845
vt 0.782700 0.867370
vt 0.791782 0.866939
vt 0.792988 0.877269
vt 0.782761 0.852545
vt 0.790121 0.852747
vt 0.797238 0.850850
vt 0.800723 0.865265
vt 0.803182 0.875454
vt 0.764699 0.865104
vt 0.773622 0.866858
vt 0.772328 0.877174
vt 0.768302 0.850724
vt 0.775400 0.852684
vt 0.712237 0.840492
vt 0.720882 0.834583
vt 0.726399 0.841815
vt 0.718586 0.848674
vt 0.733115 0.826214
vt 0.737128 0.832388
vt 0.742730 0.837167
vt 0.732855 0.848222
vt 0.725876 0.856032
vt 0.702715 0.822147
vt 0.712519 0.818482
vt 0.716146 0.826819
vt 0.706921 0.831604
vt 0.726395 0.813286
vt 0.728818 0.820236
vt 0.762787 0.708721
vt 0.765250 0.718899
vt 0.756536 0.721497
vt 0.752893 0.711760
vt 0.768741 0.733305
vt 0.761547 0.734873
vt 0.783294 0.706310
vt 0.783258 0.716780
vt 0.774182 0.717220
vt 0.772970 0.706897
vt 0.783206 0.731599
vt 0.775851 0.731403
vt 0.868127 0.802677
vt 0.857732 0.801384
vt 0.858383 0.792315
vt 0.868782 0.792349
vt 0.843018 0.799550
vt 0.844096 0.792267
vt 0.863125 0.822737
vt 0.853337 0.818995
vt 0.856141 0.810339
vt 0.866231 0.812855
vt 0.839487 0.813695
vt 0.842279 0.806878
vt 0.742848 0.867851
vt 0.747753 0.858594
vt 0.756003 0.862433
vt 0.752279 0.872141
vt 0.754694 0.845494
vt 0.761120 0.849095
vt 0.697858 0.802088
vt 0.708250 0.800868
vt 0.709778 0.809820
vt 0.699682 0.812261
vt 0.722962 0.799137
vt 0.723653 0.806460
vt 0.697923 0.781458
vt 0.708306 0.782748
vt 0.707655 0.791807
vt 0.697270 0.791772
vt 0.723008 0.784579
vt 0.721930 0.791855
vt 0.803784 0.708863
vt 0.801250 0.719024
vt 0.792330 0.717283
vt 0.793615 0.706969
vt 0.797658 0.733405
vt 0.790562 0.731454
vt 0.823089 0.716241
vt 0.818198 0.725504
vt 0.809946 0.721680
vt 0.813657 0.711969
vt 0.811270 0.738610
vt 0.804840 0.735021
vt 0.853462 0.841042
vt 0.844846 0.835059
vt 0.849646 0.827317
vt 0.858848 0.832179
vt 0.832663 0.826591
vt 0.837010 0.820636
vt 0.832743 0.848631
vt 0.839264 0.842262
vt 0.847036 0.849194
vt 0.822946 0.837489
vt 0.828594 0.832743
vt 0.739946 0.853921
vt 0.734004 0.862454
vt 0.748108 0.842198
vt 0.702911 0.761415
vt 0.712692 0.765151
vt 0.709893 0.773801
vt 0.699812 0.771290
vt 0.726534 0.770446
vt 0.723746 0.777258
vt 0.716378 0.756834
vt 0.707182 0.751978
vt 0.729008 0.763509
vt 0.833110 0.735859
vt 0.826010 0.730166
vt 0.831939 0.721624
vt 0.823245 0.746926
vt 0.817860 0.741899
vt 0.839581 0.742263
vt 0.847389 0.735390
vt 0.828855 0.751703
vt 0.822565 0.868208
vt 0.817737 0.858901
vt 0.825594 0.854285
vt 0.831470 0.862879
vt 0.810901 0.845737
vt 0.817521 0.842488
vt 0.809447 0.862671
vt 0.813089 0.872419
vt 0.804439 0.849284
vt 0.688750 0.627802
vt 0.688751 0.623354
vt 0.688751 0.632250
vt 0.667995 0.632250
vt 0.667995 0.627802
vt 0.667995 0.623354
vt 0.688750 0.618904
vt 0.688751 0.614453
vt 0.667995 0.618904
vt 0.667995 0.614453
vt 0.688750 0.610001
vt 0.688751 0.605545
vt 0.667995 0.610001
vt 0.667995 0.605545
vt 0.688750 0.601085
vt 0.688751 0.596632
vt 0.667995 0.601085
vt 0.667995 0.596632
vt 0.688750 0.592195
vt 0.688751 0.587751
vt 0.667995 0.592195
vt 0.667995 0.587751
vt 0.688750 0.583286
vt 0.688751 0.578825
vt 0.667995 0.583286
vt 0.667995 0.578825
vt 0.688750 0.574396
vt 0.688751 0.569986
vt 0.667995 0.574396
vt 0.667995 0.569986
vt 0.688750 0.565573
vt 0.688751 0.561129
vt 0.667995 0.565573
vt 0.667995 0.561129
vt 0.688750 0.556628
vt 0.688751 0.552061
vt 0.667995 0.556628
vt 0.667995 0.552061
vt 0.688750 0.547440
vt 0.688751 0.542823
vt 0.667995 0.547440
vt 0.667995 0.542823
vt 0.688750 0.538270
vt 0.688751 0.533773
vt 0.667995 0.538270
vt 0.667995 0.533773
vt 0.688750 0.529313
vt 0.688751 0.524882
vt 0.667995 0.529313
vt 0.667995 0.524882
vt 0.688750 0.520475
vt 0.688751 0.516080
vt 0.667995 0.520475
vt 0.667995 0.516080
vt 0.688750 0.511685
vt 0.688751 0.507278
vt 0.667995 0.511685
vt 0.667995 0.507278
vt 0.688750 0.502848
vt 0.688751 0.498388
vt 0.667995 0.502848
vt 0.667995 0.498388
vt 0.688750 0.493890
vt 0.688751 0.489337
vt 0.667995 0.493891
vt 0.667995 0.489337
vt 0.688750 0.484721
vt 0.688751 0.480099
vt 0.667995 0.484721
vt 0.667995 0.480099
vt 0.688750 0.475533
vt 0.688751 0.471031
vt 0.667995 0.475533
vt 0.667995 0.471031
vt 0.688750 0.466587
vt 0.688751 0.462174
vt 0.667995 0.466587
vt 0.667995 0.462174
vt 0.688750 0.457765
vt 0.688751 0.453335
vt 0.667995 0.457765
vt 0.667995 0.453335
vt 0.688750 0.448874
vt 0.688751 0.444409
vt 0.667995 0.448874
vt 0.667995 0.444409
vt 0.688750 0.439966
vt 0.688751 0.435528
vt 0.667995 0.439966
vt 0.667995 0.435528
vt 0.688750 0.431075
vt 0.688751 0.426615
vt 0.667995 0.431075
vt 0.667995 0.426615
vt 0.688750 0.422159
vt 0.688751 0.417707
vt 0.667995 0.422159
vt 0.667995 0.417707
vt 0.688750 0.413257
vt 0.688751 0.408807
vt 0.667995 0.413257
vt 0.667995 0.408807
vt 0.688750 0.404358
vt 0.688751 0.399910
vt 0.667995 0.404358
vt 0.667995 0.399910
vt 0.921874 0.415650
vt 0.921874 0.408721
vt 0.925875 0.408721
vt 0.925875 0.415650
vt 0.925875 0.401793
vt 0.929913 0.408721
vt 0.929913 0.415650
vt 0.921874 0.429514
vt 0.921874 0.422581
vt 0.925875 0.422581
vt 0.925875 0.429514
vt 0.929913 0.429514
vt 0.921874 0.443389
vt 0.925875 0.436448
vt 0.925875 0.443389
vt 0.929913 0.436448
vt 0.921874 0.457271
vt 0.925875 0.450336
vt 0.925875 0.457271
vt 0.929913 0.450336
vt 0.929913 0.457271
vt 0.921874 0.471104
vt 0.921874 0.464183
vt 0.925875 0.464183
vt 0.925875 0.471104
vt 0.929913 0.464183
vt 0.921874 0.485007
vt 0.921874 0.478059
vt 0.925875 0.478059
vt 0.925875 0.485007
vt 0.929913 0.478059
vt 0.929913 0.485007
vt 0.921874 0.498775
vt 0.921874 0.491906
vt 0.925875 0.491906
vt 0.925875 0.498775
vt 0.929913 0.491906
vt 0.929913 0.498775
vt 0.921874 0.512571
vt 0.925875 0.505648
vt 0.925875 0.512571
vt 0.929913 0.505648
vt 0.929913 0.512571
vt 0.921874 0.526694
vt 0.925875 0.519582
vt 0.925875 0.526694
vt 0.929913 0.526694
vt 0.921874 0.541083
vt 0.925875 0.533893
vt 0.925875 0.541083
vt 0.921874 0.555180
vt 0.925875 0.548175
vt 0.925875 0.555180
vt 0.929913 0.548175
vt 0.921874 0.569028
vt 0.925875 0.562127
vt 0.925875 0.569028
vt 0.929913 0.569028
vt 0.921874 0.582738
vt 0.921874 0.575893
vt 0.925875 0.575893
vt 0.925875 0.582738
vt 0.929913 0.575893
vt 0.921874 0.596447
vt 0.925875 0.589583
vt 0.925875 0.596447
vt 0.929913 0.596447
vt 0.921874 0.610296
vt 0.921874 0.603349
vt 0.925875 0.603349
vt 0.925875 0.610296
vt 0.921874 0.624392
vt 0.921874 0.617300
vt 0.925875 0.617300
vt 0.925875 0.624392
vt 0.929913 0.617300
vt 0.921874 0.631583
vt 0.925876 0.631583
vt 0.925875 0.638782
vt 0.929913 0.638782
vt 0.925876 0.645894
vt 0.925875 0.652905
vt 0.921874 0.666701
vt 0.921874 0.659827
vt 0.925876 0.659827
vt 0.925875 0.666701
vt 0.929913 0.659827
vt 0.921874 0.680469
vt 0.925876 0.673569
vt 0.925875 0.680469
vt 0.929913 0.673569
vt 0.925876 0.687417
vt 0.925875 0.694372
vt 0.921874 0.708205
vt 0.925876 0.701292
vt 0.925875 0.708205
vt 0.929913 0.708205
vt 0.925876 0.715140
vt 0.925875 0.722087
vt 0.929913 0.722087
vt 0.925876 0.729027
vt 0.925875 0.735962
vt 0.929913 0.735962
vt 0.921874 0.749825
vt 0.921874 0.742894
vt 0.925876 0.742894
vt 0.925875 0.749825
vt 0.929913 0.742894
vt 0.921874 0.756754
vt 0.925875 0.756754
vt 0.925875 0.763682
vt 0.929913 0.756754
vt 0.978682 0.037009
vt 0.984947 0.037009
vt 0.978682 0.015000
vt 0.984947 0.015000
vt 0.991212 0.015000
vt 0.991212 0.037009
vt 0.966145 0.037009
vt 0.972414 0.037009
vt 0.966145 0.015000
vt 0.972414 0.015000
vt 0.953598 0.037009
vt 0.959874 0.037009
vt 0.953598 0.015000
vt 0.959874 0.015000
vt 0.941045 0.037009
vt 0.947316 0.037009
vt 0.941045 0.015000
vt 0.947316 0.015000
vt 0.928536 0.037009
vt 0.934794 0.037009
vt 0.928536 0.015000
vt 0.934794 0.015000
vt 0.915964 0.037009
vt 0.922247 0.037009
vt 0.915964 0.015000
vt 0.922247 0.015000
vt 0.903513 0.037009
vt 0.909724 0.037009
vt 0.903513 0.015000
vt 0.909724 0.015000
vt 0.891038 0.037009
vt 0.897298 0.037009
vt 0.891038 0.015000
vt 0.897298 0.015000
vt 0.878267 0.037009
vt 0.884698 0.037009
vt 0.878267 0.015000
vt 0.884698 0.015000
vt 0.865255 0.037009
vt 0.871757 0.037009
vt 0.865255 0.015000
vt 0.871757 0.015000
vt 0.852507 0.037009
vt 0.858841 0.037009
vt 0.852507 0.015000
vt 0.858841 0.015000
vt 0.839985 0.037009
vt 0.846225 0.037009
vt 0.839985 0.015000
vt 0.846225 0.015000
vt 0.827587 0.037009
vt 0.833777 0.037009
vt 0.827587 0.015000
vt 0.833777 0.015000
vt 0.815190 0.037009
vt 0.821397 0.037009
vt 0.815190 0.015000
vt 0.821397 0.015000
vt 0.802667 0.037009
vt 0.808949 0.037009
vt 0.802667 0.015000
vt 0.808949 0.015000
vt 0.789920 0.037009
vt 0.796333 0.037009
vt 0.789920 0.015000
vt 0.796333 0.015000
vt 0.776908 0.037009
vt 0.783418 0.037009
vt 0.776908 0.015000
vt 0.783418 0.015000
vt 0.764136 0.037009
vt 0.770476 0.037009
vt 0.764136 0.015000
vt 0.770476 0.015000
vt 0.751661 0.037009
vt 0.757877 0.037009
vt 0.751661 0.015000
vt 0.757877 0.015000
vt 0.739211 0.037009
vt 0.745450 0.037009
vt 0.739211 0.015000
vt 0.745450 0.015000
vt 0.726639 0.037009
vt 0.732928 0.037009
vt 0.726639 0.015000
vt 0.732928 0.015000
vt 0.714130 0.037009
vt 0.720380 0.037009
vt 0.714130 0.015000
vt 0.720380 0.015000
vt 0.701576 0.037009
vt 0.707858 0.037009
vt 0.701576 0.015000
vt 0.707858 0.015000
vt 0.689030 0.037009
vt 0.695300 0.037009
vt 0.689030 0.015000
vt 0.695300 0.015000
vt 0.676493 0.037009
vt 0.682761 0.037009
vt 0.676493 0.015000
vt 0.682761 0.015000
vt 0.663962 0.037009
vt 0.670227 0.037009
vt 0.663963 0.015000
vt 0.670227 0.015000
vt 0.977350 0.749825
vt 0.977350 0.756754
vt 0.956989 0.756754
vt 0.956989 0.749825
vt 0.977350 0.763682
vt 0.956989 0.763682
vt 0.977350 0.735961
vt 0.977350 0.742894
vt 0.956989 0.742894
vt 0.956989 0.735962
vt 0.977350 0.722087
vt 0.977350 0.729027
vt 0.956989 0.729027
vt 0.956989 0.722087
vt 0.977350 0.708205
vt 0.977350 0.715140
vt 0.956989 0.715140
vt 0.956989 0.708205
vt 0.977350 0.694372
vt 0.977350 0.701292
vt 0.956989 0.701292
vt 0.956989 0.694372
vt 0.977350 0.680469
vt 0.977350 0.687417
vt 0.956989 0.687417
vt 0.956989 0.680469
vt 0.977350 0.666701
vt 0.977350 0.673569
vt 0.956989 0.673569
vt 0.956989 0.666701
vt 0.977350 0.652905
vt 0.977350 0.659827
vt 0.956989 0.659827
vt 0.956989 0.652905
vt 0.977350 0.638782
vt 0.977350 0.645894
vt 0.956989 0.645894
vt 0.956989 0.638782
vt 0.977350 0.624392
vt 0.977350 0.631583
vt 0.956989 0.631583
vt 0.956989 0.624392
vt 0.977350 0.610296
vt 0.977350 0.617300
vt 0.956989 0.617300
vt 0.956989 0.610296
vt 0.977350 0.596448
vt 0.977350 0.603349
vt 0.956989 0.603349
vt 0.956989 0.596448
vt 0.977350 0.582738
vt 0.977350 0.589583
vt 0.956989 0.589583
vt 0.956989 0.582738
vt 0.977350 0.569028
vt 0.977350 0.575893
vt 0.956989 0.575893
vt 0.956989 0.569028
vt 0.977350 0.555180
vt 0.977350 0.562127
vt 0.956989 0.562127
vt 0.956989 0.555180
vt 0.977350 0.541083
vt 0.977350 0.548175
vt 0.956989 0.548175
vt 0.956989 0.541083
vt 0.977350 0.526694
vt 0.977350 0.533893
vt 0.956989 0.533893
vt 0.956989 0.526694
vt 0.977350 0.512571
vt 0.977350 0.519582
vt 0.956989 0.519582
vt 0.956989 0.512571
vt 0.977350 0.498775
vt 0.977350 0.505648
vt 0.956989 0.505648
vt 0.956989 0.498775
vt 0.977350 0.485007
vt 0.977350 0.491906
vt 0.956989 0.491906
vt 0.956989 0.485007
vt 0.977350 0.471104
vt 0.977350 0.478059
vt 0.956989 0.478059
vt 0.956989 0.471104
vt 0.977350 0.457271
vt 0.977350 0.464183
vt 0.956989 0.464183
vt 0.956989 0.457271
vt 0.977350 0.443389
vt 0.977350 0.450336
vt 0.956989 0.450336
vt 0.956989 0.443389
vt 0.977350 0.429514
vt 0.977350 0.436448
vt 0.956989 0.436448
vt 0.956989 0.429514
vt 0.977350 0.415650
vt 0.977350 0.422581
vt 0.956989 0.422581
vt 0.956989 0.415650
vt 0.977350 0.401793
vt 0.977350 0.408721
vt 0.956989 0.408721
vt 0.956989 0.401793
vt 0.515073 0.944576
vt 0.506906 0.939639
vt 0.509571 0.935778
vt 0.517253 0.940422
vt 0.499393 0.933754
vt 0.502504 0.930242
vt 0.492644 0.927005
vt 0.496156 0.923894
vt 0.486757 0.919493
vt 0.490618 0.916827
vt 0.499389 0.815432
vt 0.506901 0.809547
vt 0.509566 0.813407
vt 0.502500 0.818943
vt 0.515066 0.804609
vt 0.517247 0.808763
vt 0.523768 0.800693
vt 0.525432 0.805078
vt 0.532878 0.797852
vt 0.534001 0.802406
vt 0.625704 0.846543
vt 0.628546 0.855657
vt 0.623989 0.856781
vt 0.621317 0.848209
vt 0.630269 0.865047
vt 0.625610 0.865614
vt 0.630846 0.874575
vt 0.626153 0.874576
vt 0.630271 0.884103
vt 0.625614 0.883539
vt 0.588537 0.944573
vt 0.579832 0.948490
vt 0.578169 0.944102
vt 0.586356 0.940418
vt 0.570720 0.951330
vt 0.569597 0.946773
vt 0.481819 0.911325
vt 0.485973 0.909144
vt 0.477901 0.902621
vt 0.482288 0.900957
vt 0.475061 0.893507
vt 0.479618 0.892384
vt 0.473340 0.884118
vt 0.477998 0.883552
vt 0.542264 0.796131
vt 0.542831 0.800787
vt 0.551789 0.795551
vt 0.551791 0.800242
vt 0.561315 0.796126
vt 0.560752 0.800783
vt 0.570703 0.797843
vt 0.569582 0.802398
vt 0.628551 0.893492
vt 0.623996 0.892370
vt 0.625713 0.902605
vt 0.621326 0.900943
vt 0.621796 0.911310
vt 0.617641 0.909130
vt 0.616859 0.919480
vt 0.612996 0.916815
vt 0.561331 0.953049
vt 0.560766 0.948391
vt 0.551803 0.953627
vt 0.551804 0.948934
vt 0.472764 0.874590
vt 0.477456 0.874590
vt 0.473340 0.865064
vt 0.477997 0.865629
vt 0.475061 0.855677
vt 0.479616 0.856799
vt 0.477900 0.846565
vt 0.482287 0.848228
vt 0.579815 0.800680
vt 0.578154 0.805067
vt 0.588519 0.804593
vt 0.586341 0.808749
vt 0.596688 0.809529
vt 0.594025 0.813391
vt 0.604204 0.815412
vt 0.601094 0.818926
vt 0.610971 0.926995
vt 0.607457 0.923884
vt 0.604221 0.933747
vt 0.601108 0.930234
vt 0.596706 0.939634
vt 0.594040 0.935772
vt 0.542276 0.953050
vt 0.542842 0.948393
vt 0.532888 0.951331
vt 0.534011 0.946776
vt 0.523777 0.948492
vt 0.525440 0.944106
vt 0.481818 0.837862
vt 0.485973 0.840042
vt 0.486755 0.829693
vt 0.490617 0.832358
vt 0.492641 0.822181
vt 0.496153 0.825292
vt 0.610955 0.822160
vt 0.607444 0.825273
vt 0.616844 0.829672
vt 0.612984 0.832339
vt 0.621784 0.837839
vt 0.617630 0.840022
vt 0.625482 0.835897
vt 0.620281 0.827297
vt 0.629610 0.845061
vt 0.614080 0.819389
vt 0.606972 0.812285
vt 0.489515 0.819412
vt 0.483317 0.827321
vt 0.496620 0.812307
vt 0.478119 0.835921
vt 0.473995 0.845084
vt 0.522296 0.952396
vt 0.531889 0.955386
vt 0.513133 0.948274
vt 0.541773 0.957196
vt 0.551803 0.957803
vt 0.599079 0.943072
vt 0.606992 0.936874
vt 0.590478 0.948271
vt 0.614098 0.929766
vt 0.620297 0.921853
vt 0.599059 0.806091
vt 0.590459 0.800894
vt 0.581294 0.796775
vt 0.571700 0.793788
vt 0.471007 0.854677
vt 0.469195 0.864560
vt 0.468588 0.874591
vt 0.469193 0.884622
vt 0.561835 0.957196
vt 0.571719 0.955385
vt 0.625495 0.913250
vt 0.629619 0.904086
vt 0.632606 0.894491
vt 0.634417 0.884606
vt 0.561817 0.791980
vt 0.551788 0.791375
vt 0.541759 0.791986
vt 0.531877 0.793798
vt 0.471005 0.894507
vt 0.473995 0.904103
vt 0.478121 0.913266
vt 0.483320 0.921866
vt 0.581313 0.952395
vt 0.635023 0.874574
vt 0.634416 0.864542
vt 0.632602 0.854656
vt 0.522286 0.796789
vt 0.513125 0.800912
vt 0.504528 0.806111
vt 0.489518 0.929775
vt 0.496623 0.936880
vt 0.504534 0.943076
vt 0.797658 0.733405
vt 0.804840 0.735021
vt 0.798943 0.750425
vt 0.792449 0.754248
vt 0.811270 0.738610
vt 0.801224 0.757605
vt 0.804840 0.735021
vt 0.782997 0.792064
vt 0.722962 0.799137
vt 0.721930 0.791855
vt 0.738418 0.791912
vt 0.744293 0.796625
vt 0.723008 0.784579
vt 0.744323 0.787238
vt 0.744293 0.796625
vt 0.744322 0.787238
vt 0.832663 0.826591
vt 0.828594 0.832743
vt 0.816279 0.821757
vt 0.815013 0.814322
vt 0.822946 0.837489
vt 0.808749 0.821346
vt 0.828594 0.832743
vt 0.815013 0.814322
vt 0.808749 0.821346
vt 0.733351 0.757558
vt 0.737416 0.751409
vt 0.749726 0.762388
vt 0.750994 0.769819
vt 0.743059 0.746666
vt 0.757251 0.762799
vt 0.737416 0.751409
vt 0.750994 0.769819
vt 0.811270 0.738610
vt 0.817860 0.741899
vt 0.808447 0.755445
vt 0.801224 0.757605
vt 0.823245 0.746926
vt 0.808944 0.762966
vt 0.817860 0.741899
vt 0.801224 0.757604
vt 0.808944 0.762966
vt 0.723008 0.784579
vt 0.723746 0.777258
vt 0.739744 0.781254
vt 0.726534 0.770446
vt 0.746597 0.778126
vt 0.744322 0.787238
vt 0.746597 0.778126
vt 0.817521 0.842488
vt 0.808199 0.828870
vt 0.808749 0.821346
vt 0.800987 0.826664
vt 0.817521 0.842488
vt 0.808749 0.821346
vt 0.823245 0.746926
vt 0.828855 0.751703
vt 0.816472 0.762602
vt 0.808944 0.762966
vt 0.832880 0.757878
vt 0.815154 0.770026
vt 0.828855 0.751703
vt 0.815153 0.770026
vt 0.726534 0.770446
vt 0.743587 0.771219
vt 0.746597 0.778126
vt 0.733351 0.757558
vt 0.750994 0.769819
vt 0.746597 0.778126
vt 0.810901 0.845737
vt 0.804439 0.849284
vt 0.798650 0.833832
vt 0.800987 0.826664
vt 0.797238 0.850850
vt 0.792179 0.829960
vt 0.804439 0.849284
vt 0.800987 0.826664
vt 0.792179 0.829960
vt 0.832880 0.757878
vt 0.837186 0.763859
vt 0.822552 0.771475
vt 0.839618 0.770814
vt 0.819497 0.778364
vt 0.837186 0.763859
vt 0.819497 0.778364
vt 0.748478 0.741670
vt 0.757799 0.755278
vt 0.757251 0.762799
vt 0.755092 0.738420
vt 0.765006 0.757482
vt 0.748478 0.741670
vt 0.757251 0.762799
vt 0.765006 0.757482
vt 0.797238 0.850850
vt 0.788198 0.836360
vt 0.792179 0.829960
vt 0.782761 0.852545
vt 0.782845 0.831055
vt 0.792179 0.829960
vt 0.782845 0.831055
vt 0.842366 0.777647
vt 0.826335 0.781539
vt 0.843061 0.784977
vt 0.821719 0.787495
vt 0.819497 0.778364
vt 0.821719 0.787495
vt 0.761547 0.734873
vt 0.767337 0.750316
vt 0.765006 0.757482
vt 0.768741 0.733305
vt 0.773805 0.754184
vt 0.761547 0.734873
vt 0.765006 0.757482
vt 0.773805 0.754184
vt 0.775400 0.852684
vt 0.777452 0.836315
vt 0.773524 0.829880
vt 0.775400 0.852684
vt 0.773524 0.829880
vt 0.742730 0.837167
vt 0.737128 0.832388
vt 0.749515 0.821500
vt 0.757039 0.821140
vt 0.750840 0.814080
vt 0.737128 0.832388
vt 0.757039 0.821140
vt 0.750840 0.814080
vt 0.843061 0.784977
vt 0.844096 0.792267
vt 0.827598 0.792212
vt 0.821719 0.787495
vt 0.843018 0.799550
vt 0.821691 0.796891
vt 0.844096 0.792267
vt 0.821691 0.796891
vt 0.768741 0.733305
vt 0.775851 0.731403
vt 0.777780 0.747783
vt 0.773805 0.754184
vt 0.783132 0.753083
vt 0.783132 0.753083
vt 0.768302 0.850724
vt 0.761120 0.849095
vt 0.767028 0.833695
vt 0.773524 0.829880
vt 0.754694 0.845494
vt 0.764752 0.826508
vt 0.761120 0.849095
vt 0.764752 0.826508
vt 0.733115 0.826214
vt 0.728818 0.820236
vt 0.743448 0.812630
vt 0.726395 0.813286
vt 0.746507 0.805747
vt 0.746507 0.805747
vt 0.843018 0.799550
vt 0.842279 0.806878
vt 0.826271 0.802879
vt 0.821691 0.796891
vt 0.839487 0.813695
vt 0.819413 0.806010
vt 0.842279 0.806878
vt 0.783206 0.731599
vt 0.790562 0.731454
vt 0.788520 0.747820
vt 0.783132 0.753083
vt 0.797658 0.733405
vt 0.792449 0.754248
vt 0.790562 0.731454
vt 0.792450 0.754248
vt 0.748108 0.842197
vt 0.757530 0.828660
vt 0.764752 0.826509
vt 0.742730 0.837166
vt 0.748108 0.842198
vt 0.757039 0.821140
vt 0.726395 0.813286
vt 0.739676 0.802574
vt 0.746507 0.805747
vt 0.722962 0.799137
vt 0.723653 0.806460
vt 0.744293 0.796625
vt 0.839487 0.813695
vt 0.837010 0.820636
vt 0.822423 0.812921
vt 0.832663 0.826591
vt 0.815013 0.814322
vt 0.819413 0.806010
vt 0.551795 0.811962
vt 0.559343 0.812418
vt 0.558489 0.819459
vt 0.551795 0.819111
vt 0.565072 0.820720
vt 0.562374 0.831670
vt 0.557178 0.830266
vt 0.551797 0.830388
vt 0.489635 0.882138
vt 0.489177 0.874589
vt 0.496270 0.874588
vt 0.496732 0.881275
vt 0.489631 0.867040
vt 0.496728 0.867901
vt 0.507924 0.869260
vt 0.507157 0.874587
vt 0.507927 0.879915
vt 0.603347 0.910158
vt 0.598681 0.916111
vt 0.593371 0.911408
vt 0.597462 0.906098
vt 0.593333 0.921460
vt 0.588591 0.916109
vt 0.581112 0.907668
vt 0.585221 0.904190
vt 0.588179 0.899692
vt 0.566791 0.935392
vt 0.559352 0.936755
vt 0.558497 0.929713
vt 0.565080 0.928450
vt 0.551803 0.937213
vt 0.551804 0.930064
vt 0.551804 0.918786
vt 0.557185 0.918906
vt 0.562381 0.917500
vt 0.574002 0.816027
vt 0.571488 0.822659
vt 0.580899 0.819128
vt 0.577578 0.825459
vt 0.572338 0.835445
vt 0.567629 0.832838
vt 0.603340 0.839001
vt 0.607253 0.845473
vt 0.600973 0.848771
vt 0.597457 0.843064
vt 0.610358 0.852370
vt 0.603674 0.854906
vt 0.593129 0.858908
vt 0.591334 0.853833
vt 0.588176 0.849472
vt 0.490995 0.859602
vt 0.497882 0.861299
vt 0.493246 0.852383
vt 0.499930 0.854917
vt 0.510475 0.858915
vt 0.508453 0.863904
vt 0.587380 0.926125
vt 0.583350 0.920288
vt 0.580909 0.930040
vt 0.577586 0.923709
vt 0.572344 0.913723
vt 0.577165 0.911328
vt 0.544254 0.936758
vt 0.545110 0.929716
vt 0.536815 0.935396
vt 0.538526 0.928455
vt 0.541225 0.917504
vt 0.546422 0.918909
vt 0.583343 0.828878
vt 0.593326 0.827702
vt 0.588586 0.833055
vt 0.581108 0.841498
vt 0.577160 0.837839
vt 0.496351 0.845488
vt 0.502632 0.848783
vt 0.500263 0.839016
vt 0.506147 0.843076
vt 0.515428 0.849481
vt 0.512271 0.853841
vt 0.532110 0.926515
vt 0.522699 0.930045
vt 0.526021 0.923714
vt 0.531261 0.913728
vt 0.535971 0.916335
vt 0.598674 0.833049
vt 0.593366 0.837754
vt 0.585218 0.844975
vt 0.504926 0.833062
vt 0.510235 0.837765
vt 0.510271 0.827714
vt 0.515012 0.833064
vt 0.522491 0.841505
vt 0.518384 0.844983
vt 0.516228 0.926132
vt 0.520256 0.920294
vt 0.510275 0.921468
vt 0.515015 0.916116
vt 0.522492 0.907674
vt 0.526440 0.911334
vt 0.605721 0.861290
vt 0.606875 0.867893
vt 0.595679 0.869255
vt 0.595150 0.863897
vt 0.516224 0.823051
vt 0.520253 0.828888
vt 0.522694 0.819139
vt 0.526017 0.825468
vt 0.531259 0.835453
vt 0.526438 0.837846
vt 0.504927 0.916120
vt 0.510236 0.911416
vt 0.500263 0.910168
vt 0.506146 0.906105
vt 0.515427 0.899697
vt 0.518384 0.904195
vt 0.607337 0.874581
vt 0.606880 0.881269
vt 0.595683 0.879911
vt 0.596450 0.874583
vt 0.529590 0.816034
vt 0.532106 0.822666
vt 0.538520 0.820723
vt 0.541220 0.831673
vt 0.535967 0.832844
vt 0.496351 0.903695
vt 0.502631 0.900397
vt 0.493247 0.896798
vt 0.499932 0.894262
vt 0.510476 0.890261
vt 0.512270 0.895336
vt 0.612615 0.889568
vt 0.605726 0.887872
vt 0.610365 0.896789
vt 0.603679 0.894255
vt 0.593132 0.890257
vt 0.595155 0.885268
vt 0.544246 0.812419
vt 0.545102 0.819460
vt 0.546416 0.830267
vt 0.490999 0.889577
vt 0.497886 0.887878
vt 0.508455 0.885272
vt 0.607260 0.903685
vt 0.600978 0.900390
vt 0.591337 0.895332
vt 0.574012 0.933142
vt 0.571496 0.926510
vt 0.567636 0.916330
vt 0.593133 0.890257
vt 0.580495 0.889643
vt 0.578279 0.884625
vt 0.588179 0.899692
vt 0.575106 0.890669
vt 0.591337 0.895332
vt 0.551802 0.874586
vt 0.575105 0.890670
vt 0.562381 0.917500
vt 0.557185 0.918906
vt 0.555709 0.906753
vt 0.558579 0.902077
vt 0.551804 0.918786
vt 0.551803 0.902901
vt 0.557185 0.918906
vt 0.558579 0.902077
vt 0.551803 0.902901
vt 0.551797 0.830388
vt 0.557178 0.830266
vt 0.555704 0.842419
vt 0.551798 0.846272
vt 0.558575 0.847093
vt 0.557178 0.830266
vt 0.551799 0.846272
vt 0.507927 0.879915
vt 0.507157 0.874587
vt 0.519399 0.874587
vt 0.523695 0.878000
vt 0.507924 0.869260
vt 0.523693 0.871174
vt 0.507157 0.874587
vt 0.523695 0.878000
vt 0.523693 0.871174
vt 0.576057 0.896072
vt 0.575105 0.890670
vt 0.581112 0.907668
vt 0.570578 0.895779
vt 0.585221 0.904189
vt 0.575105 0.890669
vt 0.551804 0.918786
vt 0.546422 0.918908
vt 0.547897 0.906755
vt 0.541225 0.917504
vt 0.545026 0.902080
vt 0.546422 0.918909
vt 0.551803 0.902901
vt 0.545027 0.902080
vt 0.562374 0.831670
vt 0.563289 0.844286
vt 0.564958 0.849512
vt 0.567629 0.832839
vt 0.564958 0.849512
vt 0.507924 0.869260
vt 0.520340 0.866833
vt 0.525327 0.864547
vt 0.508453 0.863903
vt 0.523693 0.871174
vt 0.525327 0.864547
vt 0.577165 0.911328
vt 0.570210 0.901253
vt 0.570578 0.895779
vt 0.572344 0.913723
vt 0.564961 0.899657
vt 0.564962 0.899657
vt 0.541225 0.917504
vt 0.535971 0.916335
vt 0.540312 0.904887
vt 0.545026 0.902080
vt 0.531261 0.913728
vt 0.538643 0.899661
vt 0.535971 0.916335
vt 0.545027 0.902080
vt 0.538643 0.899661
vt 0.572338 0.835445
vt 0.577160 0.837839
vt 0.570206 0.847915
vt 0.564958 0.849512
vt 0.570576 0.853389
vt 0.577160 0.837839
vt 0.512271 0.853841
vt 0.523111 0.859529
vt 0.525327 0.864547
vt 0.515428 0.849481
vt 0.528500 0.858503
vt 0.512271 0.853841
vt 0.528500 0.858503
vt 0.581108 0.841498
vt 0.585218 0.844975
vt 0.576055 0.853095
vt 0.570576 0.853389
vt 0.575104 0.858498
vt 0.585218 0.844975
vt 0.575104 0.858498
vt 0.515428 0.849481
vt 0.527547 0.853100
vt 0.528500 0.858503
vt 0.522491 0.841505
vt 0.533025 0.853394
vt 0.526440 0.911334
vt 0.533394 0.901257
vt 0.538643 0.899661
vt 0.522492 0.907674
vt 0.533025 0.895782
vt 0.526440 0.911334
vt 0.533025 0.895782
vt 0.593129 0.858908
vt 0.595150 0.863897
vt 0.583264 0.866828
vt 0.578277 0.864542
vt 0.595679 0.869255
vt 0.579911 0.871171
vt 0.579911 0.871171
vt 0.522491 0.841505
vt 0.526438 0.837846
vt 0.533393 0.847920
vt 0.533025 0.853394
vt 0.531259 0.835453
vt 0.538642 0.849516
vt 0.533025 0.853394
vt 0.518384 0.904195
vt 0.527547 0.896076
vt 0.533025 0.895782
vt 0.515427 0.899697
vt 0.528499 0.890672
vt 0.518384 0.904195
vt 0.596450 0.874583
vt 0.584207 0.874584
vt 0.579912 0.877997
vt 0.579912 0.877997
vt 0.591334 0.853832
vt 0.580494 0.859523
vt 0.575104 0.858498
vt 0.593129 0.858908
vt 0.591334 0.853832
vt 0.531259 0.835453
vt 0.540309 0.844290
vt 0.538642 0.849516
vt 0.541220 0.831673
vt 0.545023 0.847095
vt 0.535967 0.832844
vt 0.538642 0.849516
vt 0.545023 0.847095
vt 0.512270 0.895337
vt 0.523110 0.889646
vt 0.528499 0.890672
vt 0.525328 0.884628
vt 0.512270 0.895336
vt 0.525328 0.884628
vt 0.595155 0.885268
vt 0.583266 0.882339
vt 0.578279 0.884625
vt 0.595155 0.885268
vt 0.579912 0.877997
vt 0.578279 0.884625
vt 0.567636 0.916330
vt 0.563294 0.904883
vt 0.562381 0.917500
vt 0.558579 0.902077
vt 0.564961 0.899657
vt 0.547892 0.842420
vt 0.545023 0.847095
vt 0.551798 0.846272
vt 0.508455 0.885272
vt 0.520341 0.882341
vt 0.525328 0.884628
vt 0.507927 0.879915
vt 0.523695 0.878000
vt 0.508455 0.885272
s 1
usemtl ceramic_vase_01
f 1145/1/1145 1277/2/1277 3851/3/3851 1280/4/1280
f 1277/2/1277 2/5/2 1278/6/1278 3851/3/3851
f 3851/3/3851 1278/6/1278 4/7/4 1279/8/1279
f 1280/4/1280 3851/3/3851 1279/8/1279 1146/9/1146
f 1146/9/1146 1279/8/1279 3852/10/3852 1283/11/1283
f 1279/8/1279 4/7/4 1281/12/1281 3852/10/3852
f 3852/10/3852 1281/12/1281 6/13/6 1282/14/1282
f 1283/11/1283 3852/10/3852 1282/14/1282 1147/15/1147
f 1147/15/1147 1282/14/1282 3853/16/3853 1286/17/1286
f 1282/14/1282 6/13/6 1284/18/1284 3853/16/3853
f 3853/16/3853 1284/18/1284 8/19/8 1285/20/1285
f 1286/17/1286 3853/16/3853 1285/20/1285 1148/21/1148
f 1148/21/1148 1285/20/1285 3854/22/3854 1289/23/1289
f 1285/20/1285 8/19/8 1287/24/1287 3854/22/3854
f 3854/22/3854 1287/24/1287 10/25/10 1288/26/1288
f 1289/23/1289 3854/22/3854 1288/26/1288 1149/27/1149
f 1149/27/1149 1288/26/1288 3855/28/3855 1292/29/1292
f 1288/26/1288 10/25/10 1290/30/1290 3855/28/3855
f 3855/28/3855 1290/30/1290 12/31/12 1291/32/1291
f 1292/29/1292 3855/28/3855 1291/32/1291 1150/33/1150
f 1150/33/1150 1291/32/1291 3856/34/3856 1295/35/1295
f 1291/32/1291 12/31/12 1293/36/1293 3856/34/3856
f 3856/34/3856 1293/36/1293 14/37/14 1294/38/1294
f 1295/35/1295 3856/34/3856 1294/38/1294 1151/39/1151
f 1151/39/1151 1294/38/1294 3857/40/3857 1298/41/1298
f 1294/38/1294 14/37/14 1296/42/1296 3857/40/3857
f 3857/40/3857 1296/42/1296 16/43/16 1297/44/1297
f 1298/41/1298 3857/40/3857 1297/44/1297 1152/45/1152
f 1152/45/1152 1297/44/1297 3858/46/3858 1301/47/1301
f 1297/44/1297 16/43/16 1299/48/1299 3858/46/3858
f 3858/46/3858 1299/48/1299 18/49/18 1300/50/1300
f 1301/47/1301 3858/46/3858 1300/50/1300 1153/51/1153
f 1153/51/1153 1300/50/1300 3859/52/3859 1304/53/1304
f 1300/50/1300 18/49/18 1302/54/1302 3859/52/3859
f 3859/52/3859 1302/54/1302 20/55/20 1303/56/1303
f 1304/53/1304 3859/52/3859 1303/56/1303 1154/57/1154
f 1154/57/1154 1303/56/1303 3860/58/3860 1307/59/1307
f 1303/56/1303 20/55/20 1305/60/1305 3860/58/3860
f 3860/58/3860 1305/60/1305 22/61/22 1306/62/1306
f 1307/59/1307 3860/58/3860 1306/62/1306 1155/63/1155
f 1155/63/1155 1306/62/1306 3861/64/3861 1310/65/1310
f 1306/62/1306 22/61/22 1308/66/1308 3861/64/3861
f 3861/64/3861 1308/66/1308 24/67/24 1309/68/1309
f 1310/65/1310 3861/64/3861 1309/68/1309 1156/69/1156
f 1156/69/1156 1309/68/1309 3862/70/3862 1313/71/1313
f 1309/68/1309 24/67/24 1311/72/1311 3862/70/3862
f 3862/70/3862 1311/72/1311 26/73/26 1312/74/1312
f 1313/71/1313 3862/70/3862 1312/74/1312 1157/75/1157
f 1157/75/1157 1312/74/1312 3863/76/3863 1316/77/1316
f 1312/74/1312 26/73/26 1314/78/1314 3863/76/3863
f 3863/76/3863 1314/78/1314 28/79/28 1315/80/1315
f 1316/77/1316 3863/76/3863 1315/80/1315 1158/81/1158
f 1158/81/1158 1315/80/1315 3864/82/3864 1319/83/1319
f 1315/80/1315 28/79/28 1317/84/1317 3864/82/3864
f 3864/82/3864 1317/84/1317 30/85/30 1318/86/1318
f 1319/83/1319 3864/82/3864 1318/86/1318 1159/87/1159
f 1159/87/1159 1318/86/1318 3865/88/3865 1322/89/1322
f 1318/86/1318 30/85/30 1320/90/1320 3865/88/3865
f 3865/88/3865 1320/90/1320 32/91/32 1321/92/1321
f 1322/89/1322 3865/88/3865 1321/92/1321 1160/93/1160
f 1160/93/1160 1321/92/1321 3866/94/3866 1325/95/1325
f 1321/92/1321 32/91/32 1323/96/1323 3866/94/3866
f 3866/94/3866 1323/96/1323 34/97/34 1324/98/1324
f 1325/95/1325 3866/94/3866 1324/98/1324 1161/99/1161
f 1161/99/1161 1324/98/1324 3867/100/3867 1328/101/1328
f 1324/98/1324 34/97/34 1326/102/1326 3867/100/3867
f 3867/100/3867 1326/102/1326 36/103/36 1327/104/1327
f 1328/101/1328 3867/100/3867 1327/104/1327 1162/105/1162
f 1162/105/1162 1327/104/1327 3868/106/3868 1331/107/1331
f 1327/104/1327 36/103/36 1329/108/1329 3868/106/3868
f 3868/106/3868 1329/108/1329 38/109/38 1330/110/1330
f 1331/107/1331 3868/106/3868 1330/110/1330 1163/111/1163
f 1163/111/1163 1330/110/1330 3869/112/3869 1334/113/1334
f 1330/110/1330 38/109/38 1332/114/1332 3869/112/3869
f 3869/112/3869 1332/114/1332 40/115/40 1333/116/1333
f 1334/113/1334 3869/112/3869 1333/116/1333 1164/117/1164
f 1164/117/1164 1333/116/1333 3870/118/3870 1337/119/1337
f 1333/116/1333 40/115/40 1335/120/1335 3870/118/3870
f 3870/118/3870 1335/120/1335 42/121/42 1336/122/1336
f 1337/119/1337 3870/118/3870 1336/122/1336 1165/123/1165
f 1165/123/1165 1336/122/1336 3871/124/3871 1340/125/1340
f 1336/122/1336 42/121/42 1338/126/1338 3871/124/3871
f 3871/124/3871 1338/126/1338 44/127/44 1339/128/1339
f 1340/125/1340 3871/124/3871 1339/128/1339 1166/129/1166
f 1166/129/1166 1339/128/1339 3872/130/3872 1343/131/1343
f 1339/128/1339 44/127/44 1341/132/1341 3872/130/3872
f 3872/130/3872 1341/132/1341 46/133/46 1342/134/1342
f 1343/131/1343 3872/130/3872 1342/134/1342 1167/135/1167
f 1167/135/1167 1342/134/1342 3873/136/3873 1346/137/1346
f 1342/134/1342 46/133/46 1344/138/1344 3873/136/3873
f 3873/136/3873 1344/138/1344 48/139/48 1345/140/1345
f 1346/137/1346 3873/136/3873 1345/140/1345 1168/141/1168
f 1168/141/1168 1345/140/1345 3874/142/3874 1349/143/1349
f 1345/140/1345 48/139/48 1347/144/1347 3874/142/3874
f 3874/142/3874 1347/144/1347 50/145/50 1348/146/1348
f 1349/143/1349 3874/142/3874 1348/146/1348 1169/147/1169
f 1169/147/1169 1348/146/1348 3875/148/3875 1352/149/1352
f 1348/146/1348 50/145/50 1350/150/1350 3875/148/3875
f 3875/148/3875 1350/150/1350 52/151/52 1351/152/1351
f 1352/149/1352 3875/148/3875 1351/152/1351 1170/153/1170
f 1170/153/1170 1351/152/1351 3876/154/3876 1354/155/1354
f 1351/152/1351 52/151/52 1353/156/1353 3876/154/3876
f 3876/154/3876 1353/156/1353 2/157/2 1277/158/1277
f 1354/155/1354 3876/154/3876 1277/158/1277 1145/159/1145
f 519/160/519 1355/161/1355 3877/162/3877 1358/163/1358
f 1355/161/1355 411/164/411 1356/165/1356 3877/162/3877
f 3877/162/3877 1356/165/1356 415/166/415 1357/167/1357
f 1358/163/1358 3877/162/3877 1357/167/1357 470/168/470
f 106/169/106 1359/170/1359 3878/171/3878 1362/172/1362
f 1359/170/1359 292/173/292 1360/174/1360 3878/171/3878
f 3878/171/3878 1360/174/1360 265/175/265 1361/176/1361
f 1362/172/1362 3878/171/3878 1361/176/1361 105/177/105
f 108/178/108 1363/179/1363 3879/180/3879 1366/181/1366
f 1363/179/1363 268/182/268 1364/183/1364 3879/180/3879
f 3879/180/3879 1364/183/1364 337/184/337 1365/185/1365
f 1366/181/1366 3879/180/3879 1365/185/1365 107/186/107
f 333/187/333 1367/188/1367 3880/189/3880 1370/190/1370
f 1367/188/1367 73/191/73 1368/192/1368 3880/189/3880
f 3880/189/3880 1368/192/1368 74/193/74 1369/194/1369
f 1370/190/1370 3880/189/3880 1369/194/1369 294/195/294
f 294/195/294 1369/194/1369 3881/196/3881 1373/197/1373
f 1369/194/1369 74/193/74 1371/198/1371 3881/196/3881
f 3881/196/3881 1371/198/1371 75/199/75 1372/200/1372
f 1373/197/1373 3881/196/3881 1372/200/1372 267/201/267
f 297/202/297 1374/203/1374 3882/204/3882 1377/205/1377
f 1374/203/1374 71/206/71 1375/207/1375 3882/204/3882
f 3882/204/3882 1375/207/1375 72/208/72 1376/209/1376
f 1377/205/1377 3882/204/3882 1376/209/1376 270/210/270
f 110/211/110 1378/212/1378 3883/213/3883 1381/214/1381
f 1378/212/1378 334/215/334 1379/216/1379 3883/213/3883
f 3883/213/3883 1379/216/1379 295/217/295 1380/218/1380
f 1381/214/1381 3883/213/3883 1380/218/1380 109/219/109
f 112/220/112 1382/221/1382 3884/222/3884 1385/223/1385
f 1382/221/1382 298/224/298 1383/225/1383 3884/222/3884
f 3884/222/3884 1383/225/1383 271/226/271 1384/227/1384
f 1385/223/1385 3884/222/3884 1384/227/1384 111/228/111
f 111/228/111 1384/227/1384 3885/229/3885 1387/230/1387
f 1384/227/1384 271/226/271 1386/231/1386 3885/229/3885
f 3885/229/3885 1386/231/1386 334/215/334 1378/212/1378
f 1387/230/1387 3885/229/3885 1378/212/1378 110/211/110
f 113/232/113 1388/233/1388 3886/234/3886 1390/235/1390
f 1388/233/1388 331/236/331 1389/237/1389 3886/234/3886
f 3886/234/3886 1389/237/1389 298/224/298 1382/221/1382
f 1390/235/1390 3886/234/3886 1382/221/1382 112/220/112
f 300/238/300 1391/239/1391 3887/240/3887 1394/241/1394
f 1391/239/1391 68/242/68 1392/243/1392 3887/240/3887
f 3887/240/3887 1392/243/1392 69/244/69 1393/245/1393
f 1394/241/1394 3887/240/3887 1393/245/1393 273/246/273
f 117/247/117 1395/248/1395 3888/249/3888 1398/250/1398
f 1395/248/1395 277/251/277 1396/252/1396 3888/249/3888
f 3888/249/3888 1396/252/1396 328/253/328 1397/254/1397
f 1398/250/1398 3888/249/3888 1397/254/1397 116/255/116
f 324/256/324 1399/257/1399 3889/258/3889 1402/259/1402
f 1399/257/1399 64/260/64 1400/261/1400 3889/258/3889
f 3889/258/3889 1400/261/1400 65/262/65 1401/263/1401
f 1402/259/1402 3889/258/3889 1401/263/1401 303/264/303
f 303/264/303 1401/263/1401 3890/265/3890 1405/266/1405
f 1401/263/1401 65/262/65 1403/267/1403 3890/265/3890
f 3890/265/3890 1403/267/1403 66/268/66 1404/269/1404
f 1405/266/1405 3890/265/3890 1404/269/1404 276/270/276
f 306/271/306 1406/272/1406 3891/273/3891 1409/274/1409
f 1406/272/1406 62/275/62 1407/276/1407 3891/273/3891
f 3891/273/3891 1407/276/1407 63/277/63 1408/278/1408
f 1409/274/1409 3891/273/3891 1408/278/1408 279/279/279
f 119/280/119 1410/281/1410 3892/282/3892 1413/283/1413
f 1410/281/1410 325/284/325 1411/285/1411 3892/282/3892
f 3892/282/3892 1411/285/1411 304/286/304 1412/287/1412
f 1413/283/1413 3892/282/3892 1412/287/1412 118/288/118
f 121/289/121 1414/290/1414 3893/291/3893 1417/292/1417
f 1414/290/1414 307/293/307 1415/294/1415 3893/291/3893
f 3893/291/3893 1415/294/1415 280/295/280 1416/296/1416
f 1417/292/1417 3893/291/3893 1416/296/1416 120/297/120
f 120/297/120 1416/296/1416 3894/298/3894 1419/299/1419
f 1416/296/1416 280/295/280 1418/300/1418 3894/298/3894
f 3894/298/3894 1418/300/1418 325/284/325 1410/281/1410
f 1419/299/1419 3894/298/3894 1410/281/1410 119/280/119
f 122/301/122 1420/302/1420 3895/303/3895 1422/304/1422
f 1420/302/1420 322/305/322 1421/306/1421 3895/303/3895
f 3895/303/3895 1421/306/1421 307/293/307 1414/290/1414
f 1422/304/1422 3895/303/3895 1414/290/1414 121/289/121
f 309/307/309 1423/308/1423 3896/309/3896 1426/310/1426
f 1423/308/1423 59/311/59 1424/312/1424 3896/309/3896
f 3896/309/3896 1424/312/1424 60/313/60 1425/314/1425
f 1426/310/1426 3896/309/3896 1425/314/1425 282/315/282
f 126/316/126 1427/317/1427 3897/318/3897 1430/319/1430
f 1427/317/1427 286/320/286 1428/321/1428 3897/318/3897
f 3897/318/3897 1428/321/1428 319/322/319 1429/323/1429
f 1430/319/1430 3897/318/3897 1429/323/1429 125/324/125
f 315/325/315 1431/326/1431 3898/327/3898 1434/328/1434
f 1431/326/1431 55/329/55 1432/330/1432 3898/327/3898
f 3898/327/3898 1432/330/1432 56/331/56 1433/332/1433
f 1434/328/1434 3898/327/3898 1433/332/1433 312/333/312
f 312/333/312 1433/332/1433 3899/334/3899 1437/335/1437
f 1433/332/1433 56/331/56 1435/336/1435 3899/334/3899
f 3899/334/3899 1435/336/1435 57/337/57 1436/338/1436
f 1437/335/1437 3899/334/3899 1436/338/1436 285/339/285
f 288/340/288 1438/341/1438 3900/342/3900 1440/343/1440
f 1438/341/1438 54/344/54 1439/345/1439 3900/342/3900
f 3900/342/3900 1439/345/1439 55/329/55 1431/326/1431
f 1440/343/1440 3900/342/3900 1431/326/1431 315/325/315
f 128/346/128 1441/347/1441 3901/348/3901 1444/349/1444
f 1441/347/1441 316/350/316 1442/351/1442 3901/348/3901
f 3901/348/3901 1442/351/1442 313/352/313 1443/353/1443
f 1444/349/1444 3901/348/3901 1443/353/1443 127/354/127
f 129/355/129 1445/356/1445 3902/357/3902 1447/358/1447
f 1445/356/1445 289/359/289 1446/360/1446 3902/357/3902
f 3902/357/3902 1446/360/1446 316/350/316 1441/347/1441
f 1447/358/1447 3902/357/3902 1441/347/1441 128/346/128
f 105/177/105 1361/176/1361 3903/361/3903 1450/362/1450
f 1361/176/1361 265/175/265 1448/363/1448 3903/361/3903
f 3903/361/3903 1448/363/1448 261/364/261 1449/365/1449
f 1450/362/1450 3903/361/3903 1449/365/1449 130/366/130
f 477/367/477 1451/368/1451 3904/369/3904 1454/370/1454
f 1451/368/1451 348/371/348 1452/372/1452 3904/369/3904
f 3904/369/3904 1452/372/1452 351/373/351 1453/374/1453
f 1454/370/1454 3904/369/3904 1453/374/1453 479/375/479
f 479/375/479 1453/374/1453 3905/376/3905 1457/377/1457
f 1453/374/1453 351/373/351 1455/378/1455 3905/376/3905
f 3905/376/3905 1455/378/1455 354/379/354 1456/380/1456
f 1457/377/1457 3905/376/3905 1456/380/1456 481/381/481
f 481/381/481 1456/380/1456 3906/382/3906 1460/383/1460
f 1456/380/1456 354/379/354 1458/384/1458 3906/382/3906
f 3906/382/3906 1458/384/1458 357/385/357 1459/386/1459
f 1460/383/1460 3906/382/3906 1459/386/1459 483/387/483
f 483/387/483 1459/386/1459 3907/388/3907 1463/389/1463
f 1459/386/1459 357/385/357 1461/390/1461 3907/388/3907
f 3907/388/3907 1461/390/1461 360/391/360 1462/392/1462
f 1463/389/1463 3907/388/3907 1462/392/1462 485/393/485
f 485/393/485 1462/392/1462 3908/394/3908 1466/395/1466
f 1462/392/1462 360/391/360 1464/396/1464 3908/394/3908
f 3908/394/3908 1464/396/1464 363/397/363 1465/398/1465
f 1466/395/1466 3908/394/3908 1465/398/1465 487/399/487
f 487/399/487 1465/398/1465 3909/400/3909 1469/401/1469
f 1465/398/1465 363/397/363 1467/402/1467 3909/400/3909
f 3909/400/3909 1467/402/1467 366/403/366 1468/404/1468
f 1469/401/1469 3909/400/3909 1468/404/1468 489/405/489
f 489/405/489 1468/404/1468 3910/406/3910 1472/407/1472
f 1468/404/1468 366/403/366 1470/408/1470 3910/406/3910
f 3910/406/3910 1470/408/1470 369/409/369 1471/410/1471
f 1472/407/1472 3910/406/3910 1471/410/1471 491/411/491
f 491/411/491 1471/410/1471 3911/412/3911 1475/413/1475
f 1471/410/1471 369/409/369 1473/414/1473 3911/412/3911
f 3911/412/3911 1473/414/1473 372/415/372 1474/416/1474
f 1475/413/1475 3911/412/3911 1474/416/1474 493/417/493
f 493/417/493 1474/416/1474 3912/418/3912 1478/419/1478
f 1474/416/1474 372/415/372 1476/420/1476 3912/418/3912
f 3912/418/3912 1476/420/1476 375/421/375 1477/422/1477
f 1478/419/1478 3912/418/3912 1477/422/1477 495/423/495
f 495/423/495 1477/422/1477 3913/424/3913 1481/425/1481
f 1477/422/1477 375/421/375 1479/426/1479 3913/424/3913
f 3913/424/3913 1479/426/1479 378/427/378 1480/428/1480
f 1481/425/1481 3913/424/3913 1480/428/1480 497/429/497
f 497/429/497 1480/428/1480 3914/430/3914 1484/431/1484
f 1480/428/1480 378/427/378 1482/432/1482 3914/430/3914
f 3914/430/3914 1482/432/1482 381/433/381 1483/434/1483
f 1484/431/1484 3914/430/3914 1483/434/1483 499/435/499
f 499/435/499 1483/434/1483 3915/436/3915 1487/437/1487
f 1483/434/1483 381/433/381 1485/438/1485 3915/436/3915
f 3915/436/3915 1485/438/1485 384/439/384 1486/440/1486
f 1487/437/1487 3915/436/3915 1486/440/1486 501/441/501
f 501/441/501 1486/440/1486 3916/442/3916 1490/443/1490
f 1486/440/1486 384/439/384 1488/444/1488 3916/442/3916
f 3916/442/3916 1488/444/1488 387/445/387 1489/446/1489
f 1490/443/1490 3916/442/3916 1489/446/1489 503/447/503
f 503/447/503 1489/446/1489 3917/448/3917 1493/449/1493
f 1489/446/1489 387/445/387 1491/450/1491 3917/448/3917
f 3917/448/3917 1491/450/1491 390/451/390 1492/452/1492
f 1493/449/1493 3917/448/3917 1492/452/1492 505/453/505
f 505/453/505 1492/452/1492 3918/454/3918 1496/455/1496
f 1492/452/1492 390/451/390 1494/456/1494 3918/454/3918
f 3918/454/3918 1494/456/1494 393/457/393 1495/458/1495
f 1496/455/1496 3918/454/3918 1495/458/1495 507/459/507
f 507/459/507 1495/458/1495 3919/460/3919 1499/461/1499
f 1495/458/1495 393/457/393 1497/462/1497 3919/460/3919
f 3919/460/3919 1497/462/1497 396/463/396 1498/464/1498
f 1499/461/1499 3919/460/3919 1498/464/1498 509/465/509
f 509/465/509 1498/464/1498 3920/466/3920 1502/467/1502
f 1498/464/1498 396/463/396 1500/468/1500 3920/466/3920
f 3920/466/3920 1500/468/1500 399/469/399 1501/470/1501
f 1502/467/1502 3920/466/3920 1501/470/1501 511/471/511
f 511/471/511 1501/470/1501 3921/472/3921 1505/473/1505
f 1501/470/1501 399/469/399 1503/474/1503 3921/472/3921
f 3921/472/3921 1503/474/1503 402/475/402 1504/476/1504
f 1505/473/1505 3921/472/3921 1504/476/1504 513/477/513
f 513/477/513 1504/476/1504 3922/478/3922 1508/479/1508
f 1504/476/1504 402/475/402 1506/480/1506 3922/478/3922
f 3922/478/3922 1506/480/1506 405/481/405 1507/482/1507
f 1508/479/1508 3922/478/3922 1507/482/1507 515/483/515
f 515/483/515 1507/482/1507 3923/484/3923 1511/485/1511
f 1507/482/1507 405/481/405 1509/486/1509 3923/484/3923
f 3923/484/3923 1509/486/1509 408/487/408 1510/488/1510
f 1511/485/1511 3923/484/3923 1510/488/1510 517/489/517
f 517/489/517 1510/488/1510 3924/490/3924 1513/491/1513
f 1510/488/1510 408/487/408 1512/492/1512 3924/490/3924
f 3924/490/3924 1512/492/1512 411/164/411 1355/161/1355
f 1513/491/1513 3924/490/3924 1355/161/1355 519/160/519
f 1198/493/1198 1514/494/1514 3925/495/3925 1517/496/1517
f 1514/494/1514 1197/497/1197 1515/498/1515 3925/495/3925
f 3925/495/3925 1515/498/1515 526/499/526 1516/500/1516
f 1517/496/1517 3925/495/3925 1516/500/1516 527/501/527
f 471/502/471 1518/503/1518 3926/504/3926 1521/505/1521
f 1518/503/1518 339/506/339 1519/507/1519 3926/504/3926
f 3926/504/3926 1519/507/1519 342/508/342 1520/509/1520
f 1521/505/1521 3926/504/3926 1520/509/1520 473/510/473
f 340/511/340 1522/512/1522 3927/513/3927 1525/514/1525
f 1522/512/1522 134/515/134 1523/516/1523 3927/513/3927
f 3927/513/3927 1523/516/1523 137/517/137 1524/518/1524
f 1525/514/1525 3927/513/3927 1524/518/1524 343/519/343
f 412/520/412 1526/521/1526 3928/522/3928 1529/523/1529
f 1526/521/1526 206/524/206 1527/525/1527 3928/522/3928
f 3928/522/3928 1527/525/1527 132/526/132 1528/527/1528
f 1529/523/1529 3928/522/3928 1528/527/1528 414/528/414
f 409/529/409 1530/530/1530 3929/531/3929 1532/532/1532
f 1530/530/1530 203/533/203 1531/534/1531 3929/531/3929
f 3929/531/3929 1531/534/1531 206/524/206 1526/521/1526
f 1532/532/1532 3929/531/3929 1526/521/1526 412/520/412
f 406/535/406 1533/536/1533 3930/537/3930 1535/538/1535
f 1533/536/1533 200/539/200 1534/540/1534 3930/537/3930
f 3930/537/3930 1534/540/1534 203/533/203 1530/530/1530
f 1535/538/1535 3930/537/3930 1530/530/1530 409/529/409
f 403/541/403 1536/542/1536 3931/543/3931 1538/544/1538
f 1536/542/1536 197/545/197 1537/546/1537 3931/543/3931
f 3931/543/3931 1537/546/1537 200/539/200 1533/536/1533
f 1538/544/1538 3931/543/3931 1533/536/1533 406/535/406
f 400/547/400 1539/548/1539 3932/549/3932 1541/550/1541
f 1539/548/1539 194/551/194 1540/552/1540 3932/549/3932
f 3932/549/3932 1540/552/1540 197/545/197 1536/542/1536
f 1541/550/1541 3932/549/3932 1536/542/1536 403/541/403
f 397/553/397 1542/554/1542 3933/555/3933 1544/556/1544
f 1542/554/1542 191/557/191 1543/558/1543 3933/555/3933
f 3933/555/3933 1543/558/1543 194/551/194 1539/548/1539
f 1544/556/1544 3933/555/3933 1539/548/1539 400/547/400
f 394/559/394 1545/560/1545 3934/561/3934 1547/562/1547
f 1545/560/1545 188/563/188 1546/564/1546 3934/561/3934
f 3934/561/3934 1546/564/1546 191/557/191 1542/554/1542
f 1547/562/1547 3934/561/3934 1542/554/1542 397/553/397
f 391/565/391 1548/566/1548 3935/567/3935 1550/568/1550
f 1548/566/1548 185/569/185 1549/570/1549 3935/567/3935
f 3935/567/3935 1549/570/1549 188/563/188 1545/560/1545
f 1550/568/1550 3935/567/3935 1545/560/1545 394/559/394
f 388/571/388 1551/572/1551 3936/573/3936 1553/574/1553
f 1551/572/1551 182/575/182 1552/576/1552 3936/573/3936
f 3936/573/3936 1552/576/1552 185/569/185 1548/566/1548
f 1553/574/1553 3936/573/3936 1548/566/1548 391/565/391
f 385/577/385 1554/578/1554 3937/579/3937 1556/580/1556
f 1554/578/1554 179/581/179 1555/582/1555 3937/579/3937
f 3937/579/3937 1555/582/1555 182/575/182 1551/572/1551
f 1556/580/1556 3937/579/3937 1551/572/1551 388/571/388
f 382/583/382 1557/584/1557 3938/585/3938 1559/586/1559
f 1557/584/1557 176/587/176 1558/588/1558 3938/585/3938
f 3938/585/3938 1558/588/1558 179/581/179 1554/578/1554
f 1559/586/1559 3938/585/3938 1554/578/1554 385/577/385
f 379/589/379 1560/590/1560 3939/591/3939 1562/592/1562
f 1560/590/1560 173/593/173 1561/594/1561 3939/591/3939
f 3939/591/3939 1561/594/1561 176/587/176 1557/584/1557
f 1562/592/1562 3939/591/3939 1557/584/1557 382/583/382
f 376/595/376 1563/596/1563 3940/597/3940 1565/598/1565
f 1563/596/1563 170/599/170 1564/600/1564 3940/597/3940
f 3940/597/3940 1564/600/1564 173/593/173 1560/590/1560
f 1565/598/1565 3940/597/3940 1560/590/1560 379/589/379
f 373/601/373 1566/602/1566 3941/603/3941 1568/604/1568
f 1566/602/1566 167/605/167 1567/606/1567 3941/603/3941
f 3941/603/3941 1567/606/1567 170/599/170 1563/596/1563
f 1568/604/1568 3941/603/3941 1563/596/1563 376/595/376
f 370/607/370 1569/608/1569 3942/609/3942 1571/610/1571
f 1569/608/1569 164/611/164 1570/612/1570 3942/609/3942
f 3942/609/3942 1570/612/1570 167/605/167 1566/602/1566
f 1571/610/1571 3942/609/3942 1566/602/1566 373/601/373
f 367/613/367 1572/614/1572 3943/615/3943 1574/616/1574
f 1572/614/1572 161/617/161 1573/618/1573 3943/615/3943
f 3943/615/3943 1573/618/1573 164/611/164 1569/608/1569
f 1574/616/1574 3943/615/3943 1569/608/1569 370/607/370
f 364/619/364 1575/620/1575 3944/621/3944 1577/622/1577
f 1575/620/1575 158/623/158 1576/624/1576 3944/621/3944
f 3944/621/3944 1576/624/1576 161/617/161 1572/614/1572
f 1577/622/1577 3944/621/3944 1572/614/1572 367/613/367
f 361/625/361 1578/626/1578 3945/627/3945 1580/628/1580
f 1578/626/1578 155/629/155 1579/630/1579 3945/627/3945
f 3945/627/3945 1579/630/1579 158/623/158 1575/620/1575
f 1580/628/1580 3945/627/3945 1575/620/1575 364/619/364
f 358/631/358 1581/632/1581 3946/633/3946 1583/634/1583
f 1581/632/1581 152/635/152 1582/636/1582 3946/633/3946
f 3946/633/3946 1582/636/1582 155/629/155 1578/626/1578
f 1583/634/1583 3946/633/3946 1578/626/1578 361/625/361
f 355/637/355 1584/638/1584 3947/639/3947 1586/640/1586
f 1584/638/1584 149/641/149 1585/642/1585 3947/639/3947
f 3947/639/3947 1585/642/1585 152/635/152 1581/632/1581
f 1586/640/1586 3947/639/3947 1581/632/1581 358/631/358
f 352/643/352 1587/644/1587 3948/645/3948 1589/646/1589
f 1587/644/1587 146/647/146 1588/648/1588 3948/645/3948
f 3948/645/3948 1588/648/1588 149/641/149 1584/638/1584
f 1589/646/1589 3948/645/3948 1584/638/1584 355/637/355
f 349/649/349 1590/650/1590 3949/651/3949 1592/652/1592
f 1590/650/1590 143/653/143 1591/654/1591 3949/651/3949
f 3949/651/3949 1591/654/1591 146/647/146 1587/644/1587
f 1592/652/1592 3949/651/3949 1587/644/1587 352/643/352
f 346/655/346 1593/656/1593 3950/657/3950 1595/658/1595
f 1593/656/1593 140/659/140 1594/660/1594 3950/657/3950
f 3950/657/3950 1594/660/1594 143/653/143 1590/650/1590
f 1595/658/1595 3950/657/3950 1590/650/1590 349/649/349
f 343/519/343 1524/518/1524 3951/661/3951 1597/662/1597
f 1524/518/1524 137/517/137 1596/663/1596 3951/661/3951
f 3951/661/3951 1596/663/1596 140/659/140 1593/656/1593
f 1597/662/1597 3951/661/3951 1593/656/1593 346/655/346
f 414/664/414 1528/665/1528 3952/666/3952 1599/667/1599
f 1528/665/1528 132/668/132 1598/669/1598 3952/666/3952
f 3952/666/3952 1598/669/1598 134/515/134 1522/512/1522
f 1599/667/1599 3952/666/3952 1522/512/1522 340/511/340
f 473/510/473 1520/509/1520 3953/670/3953 1602/671/1602
f 1520/509/1520 342/508/342 1600/672/1600 3953/670/3953
f 3953/670/3953 1600/672/1600 345/673/345 1601/674/1601
f 1602/671/1602 3953/670/3953 1601/674/1601 475/675/475
f 136/676/136 1603/677/1603 3954/678/3954 1606/679/1606
f 1603/677/1603 104/680/104 1604/681/1604 3954/678/3954
f 3954/678/3954 1604/681/1604 79/682/79 1605/683/1605
f 1606/679/1606 3954/678/3954 1605/683/1605 133/684/133
f 139/685/139 1607/686/1607 3955/687/3955 1609/688/1609
f 1607/686/1607 103/689/103 1608/690/1608 3955/687/3955
f 3955/687/3955 1608/690/1608 104/680/104 1603/677/1603
f 1609/688/1609 3955/687/3955 1603/677/1603 136/676/136
f 142/691/142 1610/692/1610 3956/693/3956 1612/694/1612
f 1610/692/1610 102/695/102 1611/696/1611 3956/693/3956
f 3956/693/3956 1611/696/1611 103/689/103 1607/686/1607
f 1612/694/1612 3956/693/3956 1607/686/1607 139/685/139
f 145/697/145 1613/698/1613 3957/699/3957 1615/700/1615
f 1613/698/1613 101/701/101 1614/702/1614 3957/699/3957
f 3957/699/3957 1614/702/1614 102/695/102 1610/692/1610
f 1615/700/1615 3957/699/3957 1610/692/1610 142/691/142
f 148/703/148 1616/704/1616 3958/705/3958 1618/706/1618
f 1616/704/1616 100/707/100 1617/708/1617 3958/705/3958
f 3958/705/3958 1617/708/1617 101/701/101 1613/698/1613
f 1618/706/1618 3958/705/3958 1613/698/1613 145/697/145
f 151/709/151 1619/710/1619 3959/711/3959 1621/712/1621
f 1619/710/1619 99/713/99 1620/714/1620 3959/711/3959
f 3959/711/3959 1620/714/1620 100/707/100 1616/704/1616
f 1621/712/1621 3959/711/3959 1616/704/1616 148/703/148
f 154/715/154 1622/716/1622 3960/717/3960 1624/718/1624
f 1622/716/1622 98/719/98 1623/720/1623 3960/717/3960
f 3960/717/3960 1623/720/1623 99/713/99 1619/710/1619
f 1624/718/1624 3960/717/3960 1619/710/1619 151/709/151
f 157/721/157 1625/722/1625 3961/723/3961 1627/724/1627
f 1625/722/1625 97/725/97 1626/726/1626 3961/723/3961
f 3961/723/3961 1626/726/1626 98/719/98 1622/716/1622
f 1627/724/1627 3961/723/3961 1622/716/1622 154/715/154
f 160/727/160 1628/728/1628 3962/729/3962 1630/730/1630
f 1628/728/1628 96/731/96 1629/732/1629 3962/729/3962
f 3962/729/3962 1629/732/1629 97/725/97 1625/722/1625
f 1630/730/1630 3962/729/3962 1625/722/1625 157/721/157
f 163/733/163 1631/734/1631 3963/735/3963 1633/736/1633
f 1631/734/1631 95/737/95 1632/738/1632 3963/735/3963
f 3963/735/3963 1632/738/1632 96/731/96 1628/728/1628
f 1633/736/1633 3963/735/3963 1628/728/1628 160/727/160
f 166/739/166 1634/740/1634 3964/741/3964 1636/742/1636
f 1634/740/1634 94/743/94 1635/744/1635 3964/741/3964
f 3964/741/3964 1635/744/1635 95/737/95 1631/734/1631
f 1636/742/1636 3964/741/3964 1631/734/1631 163/733/163
f 169/745/169 1637/746/1637 3965/747/3965 1639/748/1639
f 1637/746/1637 93/749/93 1638/750/1638 3965/747/3965
f 3965/747/3965 1638/750/1638 94/743/94 1634/740/1634
f 1639/748/1639 3965/747/3965 1634/740/1634 166/739/166
f 172/751/172 1640/752/1640 3966/753/3966 1642/754/1642
f 1640/752/1640 92/755/92 1641/756/1641 3966/753/3966
f 3966/753/3966 1641/756/1641 93/749/93 1637/746/1637
f 1642/754/1642 3966/753/3966 1637/746/1637 169/745/169
f 175/757/175 1643/758/1643 3967/759/3967 1645/760/1645
f 1643/758/1643 91/761/91 1644/762/1644 3967/759/3967
f 3967/759/3967 1644/762/1644 92/755/92 1640/752/1640
f 1645/760/1645 3967/759/3967 1640/752/1640 172/751/172
f 178/763/178 1646/764/1646 3968/765/3968 1648/766/1648
f 1646/764/1646 90/767/90 1647/768/1647 3968/765/3968
f 3968/765/3968 1647/768/1647 91/761/91 1643/758/1643
f 1648/766/1648 3968/765/3968 1643/758/1643 175/757/175
f 181/769/181 1649/770/1649 3969/771/3969 1651/772/1651
f 1649/770/1649 89/773/89 1650/774/1650 3969/771/3969
f 3969/771/3969 1650/774/1650 90/767/90 1646/764/1646
f 1651/772/1651 3969/771/3969 1646/764/1646 178/763/178
f 184/775/184 1652/776/1652 3970/777/3970 1654/778/1654
f 1652/776/1652 88/779/88 1653/780/1653 3970/777/3970
f 3970/777/3970 1653/780/1653 89/773/89 1649/770/1649
f 1654/778/1654 3970/777/3970 1649/770/1649 181/769/181
f 187/781/187 1655/782/1655 3971/783/3971 1657/784/1657
f 1655/782/1655 87/785/87 1656/786/1656 3971/783/3971
f 3971/783/3971 1656/786/1656 88/779/88 1652/776/1652
f 1657/784/1657 3971/783/3971 1652/776/1652 184/775/184
f 190/787/190 1658/788/1658 3972/789/3972 1660/790/1660
f 1658/788/1658 86/791/86 1659/792/1659 3972/789/3972
f 3972/789/3972 1659/792/1659 87/785/87 1655/782/1655
f 1660/790/1660 3972/789/3972 1655/782/1655 187/781/187
f 193/793/193 1661/794/1661 3973/795/3973 1663/796/1663
f 1661/794/1661 85/797/85 1662/798/1662 3973/795/3973
f 3973/795/3973 1662/798/1662 86/791/86 1658/788/1658
f 1663/796/1663 3973/795/3973 1658/788/1658 190/787/190
f 196/799/196 1664/800/1664 3974/801/3974 1666/802/1666
f 1664/800/1664 84/803/84 1665/804/1665 3974/801/3974
f 3974/801/3974 1665/804/1665 85/797/85 1661/794/1661
f 1666/802/1666 3974/801/3974 1661/794/1661 193/793/193
f 199/805/199 1667/806/1667 3975/807/3975 1669/808/1669
f 1667/806/1667 83/809/83 1668/810/1668 3975/807/3975
f 3975/807/3975 1668/810/1668 84/803/84 1664/800/1664
f 1669/808/1669 3975/807/3975 1664/800/1664 196/799/196
f 202/811/202 1670/812/1670 3976/813/3976 1672/814/1672
f 1670/812/1670 82/815/82 1671/816/1671 3976/813/3976
f 3976/813/3976 1671/816/1671 83/809/83 1667/806/1667
f 1672/814/1672 3976/813/3976 1667/806/1667 199/805/199
f 205/817/205 1673/818/1673 3977/819/3977 1675/820/1675
f 1673/818/1673 81/821/81 1674/822/1674 3977/819/3977
f 3977/819/3977 1674/822/1674 82/815/82 1670/812/1670
f 1675/820/1675 3977/819/3977 1670/812/1670 202/811/202
f 208/823/208 1676/824/1676 3978/825/3978 1678/826/1678
f 1676/824/1676 80/827/80 1677/828/1677 3978/825/3978
f 3978/825/3978 1677/828/1677 81/821/81 1673/818/1673
f 1678/826/1678 3978/825/3978 1673/818/1673 205/817/205
f 133/829/133 1605/830/1605 3979/831/3979 1680/832/1680
f 1605/830/1605 79/833/79 1679/834/1679 3979/831/3979
f 3979/831/3979 1679/834/1679 80/827/80 1676/824/1676
f 1680/832/1680 3979/831/3979 1676/824/1676 208/823/208
f 475/675/475 1601/674/1601 3980/835/3980 1682/836/1682
f 1601/674/1601 345/673/345 1681/837/1681 3980/835/3980
f 3980/835/3980 1681/837/1681 348/371/348 1451/368/1451
f 1682/836/1682 3980/835/3980 1451/368/1451 477/367/477
f 257/838/257 1683/839/1683 3981/840/3981 1685/841/1685
f 1683/839/1683 105/177/105 1450/362/1450 3981/840/3981
f 3981/840/3981 1450/362/1450 130/366/130 1684/842/1684
f 1685/841/1685 3981/840/3981 1684/842/1684 259/843/259
f 255/844/255 1686/845/1686 3982/846/3982 1687/847/1687
f 1686/845/1686 106/169/106 1362/172/1362 3982/846/3982
f 3982/846/3982 1362/172/1362 105/177/105 1683/839/1683
f 1687/847/1687 3982/846/3982 1683/839/1683 257/838/257
f 253/848/253 1688/849/1688 3983/850/3983 1690/851/1690
f 1688/849/1688 107/186/107 1689/852/1689 3983/850/3983
f 3983/850/3983 1689/852/1689 106/169/106 1686/845/1686
f 1690/851/1690 3983/850/3983 1686/845/1686 255/844/255
f 251/853/251 1691/854/1691 3984/855/3984 1692/856/1692
f 1691/854/1691 108/178/108 1366/181/1366 3984/855/3984
f 3984/855/3984 1366/181/1366 107/186/107 1688/849/1688
f 1692/856/1692 3984/855/3984 1688/849/1688 253/848/253
f 249/857/249 1693/858/1693 3985/859/3985 1695/860/1695
f 1693/858/1693 109/219/109 1694/861/1694 3985/859/3985
f 3985/859/3985 1694/861/1694 108/178/108 1691/854/1691
f 1695/860/1695 3985/859/3985 1691/854/1691 251/853/251
f 247/862/247 1696/863/1696 3986/864/3986 1697/865/1697
f 1696/863/1696 110/211/110 1381/214/1381 3986/864/3986
f 3986/864/3986 1381/214/1381 109/219/109 1693/858/1693
f 1697/865/1697 3986/864/3986 1693/858/1693 249/857/249
f 245/866/245 1698/867/1698 3987/868/3987 1699/869/1699
f 1698/867/1698 111/228/111 1387/230/1387 3987/868/3987
f 3987/868/3987 1387/230/1387 110/211/110 1696/863/1696
f 1699/869/1699 3987/868/3987 1696/863/1696 247/862/247
f 243/870/243 1700/871/1700 3988/872/3988 1701/873/1701
f 1700/871/1700 112/220/112 1385/223/1385 3988/872/3988
f 3988/872/3988 1385/223/1385 111/228/111 1698/867/1698
f 1701/873/1701 3988/872/3988 1698/867/1698 245/866/245
f 241/874/241 1702/875/1702 3989/876/3989 1703/877/1703
f 1702/875/1702 113/232/113 1390/235/1390 3989/876/3989
f 3989/876/3989 1390/235/1390 112/220/112 1700/871/1700
f 1703/877/1703 3989/876/3989 1700/871/1700 243/870/243
f 239/878/239 1704/879/1704 3990/880/3990 1706/881/1706
f 1704/879/1704 114/882/114 1705/883/1705 3990/880/3990
f 3990/880/3990 1705/883/1705 113/232/113 1702/875/1702
f 1706/881/1706 3990/880/3990 1702/875/1702 241/874/241
f 237/884/237 1707/885/1707 3991/886/3991 1709/887/1709
f 1707/885/1707 115/888/115 1708/889/1708 3991/886/3991
f 3991/886/3991 1708/889/1708 114/882/114 1704/879/1704
f 1709/887/1709 3991/886/3991 1704/879/1704 239/878/239
f 235/890/235 1710/891/1710 3992/892/3992 1712/893/1712
f 1710/891/1710 116/255/116 1711/894/1711 3992/892/3992
f 3992/892/3992 1711/894/1711 115/888/115 1707/885/1707
f 1712/893/1712 3992/892/3992 1707/885/1707 237/884/237
f 233/895/233 1713/896/1713 3993/897/3993 1714/898/1714
f 1713/896/1713 117/247/117 1398/250/1398 3993/897/3993
f 3993/897/3993 1398/250/1398 116/255/116 1710/891/1710
f 1714/898/1714 3993/897/3993 1710/891/1710 235/890/235
f 231/899/231 1715/900/1715 3994/901/3994 1717/902/1717
f 1715/900/1715 118/288/118 1716/903/1716 3994/901/3994
f 3994/901/3994 1716/903/1716 117/247/117 1713/896/1713
f 1717/902/1717 3994/901/3994 1713/896/1713 233/895/233
f 229/904/229 1718/905/1718 3995/906/3995 1719/907/1719
f 1718/905/1718 119/280/119 1413/283/1413 3995/906/3995
f 3995/906/3995 1413/283/1413 118/288/118 1715/900/1715
f 1719/907/1719 3995/906/3995 1715/900/1715 231/899/231
f 227/908/227 1720/909/1720 3996/910/3996 1721/911/1721
f 1720/909/1720 120/297/120 1419/299/1419 3996/910/3996
f 3996/910/3996 1419/299/1419 119/280/119 1718/905/1718
f 1721/911/1721 3996/910/3996 1718/905/1718 229/904/229
f 225/912/225 1722/913/1722 3997/914/3997 1723/915/1723
f 1722/913/1722 121/289/121 1417/292/1417 3997/914/3997
f 3997/914/3997 1417/292/1417 120/297/120 1720/909/1720
f 1723/915/1723 3997/914/3997 1720/909/1720 227/908/227
f 223/916/223 1724/917/1724 3998/918/3998 1725/919/1725
f 1724/917/1724 122/301/122 1422/304/1422 3998/918/3998
f 3998/918/3998 1422/304/1422 121/289/121 1722/913/1722
f 1725/919/1725 3998/918/3998 1722/913/1722 225/912/225
f 221/920/221 1726/921/1726 3999/922/3999 1728/923/1728
f 1726/921/1726 123/924/123 1727/925/1727 3999/922/3999
f 3999/922/3999 1727/925/1727 122/301/122 1724/917/1724
f 1728/923/1728 3999/922/3999 1724/917/1724 223/916/223
f 219/926/219 1729/927/1729 4000/928/4000 1731/929/1731
f 1729/927/1729 124/930/124 1730/931/1730 4000/928/4000
f 4000/928/4000 1730/931/1730 123/924/123 1726/921/1726
f 1731/929/1731 4000/928/4000 1726/921/1726 221/920/221
f 217/932/217 1732/933/1732 4001/934/4001 1734/935/1734
f 1732/933/1732 125/324/125 1733/936/1733 4001/934/4001
f 4001/934/4001 1733/936/1733 124/930/124 1729/927/1729
f 1734/935/1734 4001/934/4001 1729/927/1729 219/926/219
f 215/937/215 1735/938/1735 4002/939/4002 1736/940/1736
f 1735/938/1735 126/316/126 1430/319/1430 4002/939/4002
f 4002/939/4002 1430/319/1430 125/324/125 1732/933/1732
f 1736/940/1736 4002/939/4002 1732/933/1732 217/932/217
f 213/941/213 1737/942/1737 4003/943/4003 1739/944/1739
f 1737/942/1737 127/354/127 1738/945/1738 4003/943/4003
f 4003/943/4003 1738/945/1738 126/316/126 1735/938/1735
f 1739/944/1739 4003/943/4003 1735/938/1735 215/937/215
f 211/946/211 1740/947/1740 4004/948/4004 1741/949/1741
f 1740/947/1740 128/346/128 1444/349/1444 4004/948/4004
f 4004/948/4004 1444/349/1444 127/354/127 1737/942/1737
f 1741/949/1741 4004/948/4004 1737/942/1737 213/941/213
f 467/950/467 1742/951/1742 4005/952/4005 1744/953/1744
f 1742/951/1742 418/954/418 1743/955/1743 4005/952/4005
f 4005/952/4005 1743/955/1743 132/526/132 1527/956/1527
f 1744/953/1744 4005/952/4005 1527/956/1527 206/957/206
f 418/958/418 1745/959/1745 4006/960/4006 1743/961/1743
f 1745/959/1745 419/962/419 1746/963/1746 4006/960/4006
f 4006/960/4006 1746/963/1746 134/964/134 1598/965/1598
f 1743/961/1743 4006/960/4006 1598/965/1598 132/668/132
f 465/966/465 1747/967/1747 4007/968/4007 1748/969/1748
f 1747/967/1747 467/950/467 1744/953/1744 4007/968/4007
f 4007/968/4007 1744/953/1744 206/957/206 1531/970/1531
f 1748/969/1748 4007/968/4007 1531/970/1531 203/533/203
f 53/971/53 1749/972/1749 4008/973/4008 1751/974/1751
f 1749/972/1749 133/829/133 1680/832/1680 4008/973/4008
f 4008/973/4008 1680/832/1680 208/823/208 1750/975/1750
f 1751/974/1751 4008/973/4008 1750/975/1750 54/344/54
f 463/976/463 1752/977/1752 4009/978/4009 1753/979/1753
f 1752/977/1752 465/966/465 1748/969/1748 4009/978/4009
f 4009/978/4009 1748/969/1748 203/533/203 1534/980/1534
f 1753/979/1753 4009/978/4009 1534/980/1534 200/981/200
f 204/982/204 1754/983/1754 4010/984/4010 1757/985/1757
f 1754/983/1754 207/986/207 1755/987/1755 4010/984/4010
f 4010/984/4010 1755/987/1755 468/988/468 1756/989/1756
f 1757/985/1757 4010/984/4010 1756/989/1756 466/990/466
f 461/991/461 1758/992/1758 4011/993/4011 1759/994/1759
f 1758/992/1758 463/976/463 1753/979/1753 4011/993/4011
f 4011/993/4011 1753/979/1753 200/981/200 1537/995/1537
f 1759/994/1759 4011/993/4011 1537/995/1537 197/996/197
f 201/997/201 1760/998/1760 4012/999/4012 1762/1000/1762
f 1760/998/1760 204/982/204 1757/985/1757 4012/999/4012
f 4012/999/4012 1757/985/1757 466/990/466 1761/1001/1761
f 1762/1000/1762 4012/999/4012 1761/1001/1761 464/1002/464
f 459/1003/459 1763/1004/1763 4013/1005/4013 1764/1006/1764
f 1763/1004/1763 461/991/461 1759/994/1759 4013/1005/4013
f 4013/1005/4013 1759/994/1759 197/996/197 1540/1007/1540
f 1764/1006/1764 4013/1005/4013 1540/1007/1540 194/551/194
f 198/1008/198 1765/1009/1765 4014/1010/4014 1767/1011/1767
f 1765/1009/1765 201/997/201 1762/1000/1762 4014/1010/4014
f 4014/1010/4014 1762/1000/1762 464/1002/464 1766/1012/1766
f 1767/1011/1767 4014/1010/4014 1766/1012/1766 462/1013/462
f 457/1014/457 1768/1015/1768 4015/1016/4015 1769/1017/1769
f 1768/1015/1768 459/1003/459 1764/1006/1764 4015/1016/4015
f 4015/1016/4015 1764/1006/1764 194/551/194 1543/1018/1543
f 1769/1017/1769 4015/1016/4015 1543/1018/1543 191/557/191
f 195/1019/195 1770/1020/1770 4016/1021/4016 1772/1022/1772
f 1770/1020/1770 198/1008/198 1767/1011/1767 4016/1021/4016
f 4016/1021/4016 1767/1011/1767 462/1013/462 1771/1023/1771
f 1772/1022/1772 4016/1021/4016 1771/1023/1771 460/1024/460
f 455/1025/455 1773/1026/1773 4017/1027/4017 1774/1028/1774
f 1773/1026/1773 457/1014/457 1769/1017/1769 4017/1027/4017
f 4017/1027/4017 1769/1017/1769 191/557/191 1546/564/1546
f 1774/1028/1774 4017/1027/4017 1546/564/1546 188/563/188
f 192/1029/192 1775/1030/1775 4018/1031/4018 1777/1032/1777
f 1775/1030/1775 195/1019/195 1772/1022/1772 4018/1031/4018
f 4018/1031/4018 1772/1022/1772 460/1024/460 1776/1033/1776
f 1777/1032/1777 4018/1031/4018 1776/1033/1776 458/1034/458
f 453/1035/453 1778/1036/1778 4019/1037/4019 1779/1038/1779
f 1778/1036/1778 455/1025/455 1774/1028/1774 4019/1037/4019
f 4019/1037/4019 1774/1028/1774 188/563/188 1549/1039/1549
f 1779/1038/1779 4019/1037/4019 1549/1039/1549 185/569/185
f 189/1040/189 1780/1041/1780 4020/1042/4020 1782/1043/1782
f 1780/1041/1780 192/1029/192 1777/1032/1777 4020/1042/4020
f 4020/1042/4020 1777/1032/1777 458/1034/458 1781/1044/1781
f 1782/1043/1782 4020/1042/4020 1781/1044/1781 456/1045/456
f 451/1046/451 1783/1047/1783 4021/1048/4021 1784/1049/1784
f 1783/1047/1783 453/1035/453 1779/1038/1779 4021/1048/4021
f 4021/1048/4021 1779/1038/1779 185/569/185 1552/1050/1552
f 1784/1049/1784 4021/1048/4021 1552/1050/1552 182/1051/182
f 186/1052/186 1785/1053/1785 4022/1054/4022 1787/1055/1787
f 1785/1053/1785 189/1040/189 1782/1043/1782 4022/1054/4022
f 4022/1054/4022 1782/1043/1782 456/1045/456 1786/1056/1786
f 1787/1055/1787 4022/1054/4022 1786/1056/1786 454/1057/454
f 449/1058/449 1788/1059/1788 4023/1060/4023 1789/1061/1789
f 1788/1059/1788 451/1046/451 1784/1049/1784 4023/1060/4023
f 4023/1060/4023 1784/1049/1784 182/1051/182 1555/1062/1555
f 1789/1061/1789 4023/1060/4023 1555/1062/1555 179/581/179
f 183/1063/183 1790/1064/1790 4024/1065/4024 1792/1066/1792
f 1790/1064/1790 186/1052/186 1787/1055/1787 4024/1065/4024
f 4024/1065/4024 1787/1055/1787 454/1057/454 1791/1067/1791
f 1792/1066/1792 4024/1065/4024 1791/1067/1791 452/1068/452
f 447/1069/447 1793/1070/1793 4025/1071/4025 1794/1072/1794
f 1793/1070/1793 449/1058/449 1789/1061/1789 4025/1071/4025
f 4025/1071/4025 1789/1061/1789 179/581/179 1558/588/1558
f 1794/1072/1794 4025/1071/4025 1558/588/1558 176/587/176
f 180/1073/180 1795/1074/1795 4026/1075/4026 1797/1076/1797
f 1795/1074/1795 183/1063/183 1792/1066/1792 4026/1075/4026
f 4026/1075/4026 1792/1066/1792 452/1068/452 1796/1077/1796
f 1797/1076/1797 4026/1075/4026 1796/1077/1796 450/1078/450
f 445/1079/445 1798/1080/1798 4027/1081/4027 1799/1082/1799
f 1798/1080/1798 447/1069/447 1794/1072/1794 4027/1081/4027
f 4027/1081/4027 1794/1072/1794 176/587/176 1561/594/1561
f 1799/1082/1799 4027/1081/4027 1561/594/1561 173/1083/173
f 177/1084/177 1800/1085/1800 4028/1086/4028 1802/1087/1802
f 1800/1085/1800 180/1073/180 1797/1076/1797 4028/1086/4028
f 4028/1086/4028 1797/1076/1797 450/1078/450 1801/1088/1801
f 1802/1087/1802 4028/1086/4028 1801/1088/1801 448/1089/448
f 443/1090/443 1803/1091/1803 4029/1092/4029 1804/1093/1804
f 1803/1091/1803 445/1079/445 1799/1082/1799 4029/1092/4029
f 4029/1092/4029 1799/1082/1799 173/1083/173 1564/1094/1564
f 1804/1093/1804 4029/1092/4029 1564/1094/1564 170/599/170
f 174/1095/174 1805/1096/1805 4030/1097/4030 1807/1098/1807
f 1805/1096/1805 177/1084/177 1802/1087/1802 4030/1097/4030
f 4030/1097/4030 1802/1087/1802 448/1089/448 1806/1099/1806
f 1807/1098/1807 4030/1097/4030 1806/1099/1806 446/1100/446
f 441/1101/441 1808/1102/1808 4031/1103/4031 1809/1104/1809
f 1808/1102/1808 443/1090/443 1804/1093/1804 4031/1103/4031
f 4031/1103/4031 1804/1093/1804 170/599/170 1567/1105/1567
f 1809/1104/1809 4031/1103/4031 1567/1105/1567 167/1106/167
f 171/1107/171 1810/1108/1810 4032/1109/4032 1812/1110/1812
f 1810/1108/1810 174/1095/174 1807/1098/1807 4032/1109/4032
f 4032/1109/4032 1807/1098/1807 446/1100/446 1811/1111/1811
f 1812/1110/1812 4032/1109/4032 1811/1111/1811 444/1112/444
f 439/1113/439 1813/1114/1813 4033/1115/4033 1814/1116/1814
f 1813/1114/1813 441/1101/441 1809/1104/1809 4033/1115/4033
f 4033/1115/4033 1809/1104/1809 167/1106/167 1570/1117/1570
f 1814/1116/1814 4033/1115/4033 1570/1117/1570 164/1118/164
f 168/1119/168 1815/1120/1815 4034/1121/4034 1817/1122/1817
f 1815/1120/1815 171/1107/171 1812/1110/1812 4034/1121/4034
f 4034/1121/4034 1812/1110/1812 444/1112/444 1816/1123/1816
f 1817/1122/1817 4034/1121/4034 1816/1123/1816 442/1124/442
f 437/1125/437 1818/1126/1818 4035/1127/4035 1819/1128/1819
f 1818/1126/1818 439/1113/439 1814/1116/1814 4035/1127/4035
f 4035/1127/4035 1814/1116/1814 164/1118/164 1573/1129/1573
f 1819/1128/1819 4035/1127/4035 1573/1129/1573 161/1130/161
f 165/1131/165 1820/1132/1820 4036/1133/4036 1822/1134/1822
f 1820/1132/1820 168/1119/168 1817/1122/1817 4036/1133/4036
f 4036/1133/4036 1817/1122/1817 442/1124/442 1821/1135/1821
f 1822/1134/1822 4036/1133/4036 1821/1135/1821 440/1136/440
f 435/1137/435 1823/1138/1823 4037/1139/4037 1824/1140/1824
f 1823/1138/1823 437/1125/437 1819/1128/1819 4037/1139/4037
f 4037/1139/4037 1819/1128/1819 161/1130/161 1576/1141/1576
f 1824/1140/1824 4037/1139/4037 1576/1141/1576 158/623/158
f 162/1142/162 1825/1143/1825 4038/1144/4038 1827/1145/1827
f 1825/1143/1825 165/1131/165 1822/1134/1822 4038/1144/4038
f 4038/1144/4038 1822/1134/1822 440/1136/440 1826/1146/1826
f 1827/1145/1827 4038/1144/4038 1826/1146/1826 438/1147/438
f 433/1148/433 1828/1149/1828 4039/1150/4039 1829/1151/1829
f 1828/1149/1828 435/1137/435 1824/1140/1824 4039/1150/4039
f 4039/1150/4039 1824/1140/1824 158/623/158 1579/1152/1579
f 1829/1151/1829 4039/1150/4039 1579/1152/1579 155/629/155
f 159/1153/159 1830/1154/1830 4040/1155/4040 1832/1156/1832
f 1830/1154/1830 162/1142/162 1827/1145/1827 4040/1155/4040
f 4040/1155/4040 1827/1145/1827 438/1147/438 1831/1157/1831
f 1832/1156/1832 4040/1155/4040 1831/1157/1831 436/1158/436
f 431/1159/431 1833/1160/1833 4041/1161/4041 1834/1162/1834
f 1833/1160/1833 433/1148/433 1829/1151/1829 4041/1161/4041
f 4041/1161/4041 1829/1151/1829 155/629/155 1582/1163/1582
f 1834/1162/1834 4041/1161/4041 1582/1163/1582 152/1164/152
f 156/1165/156 1835/1166/1835 4042/1167/4042 1837/1168/1837
f 1835/1166/1835 159/1153/159 1832/1156/1832 4042/1167/4042
f 4042/1167/4042 1832/1156/1832 436/1158/436 1836/1169/1836
f 1837/1168/1837 4042/1167/4042 1836/1169/1836 434/1170/434
f 429/1171/429 1838/1172/1838 4043/1173/4043 1839/1174/1839
f 1838/1172/1838 431/1159/431 1834/1162/1834 4043/1173/4043
f 4043/1173/4043 1834/1162/1834 152/1164/152 1585/1175/1585
f 1839/1174/1839 4043/1173/4043 1585/1175/1585 149/1176/149
f 153/1177/153 1840/1178/1840 4044/1179/4044 1842/1180/1842
f 1840/1178/1840 156/1165/156 1837/1168/1837 4044/1179/4044
f 4044/1179/4044 1837/1168/1837 434/1170/434 1841/1181/1841
f 1842/1180/1842 4044/1179/4044 1841/1181/1841 432/1182/432
f 427/1183/427 1843/1184/1843 4045/1185/4045 1844/1186/1844
f 1843/1184/1843 429/1171/429 1839/1174/1839 4045/1185/4045
f 4045/1185/4045 1839/1174/1839 149/1176/149 1588/1187/1588
f 1844/1186/1844 4045/1185/4045 1588/1187/1588 146/1188/146
f 150/1189/150 1845/1190/1845 4046/1191/4046 1847/1192/1847
f 1845/1190/1845 153/1177/153 1842/1180/1842 4046/1191/4046
f 4046/1191/4046 1842/1180/1842 432/1182/432 1846/1193/1846
f 1847/1192/1847 4046/1191/4046 1846/1193/1846 430/1194/430
f 425/1195/425 1848/1196/1848 4047/1197/4047 1849/1198/1849
f 1848/1196/1848 427/1183/427 1844/1186/1844 4047/1197/4047
f 4047/1197/4047 1844/1186/1844 146/1188/146 1591/1199/1591
f 1849/1198/1849 4047/1197/4047 1591/1199/1591 143/653/143
f 147/1200/147 1850/1201/1850 4048/1202/4048 1852/1203/1852
f 1850/1201/1850 150/1189/150 1847/1192/1847 4048/1202/4048
f 4048/1202/4048 1847/1192/1847 430/1194/430 1851/1204/1851
f 1852/1203/1852 4048/1202/4048 1851/1204/1851 428/1205/428
f 423/1206/423 1853/1207/1853 4049/1208/4049 1854/1209/1854
f 1853/1207/1853 425/1195/425 1849/1198/1849 4049/1208/4049
f 4049/1208/4049 1849/1198/1849 143/653/143 1594/1210/1594
f 1854/1209/1854 4049/1208/4049 1594/1210/1594 140/659/140
f 144/1211/144 1855/1212/1855 4050/1213/4050 1857/1214/1857
f 1855/1212/1855 147/1200/147 1852/1203/1852 4050/1213/4050
f 4050/1213/4050 1852/1203/1852 428/1205/428 1856/1215/1856
f 1857/1214/1857 4050/1213/4050 1856/1215/1856 426/1216/426
f 421/1217/421 1858/1218/1858 4051/1219/4051 1859/1220/1859
f 1858/1218/1858 423/1206/423 1854/1209/1854 4051/1219/4051
f 4051/1219/4051 1854/1209/1854 140/659/140 1596/1221/1596
f 1859/1220/1859 4051/1219/4051 1596/1221/1596 137/517/137
f 141/1222/141 1860/1223/1860 4052/1224/4052 1862/1225/1862
f 1860/1223/1860 144/1211/144 1857/1214/1857 4052/1224/4052
f 4052/1224/4052 1857/1214/1857 426/1216/426 1861/1226/1861
f 1862/1225/1862 4052/1224/4052 1861/1226/1861 424/1227/424
f 419/962/419 1863/1228/1863 4053/1229/4053 1746/963/1746
f 1863/1228/1863 421/1217/421 1859/1220/1859 4053/1229/4053
f 4053/1229/4053 1859/1220/1859 137/517/137 1523/1230/1523
f 1746/963/1746 4053/1229/4053 1523/1230/1523 134/964/134
f 138/1231/138 1864/1232/1864 4054/1233/4054 1866/1234/1866
f 1864/1232/1864 141/1222/141 1862/1225/1862 4054/1233/4054
f 4054/1233/4054 1862/1225/1862 424/1227/424 1865/1235/1865
f 1866/1234/1866 4054/1233/4054 1865/1235/1865 422/1236/422
f 207/986/207 1867/1237/1867 4055/1238/4055 1755/987/1755
f 1867/1237/1867 131/1239/131 1868/1240/1868 4055/1238/4055
f 4055/1238/4055 1868/1240/1868 417/1241/417 1869/1242/1869
f 1755/987/1755 4055/1238/4055 1869/1242/1869 468/988/468
f 135/1243/135 1870/1244/1870 4056/1245/4056 1872/1246/1872
f 1870/1244/1870 138/1231/138 1866/1234/1866 4056/1245/4056
f 4056/1245/4056 1866/1234/1866 422/1236/422 1871/1247/1871
f 1872/1246/1872 4056/1245/4056 1871/1247/1871 420/1248/420
f 131/1249/131 1873/1250/1873 4057/1251/4057 1876/1252/1876
f 1873/1250/1873 260/1253/260 1874/1254/1874 4057/1251/4057
f 4057/1251/4057 1874/1254/1874 210/1255/210 1875/1256/1875
f 1876/1252/1876 4057/1251/4057 1875/1256/1875 135/1257/135
f 259/1258/259 1684/1259/1684 4058/1260/4058 1879/1261/1879
f 1684/1259/1684 130/1262/130 1877/1263/1877 4058/1260/4058
f 4058/1260/4058 1877/1263/1877 129/355/129 1878/1264/1878
f 1879/1261/1879 4058/1260/4058 1878/1264/1878 209/1265/209
f 264/1266/264 1880/1267/1880 4059/1268/4059 1883/1269/1883
f 1880/1267/1880 78/1270/78 1881/1271/1881 4059/1268/4059
f 4059/1268/4059 1881/1271/1881 53/1272/53 1882/1273/1882
f 1883/1269/1883 4059/1268/4059 1882/1273/1882 262/1274/262
f 107/186/107 1365/185/1365 4060/1275/4060 1689/852/1689
f 1365/185/1365 337/184/337 1884/1276/1884 4060/1275/4060
f 4060/1275/4060 1884/1276/1884 292/173/292 1359/170/1359
f 1689/852/1689 4060/1275/4060 1359/170/1359 106/169/106
f 285/339/285 1436/338/1436 4061/1277/4061 1887/1278/1887
f 1436/338/1436 57/337/57 1885/1279/1885 4061/1277/4061
f 4061/1277/4061 1885/1279/1885 58/1280/58 1886/1281/1886
f 1887/1278/1887 4061/1277/4061 1886/1281/1886 318/1282/318
f 127/354/127 1443/353/1443 4062/1283/4062 1738/945/1738
f 1443/353/1443 313/352/313 1888/1284/1888 4062/1283/4062
f 4062/1283/4062 1888/1284/1888 286/320/286 1427/317/1427
f 1738/945/1738 4062/1283/4062 1427/317/1427 126/316/126
f 318/1282/318 1886/1281/1886 4063/1285/4063 1890/1286/1890
f 1886/1281/1886 58/1280/58 1889/1287/1889 4063/1285/4063
f 4063/1285/4063 1889/1287/1889 59/311/59 1423/308/1423
f 1890/1286/1890 4063/1285/4063 1423/308/1423 309/307/309
f 282/315/282 1425/314/1425 4064/1288/4064 1893/1289/1893
f 1425/314/1425 60/313/60 1891/1290/1891 4064/1288/4064
f 4064/1288/4064 1891/1290/1891 61/1291/61 1892/1292/1892
f 1893/1289/1893 4064/1288/4064 1892/1292/1892 321/1293/321
f 124/930/124 1894/1294/1894 4065/1295/4065 1730/931/1730
f 1894/1294/1894 310/1296/310 1895/1297/1895 4065/1295/4065
f 4065/1295/4065 1895/1297/1895 283/1298/283 1896/1299/1896
f 1730/931/1730 4065/1295/4065 1896/1299/1896 123/924/123
f 125/324/125 1429/323/1429 4066/1300/4066 1733/936/1733
f 1429/323/1429 319/322/319 1897/1301/1897 4066/1300/4066
f 4066/1300/4066 1897/1301/1897 310/1296/310 1894/1294/1894
f 1733/936/1733 4066/1300/4066 1894/1294/1894 124/930/124
f 123/924/123 1896/1299/1896 4067/1302/4067 1727/925/1727
f 1896/1299/1896 283/1298/283 1898/1303/1898 4067/1302/4067
f 4067/1302/4067 1898/1303/1898 322/305/322 1420/302/1420
f 1727/925/1727 4067/1302/4067 1420/302/1420 122/301/122
f 279/279/279 1408/278/1408 4068/1304/4068 1900/1305/1900
f 1408/278/1408 63/277/63 1899/1306/1899 4068/1304/4068
f 4068/1304/4068 1899/1306/1899 64/260/64 1399/257/1399
f 1900/1305/1900 4068/1304/4068 1399/257/1399 324/256/324
f 321/1293/321 1892/1292/1892 4069/1307/4069 1902/1308/1902
f 1892/1292/1892 61/1291/61 1901/1309/1901 4069/1307/4069
f 4069/1307/4069 1901/1309/1901 62/275/62 1406/272/1406
f 1902/1308/1902 4069/1307/4069 1406/272/1406 306/271/306
f 276/270/276 1404/269/1404 4070/1310/4070 1905/1311/1905
f 1404/269/1404 66/268/66 1903/1312/1903 4070/1310/4070
f 4070/1310/4070 1903/1312/1903 67/1313/67 1904/1314/1904
f 1905/1311/1905 4070/1310/4070 1904/1314/1904 327/1315/327
f 118/288/118 1412/287/1412 4071/1316/4071 1716/903/1716
f 1412/287/1412 304/286/304 1906/1317/1906 4071/1316/4071
f 4071/1316/4071 1906/1317/1906 277/251/277 1395/248/1395
f 1716/903/1716 4071/1316/4071 1395/248/1395 117/247/117
f 327/1315/327 1904/1314/1904 4072/1318/4072 1908/1319/1908
f 1904/1314/1904 67/1313/67 1907/1320/1907 4072/1318/4072
f 4072/1318/4072 1907/1320/1907 68/242/68 1391/239/1391
f 1908/1319/1908 4072/1318/4072 1391/239/1391 300/238/300
f 273/246/273 1393/245/1393 4073/1321/4073 1911/1322/1911
f 1393/245/1393 69/244/69 1909/1323/1909 4073/1321/4073
f 4073/1321/4073 1909/1323/1909 70/1324/70 1910/1325/1910
f 1911/1322/1911 4073/1321/4073 1910/1325/1910 330/1326/330
f 115/888/115 1912/1327/1912 4074/1328/4074 1708/889/1708
f 1912/1327/1912 301/1329/301 1913/1330/1913 4074/1328/4074
f 4074/1328/4074 1913/1330/1913 274/1331/274 1914/1332/1914
f 1708/889/1708 4074/1328/4074 1914/1332/1914 114/882/114
f 116/255/116 1397/254/1397 4075/1333/4075 1711/894/1711
f 1397/254/1397 328/253/328 1915/1334/1915 4075/1333/4075
f 4075/1333/4075 1915/1334/1915 301/1329/301 1912/1327/1912
f 1711/894/1711 4075/1333/4075 1912/1327/1912 115/888/115
f 114/882/114 1914/1332/1914 4076/1335/4076 1705/883/1705
f 1914/1332/1914 274/1331/274 1916/1336/1916 4076/1335/4076
f 4076/1335/4076 1916/1336/1916 331/236/331 1388/233/1388
f 1705/883/1705 4076/1335/4076 1388/233/1388 113/232/113
f 270/210/270 1376/209/1376 4077/1337/4077 1918/1338/1918
f 1376/209/1376 72/208/72 1917/1339/1917 4077/1337/4077
f 4077/1337/4077 1917/1339/1917 73/191/73 1367/188/1367
f 1918/1338/1918 4077/1337/4077 1367/188/1367 333/187/333
f 330/1326/330 1910/1325/1910 4078/1340/4078 1920/1341/1920
f 1910/1325/1910 70/1324/70 1919/1342/1919 4078/1340/4078
f 4078/1340/4078 1919/1342/1919 71/206/71 1374/203/1374
f 1920/1341/1920 4078/1340/4078 1374/203/1374 297/202/297
f 267/201/267 1372/200/1372 4079/1343/4079 1923/1344/1923
f 1372/200/1372 75/199/75 1921/1345/1921 4079/1343/4079
f 4079/1343/4079 1921/1345/1921 76/1346/76 1922/1347/1922
f 1923/1344/1923 4079/1343/4079 1922/1347/1922 336/1348/336
f 109/219/109 1380/218/1380 4080/1349/4080 1694/861/1694
f 1380/218/1380 295/217/295 1924/1350/1924 4080/1349/4080
f 4080/1349/4080 1924/1350/1924 268/182/268 1363/179/1363
f 1694/861/1694 4080/1349/4080 1363/179/1363 108/178/108
f 336/1348/336 1922/1347/1922 4081/1351/4081 1927/1352/1927
f 1922/1347/1922 76/1346/76 1925/1353/1925 4081/1351/4081
f 4081/1351/4081 1925/1353/1925 77/1354/77 1926/1355/1926
f 1927/1352/1927 4081/1351/4081 1926/1355/1926 291/1356/291
f 291/1356/291 1926/1355/1926 4082/1357/4082 1929/1358/1929
f 1926/1355/1926 77/1354/77 1928/1359/1928 4082/1357/4082
f 4082/1357/4082 1928/1359/1928 78/1270/78 1880/1267/1880
f 1929/1358/1929 4082/1357/4082 1880/1267/1880 264/1266/264
f 130/1262/130 1449/1360/1449 4083/1361/4083 1877/1263/1877
f 1449/1360/1449 261/1362/261 1930/1363/1930 4083/1361/4083
f 4083/1361/4083 1930/1363/1930 289/359/289 1445/356/1445
f 1877/1263/1877 4083/1361/4083 1445/356/1445 129/355/129
f 259/1364/259 1879/1365/1879 4084/1366/4084 1932/1367/1932
f 1879/1365/1879 209/1368/209 1931/1369/1931 4084/1366/4084
f 4084/1366/4084 1931/1369/1931 210/1370/210 1874/1371/1874
f 1932/1367/1932 4084/1366/4084 1874/1371/1874 260/1253/260
f 135/1257/135 1875/1256/1875 4085/1372/4085 1870/1244/1870
f 1875/1256/1875 210/1255/210 1933/1373/1933 4085/1372/4085
f 4085/1372/4085 1933/1373/1933 212/1374/212 1934/1375/1934
f 1870/1244/1870 4085/1372/4085 1934/1375/1934 138/1231/138
f 209/1368/209 1935/1376/1935 4086/1377/4086 1931/1369/1931
f 1935/1376/1935 211/1378/211 1936/1379/1936 4086/1377/4086
f 4086/1377/4086 1936/1379/1936 212/1374/212 1933/1373/1933
f 1931/1369/1931 4086/1377/4086 1933/1373/1933 210/1370/210
f 138/1231/138 1934/1375/1934 4087/1380/4087 1864/1381/1864
f 1934/1375/1934 212/1374/212 1937/1382/1937 4087/1380/4087
f 4087/1380/4087 1937/1382/1937 214/1383/214 1938/1384/1938
f 1864/1381/1864 4087/1380/4087 1938/1384/1938 141/1385/141
f 211/1378/211 1741/1386/1741 4088/1387/4088 1936/1379/1936
f 1741/1386/1741 213/1388/213 1939/1389/1939 4088/1387/4088
f 4088/1387/4088 1939/1389/1939 214/1390/214 1937/1391/1937
f 1936/1379/1936 4088/1387/4088 1937/1391/1937 212/1374/212
f 141/1385/141 1938/1384/1938 4089/1392/4089 1860/1393/1860
f 1938/1384/1938 214/1383/214 1940/1394/1940 4089/1392/4089
f 4089/1392/4089 1940/1394/1940 216/1395/216 1941/1396/1941
f 1860/1393/1860 4089/1392/4089 1941/1396/1941 144/1397/144
f 213/1388/213 1739/1398/1739 4090/1399/4090 1939/1389/1939
f 1739/1398/1739 215/1400/215 1942/1401/1942 4090/1399/4090
f 4090/1399/4090 1942/1401/1942 216/1402/216 1940/1403/1940
f 1939/1389/1939 4090/1399/4090 1940/1403/1940 214/1390/214
f 144/1397/144 1941/1396/1941 4091/1404/4091 1855/1405/1855
f 1941/1396/1941 216/1395/216 1943/1406/1943 4091/1404/4091
f 4091/1404/4091 1943/1406/1943 218/1407/218 1944/1408/1944
f 1855/1405/1855 4091/1404/4091 1944/1408/1944 147/1409/147
f 215/1400/215 1736/1410/1736 4092/1411/4092 1942/1401/1942
f 1736/1410/1736 217/1412/217 1945/1413/1945 4092/1411/4092
f 4092/1411/4092 1945/1413/1945 218/1414/218 1943/1406/1943
f 1942/1401/1942 4092/1411/4092 1943/1406/1943 216/1402/216
f 147/1409/147 1944/1408/1944 4093/1415/4093 1850/1201/1850
f 1944/1408/1944 218/1407/218 1946/1416/1946 4093/1415/4093
f 4093/1415/4093 1946/1416/1946 220/1417/220 1947/1418/1947
f 1850/1201/1850 4093/1415/4093 1947/1418/1947 150/1419/150
f 217/1412/217 1734/1420/1734 4094/1421/4094 1945/1413/1945
f 1734/1420/1734 219/1422/219 1948/1423/1948 4094/1421/4094
f 4094/1421/4094 1948/1423/1948 220/1424/220 1946/1416/1946
f 1945/1413/1945 4094/1421/4094 1946/1416/1946 218/1414/218
f 150/1419/150 1947/1418/1947 4095/1425/4095 1845/1426/1845
f 1947/1418/1947 220/1417/220 1949/1427/1949 4095/1425/4095
f 4095/1425/4095 1949/1427/1949 222/1428/222 1950/1429/1950
f 1845/1426/1845 4095/1425/4095 1950/1429/1950 153/1430/153
f 219/1422/219 1731/1431/1731 4096/1432/4096 1948/1423/1948
f 1731/1431/1731 221/1433/221 1951/1434/1951 4096/1432/4096
f 4096/1432/4096 1951/1434/1951 222/1435/222 1949/1436/1949
f 1948/1423/1948 4096/1432/4096 1949/1436/1949 220/1424/220
f 153/1430/153 1950/1429/1950 4097/1437/4097 1840/1438/1840
f 1950/1429/1950 222/1428/222 1952/1439/1952 4097/1437/4097
f 4097/1437/4097 1952/1439/1952 224/1440/224 1953/1441/1953
f 1840/1438/1840 4097/1437/4097 1953/1441/1953 156/1442/156
f 221/1433/221 1728/1443/1728 4098/1444/4098 1951/1434/1951
f 1728/1443/1728 223/1445/223 1954/1446/1954 4098/1444/4098
f 4098/1444/4098 1954/1446/1954 224/1440/224 1952/1447/1952
f 1951/1434/1951 4098/1444/4098 1952/1447/1952 222/1435/222
f 156/1442/156 1953/1441/1953 4099/1448/4099 1835/1449/1835
f 1953/1441/1953 224/1440/224 1955/1450/1955 4099/1448/4099
f 4099/1448/4099 1955/1450/1955 226/1451/226 1956/1452/1956
f 1835/1449/1835 4099/1448/4099 1956/1452/1956 159/1453/159
f 223/1445/223 1725/1454/1725 4100/1455/4100 1954/1446/1954
f 1725/1454/1725 225/1456/225 1957/1457/1957 4100/1455/4100
f 4100/1455/4100 1957/1457/1957 226/1458/226 1955/1450/1955
f 1954/1446/1954 4100/1455/4100 1955/1450/1955 224/1440/224
f 159/1453/159 1956/1452/1956 4101/1459/4101 1830/1460/1830
f 1956/1452/1956 226/1451/226 1958/1461/1958 4101/1459/4101
f 4101/1459/4101 1958/1461/1958 228/1462/228 1959/1463/1959
f 1830/1460/1830 4101/1459/4101 1959/1463/1959 162/1464/162
f 225/1456/225 1723/1465/1723 4102/1466/4102 1957/1457/1957
f 1723/1465/1723 227/1467/227 1960/1468/1960 4102/1466/4102
f 4102/1466/4102 1960/1468/1960 228/1469/228 1958/1461/1958
f 1957/1457/1957 4102/1466/4102 1958/1461/1958 226/1458/226
f 162/1464/162 1959/1463/1959 4103/1470/4103 1825/1471/1825
f 1959/1463/1959 228/1462/228 1961/1472/1961 4103/1470/4103
f 4103/1470/4103 1961/1472/1961 230/1473/230 1962/1474/1962
f 1825/1471/1825 4103/1470/4103 1962/1474/1962 165/1475/165
f 227/1467/227 1721/1476/1721 4104/1477/4104 1960/1468/1960
f 1721/1476/1721 229/1478/229 1963/1479/1963 4104/1477/4104
f 4104/1477/4104 1963/1479/1963 230/1480/230 1961/1472/1961
f 1960/1468/1960 4104/1477/4104 1961/1472/1961 228/1469/228
f 165/1475/165 1962/1474/1962 4105/1481/4105 1820/1482/1820
f 1962/1474/1962 230/1473/230 1964/1483/1964 4105/1481/4105
f 4105/1481/4105 1964/1483/1964 232/1484/232 1965/1485/1965
f 1820/1482/1820 4105/1481/4105 1965/1485/1965 168/1486/168
f 229/1478/229 1719/1487/1719 4106/1488/4106 1963/1479/1963
f 1719/1487/1719 231/1489/231 1966/1490/1966 4106/1488/4106
f 4106/1488/4106 1966/1490/1966 232/1491/232 1964/1483/1964
f 1963/1479/1963 4106/1488/4106 1964/1483/1964 230/1480/230
f 168/1486/168 1965/1485/1965 4107/1492/4107 1815/1493/1815
f 1965/1485/1965 232/1484/232 1967/1494/1967 4107/1492/4107
f 4107/1492/4107 1967/1494/1967 234/1495/234 1968/1496/1968
f 1815/1493/1815 4107/1492/4107 1968/1496/1968 171/1497/171
f 231/1489/231 1717/1498/1717 4108/1499/4108 1966/1490/1966
f 1717/1498/1717 233/1500/233 1969/1501/1969 4108/1499/4108
f 4108/1499/4108 1969/1501/1969 234/1502/234 1967/1503/1967
f 1966/1490/1966 4108/1499/4108 1967/1503/1967 232/1491/232
f 171/1497/171 1968/1496/1968 4109/1504/4109 1810/1505/1810
f 1968/1496/1968 234/1495/234 1970/1506/1970 4109/1504/4109
f 4109/1504/4109 1970/1506/1970 236/1507/236 1971/1508/1971
f 1810/1505/1810 4109/1504/4109 1971/1508/1971 174/1095/174
f 233/1500/233 1714/1509/1714 4110/1510/4110 1969/1501/1969
f 1714/1509/1714 235/1511/235 1972/1512/1972 4110/1510/4110
f 4110/1510/4110 1972/1512/1972 236/1513/236 1970/1514/1970
f 1969/1501/1969 4110/1510/4110 1970/1514/1970 234/1502/234
f 174/1095/174 1971/1508/1971 4111/1515/4111 1805/1096/1805
f 1971/1508/1971 236/1507/236 1973/1516/1973 4111/1515/4111
f 4111/1515/4111 1973/1516/1973 238/1517/238 1974/1518/1974
f 1805/1096/1805 4111/1515/4111 1974/1518/1974 177/1084/177
f 235/1511/235 1712/1519/1712 4112/1520/4112 1972/1512/1972
f 1712/1519/1712 237/1521/237 1975/1522/1975 4112/1520/4112
f 4112/1520/4112 1975/1522/1975 238/1517/238 1973/1523/1973
f 1972/1512/1972 4112/1520/4112 1973/1523/1973 236/1513/236
f 177/1084/177 1974/1518/1974 4113/1524/4113 1800/1085/1800
f 1974/1518/1974 238/1517/238 1976/1525/1976 4113/1524/4113
f 4113/1524/4113 1976/1525/1976 240/1526/240 1977/1527/1977
f 1800/1085/1800 4113/1524/4113 1977/1527/1977 180/1073/180
f 237/1521/237 1709/1528/1709 4114/1529/4114 1975/1522/1975
f 1709/1528/1709 239/1530/239 1978/1531/1978 4114/1529/4114
f 4114/1529/4114 1978/1531/1978 240/1526/240 1976/1525/1976
f 1975/1522/1975 4114/1529/4114 1976/1525/1976 238/1517/238
f 180/1073/180 1977/1527/1977 4115/1532/4115 1795/1533/1795
f 1977/1527/1977 240/1526/240 1979/1534/1979 4115/1532/4115
f 4115/1532/4115 1979/1534/1979 242/1535/242 1980/1536/1980
f 1795/1533/1795 4115/1532/4115 1980/1536/1980 183/1537/183
f 239/1530/239 1706/1538/1706 4116/1539/4116 1978/1531/1978
f 1706/1538/1706 241/1540/241 1981/1541/1981 4116/1539/4116
f 4116/1539/4116 1981/1541/1981 242/1542/242 1979/1543/1979
f 1978/1531/1978 4116/1539/4116 1979/1543/1979 240/1526/240
f 183/1537/183 1980/1536/1980 4117/1544/4117 1790/1545/1790
f 1980/1536/1980 242/1535/242 1982/1546/1982 4117/1544/4117
f 4117/1544/4117 1982/1546/1982 244/1547/244 1983/1548/1983
f 1790/1545/1790 4117/1544/4117 1983/1548/1983 186/1549/186
f 241/1540/241 1703/1550/1703 4118/1551/4118 1981/1541/1981
f 1703/1550/1703 243/1552/243 1984/1553/1984 4118/1551/4118
f 4118/1551/4118 1984/1553/1984 244/1547/244 1982/1554/1982
f 1981/1541/1981 4118/1551/4118 1982/1554/1982 242/1542/242
f 186/1549/186 1983/1548/1983 4119/1555/4119 1785/1556/1785
f 1983/1548/1983 244/1547/244 1985/1557/1985 4119/1555/4119
f 4119/1555/4119 1985/1557/1985 246/1558/246 1986/1559/1986
f 1785/1556/1785 4119/1555/4119 1986/1559/1986 189/1560/189
f 243/1552/243 1701/873/1701 4120/1561/4120 1984/1553/1984
f 1701/873/1701 245/866/245 1987/1562/1987 4120/1561/4120
f 4120/1561/4120 1987/1562/1987 246/1563/246 1985/1564/1985
f 1984/1553/1984 4120/1561/4120 1985/1564/1985 244/1547/244
f 189/1560/189 1986/1559/1986 4121/1565/4121 1780/1566/1780
f 1986/1559/1986 246/1558/246 1988/1567/1988 4121/1565/4121
f 4121/1565/4121 1988/1567/1988 248/1568/248 1989/1569/1989
f 1780/1566/1780 4121/1565/4121 1989/1569/1989 192/1570/192
f 245/866/245 1699/869/1699 4122/1571/4122 1987/1562/1987
f 1699/869/1699 247/862/247 1990/1572/1990 4122/1571/4122
f 4122/1571/4122 1990/1572/1990 248/1573/248 1988/1574/1988
f 1987/1562/1987 4122/1571/4122 1988/1574/1988 246/1563/246
f 192/1570/192 1989/1569/1989 4123/1575/4123 1775/1576/1775
f 1989/1569/1989 248/1568/248 1991/1577/1991 4123/1575/4123
f 4123/1575/4123 1991/1577/1991 250/1578/250 1992/1579/1992
f 1775/1576/1775 4123/1575/4123 1992/1579/1992 195/1019/195
f 247/862/247 1697/865/1697 4124/1580/4124 1990/1572/1990
f 1697/865/1697 249/1581/249 1993/1582/1993 4124/1580/4124
f 4124/1580/4124 1993/1582/1993 250/1583/250 1991/1584/1991
f 1990/1572/1990 4124/1580/4124 1991/1584/1991 248/1573/248
f 195/1019/195 1992/1579/1992 4125/1585/4125 1770/1586/1770
f 1992/1579/1992 250/1578/250 1994/1587/1994 4125/1585/4125
f 4125/1585/4125 1994/1587/1994 252/1588/252 1995/1589/1995
f 1770/1586/1770 4125/1585/4125 1995/1589/1995 198/1590/198
f 249/1581/249 1695/860/1695 4126/1591/4126 1993/1582/1993
f 1695/860/1695 251/1592/251 1996/1593/1996 4126/1591/4126
f 4126/1591/4126 1996/1593/1996 252/1594/252 1994/1595/1994
f 1993/1582/1993 4126/1591/4126 1994/1595/1994 250/1583/250
f 198/1590/198 1995/1589/1995 4127/1596/4127 1765/1597/1765
f 1995/1589/1995 252/1588/252 1997/1598/1997 4127/1596/4127
f 4127/1596/4127 1997/1598/1997 254/1599/254 1998/1600/1998
f 1765/1597/1765 4127/1596/4127 1998/1600/1998 201/1601/201
f 251/1592/251 1692/1602/1692 4128/1603/4128 1996/1593/1996
f 1692/1602/1692 253/1604/253 1999/1605/1999 4128/1603/4128
f 4128/1603/4128 1999/1605/1999 254/1606/254 1997/1607/1997
f 1996/1593/1996 4128/1603/4128 1997/1607/1997 252/1594/252
f 201/1601/201 1998/1600/1998 4129/1608/4129 1760/1609/1760
f 1998/1600/1998 254/1599/254 2000/1610/2000 4129/1608/4129
f 4129/1608/4129 2000/1610/2000 256/1611/256 2001/1612/2001
f 1760/1609/1760 4129/1608/4129 2001/1612/2001 204/1613/204
f 253/1604/253 1690/851/1690 4130/1614/4130 1999/1605/1999
f 1690/851/1690 255/1615/255 2002/1616/2002 4130/1614/4130
f 4130/1614/4130 2002/1616/2002 256/1611/256 2000/1617/2000
f 1999/1605/1999 4130/1614/4130 2000/1617/2000 254/1606/254
f 204/1613/204 2001/1612/2001 4131/1618/4131 1754/1619/1754
f 2001/1612/2001 256/1611/256 2003/1620/2003 4131/1618/4131
f 4131/1618/4131 2003/1620/2003 258/1621/258 2004/1622/2004
f 1754/1619/1754 4131/1618/4131 2004/1622/2004 207/1623/207
f 255/1615/255 1687/847/1687 4132/1624/4132 2002/1616/2002
f 1687/847/1687 257/1625/257 2005/1626/2005 4132/1624/4132
f 4132/1624/4132 2005/1626/2005 258/1627/258 2003/1628/2003
f 2002/1616/2002 4132/1624/4132 2003/1628/2003 256/1611/256
f 207/1623/207 2004/1622/2004 4133/1629/4133 1867/1237/1867
f 2004/1622/2004 258/1621/258 2006/1630/2006 4133/1629/4133
f 4133/1629/4133 2006/1630/2006 260/1631/260 1873/1632/1873
f 1867/1237/1867 4133/1629/4133 1873/1632/1873 131/1239/131
f 257/1625/257 1685/841/1685 4134/1633/4134 2005/1626/2005
f 1685/841/1685 259/1634/259 1932/1635/1932 4134/1633/4134
f 4134/1633/4134 1932/1635/1932 260/1631/260 2006/1630/2006
f 2005/1626/2005 4134/1633/4134 2006/1630/2006 258/1627/258
f 209/1265/209 1878/1264/1878 4135/1636/4135 1935/1637/1935
f 1878/1264/1878 129/355/129 1447/358/1447 4135/1636/4135
f 4135/1636/4135 1447/358/1447 128/346/128 1740/947/1740
f 1935/1637/1935 4135/1636/4135 1740/947/1740 211/946/211
f 262/1638/262 2007/1639/2007 4136/1640/4136 2010/1641/2010
f 2007/1639/2007 288/340/288 2008/1642/2008 4136/1640/4136
f 4136/1640/4136 2008/1642/2008 290/1643/290 2009/1644/2009
f 2010/1641/2010 4136/1640/4136 2009/1644/2009 263/1645/263
f 263/1645/263 2009/1644/2009 4137/1646/4137 2012/1647/2012
f 2009/1644/2009 290/1643/290 2011/1648/2011 4137/1646/4137
f 4137/1646/4137 2011/1648/2011 289/1649/289 1930/1650/1930
f 2012/1647/2012 4137/1646/4137 1930/1650/1930 261/1651/261
f 288/340/288 1440/1652/1440 4138/1653/4138 2008/1642/2008
f 1440/1652/1440 315/325/315 2013/1654/2013 4138/1653/4138
f 4138/1653/4138 2013/1654/2013 317/1655/317 2014/1656/2014
f 2008/1642/2008 4138/1653/4138 2014/1656/2014 290/1643/290
f 290/1643/290 2014/1656/2014 4139/1657/4139 2011/1648/2011
f 2014/1656/2014 317/1655/317 2015/1658/2015 4139/1657/4139
f 4139/1657/4139 2015/1658/2015 316/1659/316 1446/1660/1446
f 2011/1648/2011 4139/1657/4139 1446/1660/1446 289/1649/289
f 315/325/315 1434/1661/1434 4140/1662/4140 2013/1654/2013
f 1434/1661/1434 312/1663/312 2016/1664/2016 4140/1662/4140
f 4140/1662/4140 2016/1664/2016 314/1665/314 2017/1666/2017
f 2013/1654/2013 4140/1662/4140 2017/1666/2017 317/1655/317
f 317/1655/317 2017/1666/2017 4141/1667/4141 2015/1658/2015
f 2017/1666/2017 314/1665/314 2018/1668/2018 4141/1667/4141
f 4141/1667/4141 2018/1668/2018 313/1669/313 1442/1670/1442
f 2015/1658/2015 4141/1667/4141 1442/1670/1442 316/1659/316
f 312/1663/312 1437/1671/1437 4142/1672/4142 2016/1664/2016
f 1437/1671/1437 285/339/285 2019/1673/2019 4142/1672/4142
f 4142/1672/4142 2019/1673/2019 287/1674/287 2020/1675/2020
f 2016/1664/2016 4142/1672/4142 2020/1675/2020 314/1665/314
f 314/1665/314 2020/1675/2020 4143/1676/4143 2018/1668/2018
f 2020/1675/2020 287/1674/287 2021/1677/2021 4143/1676/4143
f 4143/1676/4143 2021/1677/2021 286/1678/286 1888/1679/1888
f 2018/1668/2018 4143/1676/4143 1888/1679/1888 313/1669/313
f 285/339/285 1887/1680/1887 4144/1681/4144 2019/1673/2019
f 1887/1680/1887 318/1682/318 2022/1683/2022 4144/1681/4144
f 4144/1681/4144 2022/1683/2022 320/1684/320 2023/1685/2023
f 2019/1673/2019 4144/1681/4144 2023/1685/2023 287/1674/287
f 287/1674/287 2023/1685/2023 4145/1686/4145 2021/1677/2021
f 2023/1685/2023 320/1684/320 2024/1687/2024 4145/1686/4145
f 4145/1686/4145 2024/1687/2024 319/1688/319 1428/1689/1428
f 2021/1677/2021 4145/1686/4145 1428/1689/1428 286/1678/286
f 318/1682/318 1890/1690/1890 4146/1691/4146 2022/1683/2022
f 1890/1690/1890 309/307/309 2025/1692/2025 4146/1691/4146
f 4146/1691/4146 2025/1692/2025 311/1693/311 2026/1694/2026
f 2022/1683/2022 4146/1691/4146 2026/1694/2026 320/1684/320
f 320/1684/320 2026/1694/2026 4147/1695/4147 2024/1687/2024
f 2026/1694/2026 311/1693/311 2027/1696/2027 4147/1695/4147
f 4147/1695/4147 2027/1696/2027 310/1697/310 1897/1698/1897
f 2024/1687/2024 4147/1695/4147 1897/1698/1897 319/1688/319
f 309/307/309 1426/1699/1426 4148/1700/4148 2025/1692/2025
f 1426/1699/1426 282/315/282 2028/1701/2028 4148/1700/4148
f 4148/1700/4148 2028/1701/2028 284/1702/284 2029/1703/2029
f 2025/1692/2025 4148/1700/4148 2029/1703/2029 311/1693/311
f 311/1693/311 2029/1703/2029 4149/1704/4149 2027/1696/2027
f 2029/1703/2029 284/1702/284 2030/1705/2030 4149/1704/4149
f 4149/1704/4149 2030/1705/2030 283/1706/283 1895/1707/1895
f 2027/1696/2027 4149/1704/4149 1895/1707/1895 310/1697/310
f 282/315/282 1893/1708/1893 4150/1709/4150 2028/1701/2028
f 1893/1708/1893 321/1710/321 2031/1711/2031 4150/1709/4150
f 4150/1709/4150 2031/1711/2031 323/1712/323 2032/1713/2032
f 2028/1701/2028 4150/1709/4150 2032/1713/2032 284/1702/284
f 284/1702/284 2032/1713/2032 4151/1714/4151 2030/1705/2030
f 2032/1713/2032 323/1712/323 2033/1715/2033 4151/1714/4151
f 4151/1714/4151 2033/1715/2033 322/1716/322 1898/1717/1898
f 2030/1705/2030 4151/1714/4151 1898/1717/1898 283/1706/283
f 321/1710/321 1902/1718/1902 4152/1719/4152 2031/1711/2031
f 1902/1718/1902 306/1720/306 2034/1721/2034 4152/1719/4152
f 4152/1719/4152 2034/1721/2034 308/1722/308 2035/1723/2035
f 2031/1711/2031 4152/1719/4152 2035/1723/2035 323/1712/323
f 323/1712/323 2035/1723/2035 4153/1724/4153 2033/1715/2033
f 2035/1723/2035 308/1722/308 2036/1725/2036 4153/1724/4153
f 4153/1724/4153 2036/1725/2036 307/1726/307 1421/1727/1421
f 2033/1715/2033 4153/1724/4153 1421/1727/1421 322/1716/322
f 306/1720/306 1409/1728/1409 4154/1729/4154 2034/1721/2034
f 1409/1728/1409 279/279/279 2037/1730/2037 4154/1729/4154
f 4154/1729/4154 2037/1730/2037 281/1731/281 2038/1732/2038
f 2034/1721/2034 4154/1729/4154 2038/1732/2038 308/1722/308
f 308/1722/308 2038/1732/2038 4155/1733/4155 2036/1725/2036
f 2038/1732/2038 281/1731/281 2039/1734/2039 4155/1733/4155
f 4155/1733/4155 2039/1734/2039 280/1735/280 1415/1736/1415
f 2036/1725/2036 4155/1733/4155 1415/1736/1415 307/1726/307
f 279/279/279 1900/1737/1900 4156/1738/4156 2037/1730/2037
f 1900/1737/1900 324/256/324 2040/1739/2040 4156/1738/4156
f 4156/1738/4156 2040/1739/2040 326/1740/326 2041/1741/2041
f 2037/1730/2037 4156/1738/4156 2041/1741/2041 281/1731/281
f 281/1731/281 2041/1741/2041 4157/1742/4157 2039/1734/2039
f 2041/1741/2041 326/1740/326 2042/1743/2042 4157/1742/4157
f 4157/1742/4157 2042/1743/2042 325/1744/325 1418/1745/1418
f 2039/1734/2039 4157/1742/4157 1418/1745/1418 280/1735/280
f 324/256/324 1402/1746/1402 4158/1747/4158 2040/1739/2040
f 1402/1746/1402 303/264/303 2043/1748/2043 4158/1747/4158
f 4158/1747/4158 2043/1748/2043 305/1749/305 2044/1750/2044
f 2040/1739/2040 4158/1747/4158 2044/1750/2044 326/1740/326
f 326/1740/326 2044/1750/2044 4159/1751/4159 2042/1743/2042
f 2044/1750/2044 305/1749/305 2045/1752/2045 4159/1751/4159
f 4159/1751/4159 2045/1752/2045 304/1753/304 1411/1754/1411
f 2042/1743/2042 4159/1751/4159 1411/1754/1411 325/1744/325
f 303/264/303 1405/1755/1405 4160/1756/4160 2043/1748/2043
f 1405/1755/1405 276/1757/276 2046/1758/2046 4160/1756/4160
f 4160/1756/4160 2046/1758/2046 278/1759/278 2047/1760/2047
f 2043/1748/2043 4160/1756/4160 2047/1760/2047 305/1749/305
f 305/1749/305 2047/1760/2047 4161/1761/4161 2045/1752/2045
f 2047/1760/2047 278/1759/278 2048/1762/2048 4161/1761/4161
f 4161/1761/4161 2048/1762/2048 277/1763/277 1906/1764/1906
f 2045/1752/2045 4161/1761/4161 1906/1764/1906 304/1753/304
f 276/1757/276 1905/1765/1905 4162/1766/4162 2046/1758/2046
f 1905/1765/1905 327/1767/327 2049/1768/2049 4162/1766/4162
f 4162/1766/4162 2049/1768/2049 329/1769/329 2050/1770/2050
f 2046/1758/2046 4162/1766/4162 2050/1770/2050 278/1759/278
f 278/1759/278 2050/1770/2050 4163/1771/4163 2048/1762/2048
f 2050/1770/2050 329/1769/329 2051/1772/2051 4163/1771/4163
f 4163/1771/4163 2051/1772/2051 328/1773/328 1396/1774/1396
f 2048/1762/2048 4163/1771/4163 1396/1774/1396 277/1763/277
f 327/1767/327 1908/1775/1908 4164/1776/4164 2049/1768/2049
f 1908/1775/1908 300/1777/300 2052/1778/2052 4164/1776/4164
f 4164/1776/4164 2052/1778/2052 302/1779/302 2053/1780/2053
f 2049/1768/2049 4164/1776/4164 2053/1780/2053 329/1769/329
f 329/1769/329 2053/1780/2053 4165/1781/4165 2051/1772/2051
f 2053/1780/2053 302/1779/302 2054/1782/2054 4165/1781/4165
f 4165/1781/4165 2054/1782/2054 301/1783/301 1915/1784/1915
f 2051/1772/2051 4165/1781/4165 1915/1784/1915 328/1773/328
f 300/1777/300 1394/1785/1394 4166/1786/4166 2052/1778/2052
f 1394/1785/1394 273/1787/273 2055/1788/2055 4166/1786/4166
f 4166/1786/4166 2055/1788/2055 275/1789/275 2056/1790/2056
f 2052/1778/2052 4166/1786/4166 2056/1790/2056 302/1779/302
f 302/1779/302 2056/1790/2056 4167/1791/4167 2054/1782/2054
f 2056/1790/2056 275/1789/275 2057/1792/2057 4167/1791/4167
f 4167/1791/4167 2057/1792/2057 274/1793/274 1913/1794/1913
f 2054/1782/2054 4167/1791/4167 1913/1794/1913 301/1783/301
f 273/1787/273 1911/1795/1911 4168/1796/4168 2055/1788/2055
f 1911/1795/1911 330/1797/330 2058/1798/2058 4168/1796/4168
f 4168/1796/4168 2058/1798/2058 332/1799/332 2059/1800/2059
f 2055/1788/2055 4168/1796/4168 2059/1800/2059 275/1789/275
f 275/1789/275 2059/1800/2059 4169/1801/4169 2057/1792/2057
f 2059/1800/2059 332/1799/332 2060/1802/2060 4169/1801/4169
f 4169/1801/4169 2060/1802/2060 331/1803/331 1916/1804/1916
f 2057/1792/2057 4169/1801/4169 1916/1804/1916 274/1793/274
f 330/1797/330 1920/1805/1920 4170/1806/4170 2058/1798/2058
f 1920/1805/1920 297/1807/297 2061/1808/2061 4170/1806/4170
f 4170/1806/4170 2061/1808/2061 299/1809/299 2062/1810/2062
f 2058/1798/2058 4170/1806/4170 2062/1810/2062 332/1799/332
f 332/1799/332 2062/1810/2062 4171/1811/4171 2060/1802/2060
f 2062/1810/2062 299/1809/299 2063/1812/2063 4171/1811/4171
f 4171/1811/4171 2063/1812/2063 298/1813/298 1389/1814/1389
f 2060/1802/2060 4171/1811/4171 1389/1814/1389 331/1803/331
f 297/1807/297 1377/1815/1377 4172/1816/4172 2061/1808/2061
f 1377/1815/1377 270/1817/270 2064/1818/2064 4172/1816/4172
f 4172/1816/4172 2064/1818/2064 272/1819/272 2065/1820/2065
f 2061/1808/2061 4172/1816/4172 2065/1820/2065 299/1809/299
f 299/1809/299 2065/1820/2065 4173/1821/4173 2063/1812/2063
f 2065/1820/2065 272/1819/272 2066/1822/2066 4173/1821/4173
f 4173/1821/4173 2066/1822/2066 271/1823/271 1383/1824/1383
f 2063/1812/2063 4173/1821/4173 1383/1824/1383 298/1813/298
f 270/1817/270 1918/1825/1918 4174/1826/4174 2064/1818/2064
f 1918/1825/1918 333/1827/333 2067/1828/2067 4174/1826/4174
f 4174/1826/4174 2067/1828/2067 335/1829/335 2068/1830/2068
f 2064/1818/2064 4174/1826/4174 2068/1830/2068 272/1819/272
f 272/1819/272 2068/1830/2068 4175/1831/4175 2066/1822/2066
f 2068/1830/2068 335/1829/335 2069/1832/2069 4175/1831/4175
f 4175/1831/4175 2069/1832/2069 334/1833/334 1386/1834/1386
f 2066/1822/2066 4175/1831/4175 1386/1834/1386 271/1823/271
f 333/1827/333 1370/1835/1370 4176/1836/4176 2067/1828/2067
f 1370/1835/1370 294/1837/294 2070/1838/2070 4176/1836/4176
f 4176/1836/4176 2070/1838/2070 296/1839/296 2071/1840/2071
f 2067/1828/2067 4176/1836/4176 2071/1840/2071 335/1829/335
f 335/1829/335 2071/1840/2071 4177/1841/4177 2069/1832/2069
f 2071/1840/2071 296/1839/296 2072/1842/2072 4177/1841/4177
f 4177/1841/4177 2072/1842/2072 295/1843/295 1379/1844/1379
f 2069/1832/2069 4177/1841/4177 1379/1844/1379 334/1833/334
f 294/1837/294 1373/1845/1373 4178/1846/4178 2070/1838/2070
f 1373/1845/1373 267/1847/267 2073/1848/2073 4178/1846/4178
f 4178/1846/4178 2073/1848/2073 269/1849/269 2074/1850/2074
f 2070/1838/2070 4178/1846/4178 2074/1850/2074 296/1839/296
f 296/1839/296 2074/1850/2074 4179/1851/4179 2072/1842/2072
f 2074/1850/2074 269/1849/269 2075/1852/2075 4179/1851/4179
f 4179/1851/4179 2075/1852/2075 268/1853/268 1924/1854/1924
f 2072/1842/2072 4179/1851/4179 1924/1854/1924 295/1843/295
f 267/1847/267 1923/1855/1923 4180/1856/4180 2073/1848/2073
f 1923/1855/1923 336/1857/336 2076/1858/2076 4180/1856/4180
f 4180/1856/4180 2076/1858/2076 338/1859/338 2077/1860/2077
f 2073/1848/2073 4180/1856/4180 2077/1860/2077 269/1849/269
f 269/1849/269 2077/1860/2077 4181/1861/4181 2075/1852/2075
f 2077/1860/2077 338/1859/338 2078/1862/2078 4181/1861/4181
f 4181/1861/4181 2078/1862/2078 337/1863/337 1364/1864/1364
f 2075/1852/2075 4181/1861/4181 1364/1864/1364 268/1853/268
f 336/1857/336 1927/1865/1927 4182/1866/4182 2076/1858/2076
f 1927/1865/1927 291/1867/291 2079/1868/2079 4182/1866/4182
f 4182/1866/4182 2079/1868/2079 293/1869/293 2080/1870/2080
f 2076/1858/2076 4182/1866/4182 2080/1870/2080 338/1859/338
f 338/1859/338 2080/1870/2080 4183/1871/4183 2078/1862/2078
f 2080/1870/2080 293/1869/293 2081/1872/2081 4183/1871/4183
f 4183/1871/4183 2081/1872/2081 292/1873/292 1884/1874/1884
f 2078/1862/2078 4183/1871/4183 1884/1874/1884 337/1863/337
f 291/1867/291 1929/1875/1929 4184/1876/4184 2079/1868/2079
f 1929/1875/1929 264/1877/264 2082/1878/2082 4184/1876/4184
f 4184/1876/4184 2082/1878/2082 266/1879/266 2083/1880/2083
f 2079/1868/2079 4184/1876/4184 2083/1880/2083 293/1869/293
f 293/1869/293 2083/1880/2083 4185/1881/4185 2081/1872/2081
f 2083/1880/2083 266/1879/266 2084/1882/2084 4185/1881/4185
f 4185/1881/4185 2084/1882/2084 265/1883/265 1360/1884/1360
f 2081/1872/2081 4185/1881/4185 1360/1884/1360 292/1873/292
f 264/1877/264 1883/1885/1883 4186/1886/4186 2082/1878/2082
f 1883/1885/1883 262/1274/262 2010/1887/2010 4186/1886/4186
f 4186/1886/4186 2010/1887/2010 263/1888/263 2085/1889/2085
f 2082/1878/2082 4186/1886/4186 2085/1889/2085 266/1879/266
f 266/1879/266 2085/1889/2085 4187/1890/4187 2084/1882/2084
f 2085/1889/2085 263/1888/263 2012/1891/2012 4187/1890/4187
f 4187/1890/4187 2012/1891/2012 261/1892/261 1448/1893/1448
f 2084/1882/2084 4187/1890/4187 1448/1893/1448 265/1883/265
f 262/1638/262 1882/1894/1882 4188/1895/4188 2007/1896/2007
f 1882/1894/1882 53/971/53 1751/974/1751 4188/1895/4188
f 4188/1895/4188 1751/974/1751 54/344/54 1438/341/1438
f 2007/1896/2007 4188/1895/4188 1438/341/1438 288/340/288
f 412/1897/412 1529/523/1529 4189/1898/4189 2088/1899/2088
f 1529/523/1529 414/528/414 2086/1900/2086 4189/1898/4189
f 4189/1898/4189 2086/1900/2086 416/1901/416 2087/1902/2087
f 2088/1899/2088 4189/1898/4189 2087/1902/2087 413/1903/413
f 413/1903/413 2087/1902/2087 4190/1904/4190 2090/1905/2090
f 2087/1902/2087 416/1901/416 2089/1906/2089 4190/1904/4190
f 4190/1904/4190 2089/1906/2089 415/166/415 1356/1907/1356
f 2090/1905/2090 4190/1904/4190 1356/1907/1356 411/1908/411
f 409/1909/409 1532/1910/1532 4191/1911/4191 2092/1912/2092
f 1532/1910/1532 412/1897/412 2088/1899/2088 4191/1911/4191
f 4191/1911/4191 2088/1899/2088 413/1903/413 2091/1913/2091
f 2092/1912/2092 4191/1911/4191 2091/1913/2091 410/1914/410
f 410/1914/410 2091/1913/2091 4192/1915/4192 2093/1916/2093
f 2091/1913/2091 413/1903/413 2090/1905/2090 4192/1915/4192
f 4192/1915/4192 2090/1905/2090 411/1908/411 1512/1917/1512
f 2093/1916/2093 4192/1915/4192 1512/1917/1512 408/1918/408
f 406/1919/406 1535/1920/1535 4193/1921/4193 2095/1922/2095
f 1535/1920/1535 409/1909/409 2092/1912/2092 4193/1921/4193
f 4193/1921/4193 2092/1912/2092 410/1914/410 2094/1923/2094
f 2095/1922/2095 4193/1921/4193 2094/1923/2094 407/1924/407
f 407/1924/407 2094/1923/2094 4194/1925/4194 2096/1926/2096
f 2094/1923/2094 410/1914/410 2093/1916/2093 4194/1925/4194
f 4194/1925/4194 2093/1916/2093 408/1918/408 1509/1927/1509
f 2096/1926/2096 4194/1925/4194 1509/1927/1509 405/1928/405
f 403/1929/403 1538/1930/1538 4195/1931/4195 2098/1932/2098
f 1538/1930/1538 406/1919/406 2095/1922/2095 4195/1931/4195
f 4195/1931/4195 2095/1922/2095 407/1924/407 2097/1933/2097
f 2098/1932/2098 4195/1931/4195 2097/1933/2097 404/1934/404
f 404/1934/404 2097/1933/2097 4196/1935/4196 2099/1936/2099
f 2097/1933/2097 407/1924/407 2096/1926/2096 4196/1935/4196
f 4196/1935/4196 2096/1926/2096 405/1928/405 1506/1937/1506
f 2099/1936/2099 4196/1935/4196 1506/1937/1506 402/1938/402
f 400/1939/400 1541/1940/1541 4197/1941/4197 2101/1942/2101
f 1541/1940/1541 403/1929/403 2098/1932/2098 4197/1941/4197
f 4197/1941/4197 2098/1932/2098 404/1934/404 2100/1943/2100
f 2101/1942/2101 4197/1941/4197 2100/1943/2100 401/1944/401
f 401/1944/401 2100/1943/2100 4198/1945/4198 2102/1946/2102
f 2100/1943/2100 404/1934/404 2099/1936/2099 4198/1945/4198
f 4198/1945/4198 2099/1936/2099 402/1938/402 1503/1947/1503
f 2102/1946/2102 4198/1945/4198 1503/1947/1503 399/1948/399
f 397/1949/397 1544/1950/1544 4199/1951/4199 2104/1952/2104
f 1544/1950/1544 400/1939/400 2101/1942/2101 4199/1951/4199
f 4199/1951/4199 2101/1942/2101 401/1944/401 2103/1953/2103
f 2104/1952/2104 4199/1951/4199 2103/1953/2103 398/1954/398
f 398/1954/398 2103/1953/2103 4200/1955/4200 2105/1956/2105
f 2103/1953/2103 401/1944/401 2102/1946/2102 4200/1955/4200
f 4200/1955/4200 2102/1946/2102 399/1948/399 1500/1957/1500
f 2105/1956/2105 4200/1955/4200 1500/1957/1500 396/1958/396
f 394/1959/394 1547/562/1547 4201/1960/4201 2107/1961/2107
f 1547/562/1547 397/1949/397 2104/1952/2104 4201/1960/4201
f 4201/1960/4201 2104/1952/2104 398/1954/398 2106/1962/2106
f 2107/1961/2107 4201/1960/4201 2106/1962/2106 395/1963/395
f 395/1963/395 2106/1962/2106 4202/1964/4202 2108/1965/2108
f 2106/1962/2106 398/1954/398 2105/1956/2105 4202/1964/4202
f 4202/1964/4202 2105/1956/2105 396/1958/396 1497/462/1497
f 2108/1965/2108 4202/1964/4202 1497/462/1497 393/1966/393
f 391/1967/391 1550/1968/1550 4203/1969/4203 2110/1970/2110
f 1550/1968/1550 394/1959/394 2107/1961/2107 4203/1969/4203
f 4203/1969/4203 2107/1961/2107 395/1963/395 2109/1971/2109
f 2110/1970/2110 4203/1969/4203 2109/1971/2109 392/1972/392
f 392/1972/392 2109/1971/2109 4204/1973/4204 2111/1974/2111
f 2109/1971/2109 395/1963/395 2108/1965/2108 4204/1973/4204
f 4204/1973/4204 2108/1965/2108 393/1966/393 1494/1975/1494
f 2111/1974/2111 4204/1973/4204 1494/1975/1494 390/451/390
f 388/1976/388 1553/1977/1553 4205/1978/4205 2113/1979/2113
f 1553/1977/1553 391/1967/391 2110/1970/2110 4205/1978/4205
f 4205/1978/4205 2110/1970/2110 392/1972/392 2112/1980/2112
f 2113/1979/2113 4205/1978/4205 2112/1980/2112 389/1981/389
f 389/1981/389 2112/1980/2112 4206/1982/4206 2114/1983/2114
f 2112/1980/2112 392/1972/392 2111/1974/2111 4206/1982/4206
f 4206/1982/4206 2111/1974/2111 390/451/390 1491/1984/1491
f 2114/1983/2114 4206/1982/4206 1491/1984/1491 387/1985/387
f 385/577/385 1556/1986/1556 4207/1987/4207 2116/1988/2116
f 1556/1986/1556 388/1976/388 2113/1979/2113 4207/1987/4207
f 4207/1987/4207 2113/1979/2113 389/1981/389 2115/1989/2115
f 2116/1988/2116 4207/1987/4207 2115/1989/2115 386/1990/386
f 386/1990/386 2115/1989/2115 4208/1991/4208 2117/1992/2117
f 2115/1989/2115 389/1981/389 2114/1983/2114 4208/1991/4208
f 4208/1991/4208 2114/1983/2114 387/1985/387 1488/1993/1488
f 2117/1992/2117 4208/1991/4208 1488/1993/1488 384/439/384
f 382/583/382 1559/586/1559 4209/1994/4209 2119/1995/2119
f 1559/586/1559 385/577/385 2116/1988/2116 4209/1994/4209
f 4209/1994/4209 2116/1988/2116 386/1990/386 2118/1996/2118
f 2119/1995/2119 4209/1994/4209 2118/1996/2118 383/1997/383
f 383/1997/383 2118/1996/2118 4210/1998/4210 2120/1999/2120
f 2118/1996/2118 386/1990/386 2117/1992/2117 4210/1998/4210
f 4210/1998/4210 2117/1992/2117 384/439/384 1485/438/1485
f 2120/1999/2120 4210/1998/4210 1485/438/1485 381/433/381
f 379/589/379 1562/2000/1562 4211/2001/4211 2122/2002/2122
f 1562/2000/1562 382/583/382 2119/1995/2119 4211/2001/4211
f 4211/2001/4211 2119/1995/2119 383/1997/383 2121/2003/2121
f 2122/2002/2122 4211/2001/4211 2121/2003/2121 380/2004/380
f 380/2004/380 2121/2003/2121 4212/2005/4212 2123/2006/2123
f 2121/2003/2121 383/1997/383 2120/1999/2120 4212/2005/4212
f 4212/2005/4212 2120/1999/2120 381/433/381 1482/432/1482
f 2123/2006/2123 4212/2005/4212 1482/432/1482 378/427/378
f 376/595/376 1565/2007/1565 4213/2008/4213 2125/2009/2125
f 1565/2007/1565 379/589/379 2122/2002/2122 4213/2008/4213
f 4213/2008/4213 2122/2002/2122 380/2004/380 2124/2010/2124
f 2125/2009/2125 4213/2008/4213 2124/2010/2124 377/2011/377
f 377/2011/377 2124/2010/2124 4214/2012/4214 2126/2013/2126
f 2124/2010/2124 380/2004/380 2123/2006/2123 4214/2012/4214
f 4214/2012/4214 2123/2006/2123 378/427/378 1479/426/1479
f 2126/2013/2126 4214/2012/4214 1479/426/1479 375/421/375
f 373/601/373 1568/2014/1568 4215/2015/4215 2128/2016/2128
f 1568/2014/1568 376/595/376 2125/2009/2125 4215/2015/4215
f 4215/2015/4215 2125/2009/2125 377/2011/377 2127/2017/2127
f 2128/2016/2128 4215/2015/4215 2127/2017/2127 374/2018/374
f 374/2018/374 2127/2017/2127 4216/2019/4216 2129/2020/2129
f 2127/2017/2127 377/2011/377 2126/2013/2126 4216/2019/4216
f 4216/2019/4216 2126/2013/2126 375/421/375 1476/2021/1476
f 2129/2020/2129 4216/2019/4216 1476/2021/1476 372/415/372
f 370/2022/370 1571/2023/1571 4217/2024/4217 2131/2025/2131
f 1571/2023/1571 373/601/373 2128/2016/2128 4217/2024/4217
f 4217/2024/4217 2128/2016/2128 374/2018/374 2130/2026/2130
f 2131/2025/2131 4217/2024/4217 2130/2026/2130 371/2027/371
f 371/2027/371 2130/2026/2130 4218/2028/4218 2132/2029/2132
f 2130/2026/2130 374/2018/374 2129/2020/2129 4218/2028/4218
f 4218/2028/4218 2129/2020/2129 372/415/372 1473/2030/1473
f 2132/2029/2132 4218/2028/4218 1473/2030/1473 369/2031/369
f 367/2032/367 1574/2033/1574 4219/2034/4219 2134/2035/2134
f 1574/2033/1574 370/2022/370 2131/2025/2131 4219/2034/4219
f 4219/2034/4219 2131/2025/2131 371/2027/371 2133/2036/2133
f 2134/2035/2134 4219/2034/4219 2133/2036/2133 368/2037/368
f 368/2037/368 2133/2036/2133 4220/2038/4220 2135/2039/2135
f 2133/2036/2133 371/2027/371 2132/2029/2132 4220/2038/4220
f 4220/2038/4220 2132/2029/2132 369/2031/369 1470/2040/1470
f 2135/2039/2135 4220/2038/4220 1470/2040/1470 366/2041/366
f 364/619/364 1577/2042/1577 4221/2043/4221 2137/2044/2137
f 1577/2042/1577 367/2032/367 2134/2035/2134 4221/2043/4221
f 4221/2043/4221 2134/2035/2134 368/2037/368 2136/2045/2136
f 2137/2044/2137 4221/2043/4221 2136/2045/2136 365/2046/365
f 365/2046/365 2136/2045/2136 4222/2047/4222 2138/2048/2138
f 2136/2045/2136 368/2037/368 2135/2039/2135 4222/2047/4222
f 4222/2047/4222 2135/2039/2135 366/2041/366 1467/2049/1467
f 2138/2048/2138 4222/2047/4222 1467/2049/1467 363/397/363
f 361/625/361 1580/2050/1580 4223/2051/4223 2140/2052/2140
f 1580/2050/1580 364/619/364 2137/2044/2137 4223/2051/4223
f 4223/2051/4223 2137/2044/2137 365/2046/365 2139/2053/2139
f 2140/2052/2140 4223/2051/4223 2139/2053/2139 362/2054/362
f 362/2054/362 2139/2053/2139 4224/2055/4224 2141/2056/2141
f 2139/2053/2139 365/2046/365 2138/2048/2138 4224/2055/4224
f 4224/2055/4224 2138/2048/2138 363/397/363 1464/2057/1464
f 2141/2056/2141 4224/2055/4224 1464/2057/1464 360/391/360
f 358/2058/358 1583/2059/1583 4225/2060/4225 2143/2061/2143
f 1583/2059/1583 361/625/361 2140/2052/2140 4225/2060/4225
f 4225/2060/4225 2140/2052/2140 362/2054/362 2142/2062/2142
f 2143/2061/2143 4225/2060/4225 2142/2062/2142 359/2063/359
f 359/2063/359 2142/2062/2142 4226/2064/4226 2144/2065/2144
f 2142/2062/2142 362/2054/362 2141/2056/2141 4226/2064/4226
f 4226/2064/4226 2141/2056/2141 360/391/360 1461/2066/1461
f 2144/2065/2144 4226/2064/4226 1461/2066/1461 357/2067/357
f 355/2068/355 1586/640/1586 4227/2069/4227 2146/2070/2146
f 1586/640/1586 358/2058/358 2143/2061/2143 4227/2069/4227
f 4227/2069/4227 2143/2061/2143 359/2063/359 2145/2071/2145
f 2146/2070/2146 4227/2069/4227 2145/2071/2145 356/2072/356
f 356/2072/356 2145/2071/2145 4228/2073/4228 2147/2074/2147
f 2145/2071/2145 359/2063/359 2144/2065/2144 4228/2073/4228
f 4228/2073/4228 2144/2065/2144 357/2067/357 1458/384/1458
f 2147/2074/2147 4228/2073/4228 1458/384/1458 354/2075/354
f 352/2076/352 1589/2077/1589 4229/2078/4229 2149/2079/2149
f 1589/2077/1589 355/2068/355 2146/2070/2146 4229/2078/4229
f 4229/2078/4229 2146/2070/2146 356/2072/356 2148/2080/2148
f 2149/2079/2149 4229/2078/4229 2148/2080/2148 353/2081/353
f 353/2081/353 2148/2080/2148 4230/2082/4230 2150/2083/2150
f 2148/2080/2148 356/2072/356 2147/2074/2147 4230/2082/4230
f 4230/2082/4230 2147/2074/2147 354/2075/354 1455/378/1455
f 2150/2083/2150 4230/2082/4230 1455/378/1455 351/373/351
f 349/649/349 1592/2084/1592 4231/2085/4231 2152/2086/2152
f 1592/2084/1592 352/2076/352 2149/2079/2149 4231/2085/4231
f 4231/2085/4231 2149/2079/2149 353/2081/353 2151/2087/2151
f 2152/2086/2152 4231/2085/4231 2151/2087/2151 350/2088/350
f 350/2088/350 2151/2087/2151 4232/2089/4232 2153/2090/2153
f 2151/2087/2151 353/2081/353 2150/2083/2150 4232/2089/4232
f 4232/2089/4232 2150/2083/2150 351/373/351 1452/2091/1452
f 2153/2090/2153 4232/2089/4232 1452/2091/1452 348/371/348
f 346/655/346 1595/2092/1595 4233/2093/4233 2155/2094/2155
f 1595/2092/1595 349/649/349 2152/2086/2152 4233/2093/4233
f 4233/2093/4233 2152/2086/2152 350/2088/350 2154/2095/2154
f 2155/2094/2155 4233/2093/4233 2154/2095/2154 347/2096/347
f 347/2096/347 2154/2095/2154 4234/2097/4234 2156/2098/2156
f 2154/2095/2154 350/2088/350 2153/2090/2153 4234/2097/4234
f 4234/2097/4234 2153/2090/2153 348/371/348 1681/2099/1681
f 2156/2098/2156 4234/2097/4234 1681/2099/1681 345/2100/345
f 343/2101/343 1597/2102/1597 4235/2103/4235 2158/2104/2158
f 1597/2102/1597 346/655/346 2155/2094/2155 4235/2103/4235
f 4235/2103/4235 2155/2094/2155 347/2096/347 2157/2105/2157
f 2158/2104/2158 4235/2103/4235 2157/2105/2157 344/2106/344
f 344/2106/344 2157/2105/2157 4236/2107/4236 2159/2108/2159
f 2157/2105/2157 347/2096/347 2156/2098/2156 4236/2107/4236
f 4236/2107/4236 2156/2098/2156 345/2100/345 1600/2109/1600
f 2159/2108/2159 4236/2107/4236 1600/2109/1600 342/2110/342
f 340/2111/340 1525/2112/1525 4237/2113/4237 2161/2114/2161
f 1525/2112/1525 343/2101/343 2158/2104/2158 4237/2113/4237
f 4237/2113/4237 2158/2104/2158 344/2106/344 2160/2115/2160
f 2161/2114/2161 4237/2113/4237 2160/2115/2160 341/2116/341
f 341/2116/341 2160/2115/2160 4238/2117/4238 2162/2118/2162
f 2160/2115/2160 344/2106/344 2159/2108/2159 4238/2117/4238
f 4238/2117/4238 2159/2108/2159 342/2110/342 1519/507/1519
f 2162/2118/2162 4238/2117/4238 1519/507/1519 339/2119/339
f 414/664/414 1599/2120/1599 4239/2121/4239 2086/2122/2086
f 1599/2120/1599 340/2111/340 2161/2114/2161 4239/2121/4239
f 4239/2121/4239 2161/2114/2161 341/2116/341 2163/2123/2163
f 2086/2122/2086 4239/2121/4239 2163/2123/2163 416/2124/416
f 416/2124/416 2163/2123/2163 4240/2125/4240 2089/2126/2089
f 2163/2123/2163 341/2116/341 2162/2118/2162 4240/2125/4240
f 4240/2125/4240 2162/2118/2162 339/2119/339 2164/2127/2164
f 2089/2126/2089 4240/2125/4240 2164/2127/2164 415/2128/415
f 480/2129/480 2165/2130/2165 4241/2131/4241 2168/2132/2168
f 2165/2130/2165 482/2133/482 2166/2134/2166 4241/2131/4241
f 4241/2131/4241 2166/2134/2166 39/2135/39 2167/2136/2167
f 2168/2132/2168 4241/2131/4241 2167/2136/2167 41/2137/41
f 418/954/418 1742/951/1742 4242/2138/4242 2170/2139/2170
f 1742/951/1742 467/950/467 2169/2140/2169 4242/2138/4242
f 4242/2138/4242 2169/2140/2169 468/988/468 1869/2141/1869
f 2170/2139/2170 4242/2138/4242 1869/2141/1869 417/1241/417
f 467/950/467 1747/2142/1747 4243/2143/4243 2169/2140/2169
f 1747/2142/1747 465/2144/465 2171/2145/2171 4243/2143/4243
f 4243/2143/4243 2171/2145/2171 466/2146/466 1756/2147/1756
f 2169/2140/2169 4243/2143/4243 1756/2147/1756 468/988/468
f 465/2144/465 1752/2148/1752 4244/2149/4244 2171/2145/2171
f 1752/2148/1752 463/2150/463 2172/2151/2172 4244/2149/4244
f 4244/2149/4244 2172/2151/2172 464/2152/464 1761/2153/1761
f 2171/2145/2171 4244/2149/4244 1761/2153/1761 466/2146/466
f 463/2150/463 1758/2154/1758 4245/2155/4245 2172/2151/2172
f 1758/2154/1758 461/991/461 2173/2156/2173 4245/2155/4245
f 4245/2155/4245 2173/2156/2173 462/1013/462 1766/1012/1766
f 2172/2151/2172 4245/2155/4245 1766/1012/1766 464/2152/464
f 461/991/461 1763/2157/1763 4246/2158/4246 2173/2156/2173
f 1763/2157/1763 459/2159/459 2174/2160/2174 4246/2158/4246
f 4246/2158/4246 2174/2160/2174 460/2161/460 1771/1023/1771
f 2173/2156/2173 4246/2158/4246 1771/1023/1771 462/1013/462
f 459/2159/459 1768/2162/1768 4247/2163/4247 2174/2160/2174
f 1768/2162/1768 457/2164/457 2175/2165/2175 4247/2163/4247
f 4247/2163/4247 2175/2165/2175 458/2166/458 1776/2167/1776
f 2174/2160/2174 4247/2163/4247 1776/2167/1776 460/2161/460
f 457/2164/457 1773/2168/1773 4248/2169/4248 2175/2165/2175
f 1773/2168/1773 455/1025/455 2176/2170/2176 4248/2169/4248
f 4248/2169/4248 2176/2170/2176 456/2171/456 1781/2172/1781
f 2175/2165/2175 4248/2169/4248 1781/2172/1781 458/2166/458
f 455/1025/455 1778/2173/1778 4249/2174/4249 2176/2170/2176
f 1778/2173/1778 453/1035/453 2177/2175/2177 4249/2174/4249
f 4249/2174/4249 2177/2175/2177 454/2176/454 1786/2177/1786
f 2176/2170/2176 4249/2174/4249 1786/2177/1786 456/2171/456
f 453/1035/453 1783/2178/1783 4250/2179/4250 2177/2175/2177
f 1783/2178/1783 451/2180/451 2178/2181/2178 4250/2179/4250
f 4250/2179/4250 2178/2181/2178 452/2182/452 1791/2183/1791
f 2177/2175/2177 4250/2179/4250 1791/2183/1791 454/2176/454
f 451/2180/451 1788/2184/1788 4251/2185/4251 2178/2181/2178
f 1788/2184/1788 449/2186/449 2179/2187/2179 4251/2185/4251
f 4251/2185/4251 2179/2187/2179 450/2188/450 1796/2189/1796
f 2178/2181/2178 4251/2185/4251 1796/2189/1796 452/2182/452
f 449/2186/449 1793/2190/1793 4252/2191/4252 2179/2187/2179
f 1793/2190/1793 447/2192/447 2180/2193/2180 4252/2191/4252
f 4252/2191/4252 2180/2193/2180 448/2194/448 1801/2195/1801
f 2179/2187/2179 4252/2191/4252 1801/2195/1801 450/2188/450
f 447/2192/447 1798/2196/1798 4253/2197/4253 2180/2193/2180
f 1798/2196/1798 445/1079/445 2181/2198/2181 4253/2197/4253
f 4253/2197/4253 2181/2198/2181 446/2199/446 1806/2200/1806
f 2180/2193/2180 4253/2197/4253 1806/2200/1806 448/2194/448
f 445/1079/445 1803/2201/1803 4254/2202/4254 2181/2198/2181
f 1803/2201/1803 443/2203/443 2182/2204/2182 4254/2202/4254
f 4254/2202/4254 2182/2204/2182 444/2205/444 1811/2206/1811
f 2181/2198/2181 4254/2202/4254 1811/2206/1811 446/2199/446
f 443/2203/443 1808/2207/1808 4255/2208/4255 2182/2204/2182
f 1808/2207/1808 441/2209/441 2183/2210/2183 4255/2208/4255
f 4255/2208/4255 2183/2210/2183 442/2211/442 1816/2212/1816
f 2182/2204/2182 4255/2208/4255 1816/2212/1816 444/2205/444
f 441/2209/441 1813/2213/1813 4256/2214/4256 2183/2210/2183
f 1813/2213/1813 439/2215/439 2184/2216/2184 4256/2214/4256
f 4256/2214/4256 2184/2216/2184 440/2217/440 1821/2218/1821
f 2183/2210/2183 4256/2214/4256 1821/2218/1821 442/2211/442
f 439/2215/439 1818/2219/1818 4257/2220/4257 2184/2216/2184
f 1818/2219/1818 437/2221/437 2185/2222/2185 4257/2220/4257
f 4257/2220/4257 2185/2222/2185 438/2223/438 1826/2224/1826
f 2184/2216/2184 4257/2220/4257 1826/2224/1826 440/2217/440
f 437/2221/437 1823/2225/1823 4258/2226/4258 2185/2222/2185
f 1823/2225/1823 435/2227/435 2186/2228/2186 4258/2226/4258
f 4258/2226/4258 2186/2228/2186 436/2229/436 1831/2230/1831
f 2185/2222/2185 4258/2226/4258 1831/2230/1831 438/2223/438
f 435/2227/435 1828/2231/1828 4259/2232/4259 2186/2228/2186
f 1828/2231/1828 433/2233/433 2187/2234/2187 4259/2232/4259
f 4259/2232/4259 2187/2234/2187 434/2235/434 1836/2236/1836
f 2186/2228/2186 4259/2232/4259 1836/2236/1836 436/2229/436
f 433/2233/433 1833/2237/1833 4260/2238/4260 2187/2234/2187
f 1833/2237/1833 431/2239/431 2188/2240/2188 4260/2238/4260
f 4260/2238/4260 2188/2240/2188 432/2241/432 1841/2242/1841
f 2187/2234/2187 4260/2238/4260 1841/2242/1841 434/2235/434
f 431/2239/431 1838/2243/1838 4261/2244/4261 2188/2240/2188
f 1838/2243/1838 429/1171/429 2189/2245/2189 4261/2244/4261
f 4261/2244/4261 2189/2245/2189 430/2246/430 1846/2247/1846
f 2188/2240/2188 4261/2244/4261 1846/2247/1846 432/2241/432
f 429/1171/429 1843/1184/1843 4262/2248/4262 2189/2245/2189
f 1843/1184/1843 427/1183/427 2190/2249/2190 4262/2248/4262
f 4262/2248/4262 2190/2249/2190 428/2250/428 1851/2251/1851
f 2189/2245/2189 4262/2248/4262 1851/2251/1851 430/2246/430
f 427/1183/427 1848/2252/1848 4263/2253/4263 2190/2249/2190
f 1848/2252/1848 425/1195/425 2191/2254/2191 4263/2253/4263
f 4263/2253/4263 2191/2254/2191 426/2255/426 1856/2256/1856
f 2190/2249/2190 4263/2253/4263 1856/2256/1856 428/2250/428
f 425/1195/425 1853/2257/1853 4264/2258/4264 2191/2254/2191
f 1853/2257/1853 423/2259/423 2192/2260/2192 4264/2258/4264
f 4264/2258/4264 2192/2260/2192 424/2261/424 1861/2262/1861
f 2191/2254/2191 4264/2258/4264 1861/2262/1861 426/2255/426
f 423/2259/423 1858/2263/1858 4265/2264/4265 2192/2260/2192
f 1858/2263/1858 421/2265/421 2193/2266/2193 4265/2264/4265
f 4265/2264/4265 2193/2266/2193 422/2267/422 1865/2268/1865
f 2192/2260/2192 4265/2264/4265 1865/2268/1865 424/2261/424
f 421/2265/421 1863/1228/1863 4266/2269/4266 2193/2266/2193
f 1863/1228/1863 419/2270/419 2194/2271/2194 4266/2269/4266
f 4266/2269/4266 2194/2271/2194 420/2272/420 1871/2273/1871
f 2193/2266/2193 4266/2269/4266 1871/2273/1871 422/2267/422
f 419/2270/419 1745/959/1745 4267/2274/4267 2194/2271/2194
f 1745/959/1745 418/958/418 2170/2275/2170 4267/2274/4267
f 4267/2274/4267 2170/2275/2170 417/2276/417 2195/2277/2195
f 2194/2271/2194 4267/2274/4267 2195/2277/2195 420/2272/420
f 131/1249/131 1876/2278/1876 4268/2279/4268 1868/2280/1868
f 1876/2278/1876 135/1243/135 1872/1246/1872 4268/2279/4268
f 4268/2279/4268 1872/1246/1872 420/1248/420 2195/2277/2195
f 1868/2280/1868 4268/2279/4268 2195/2277/2195 417/2281/417
f 54/344/54 1750/975/1750 4269/2282/4269 1439/345/1439
f 1750/975/1750 208/823/208 1678/826/1678 4269/2282/4269
f 4269/2282/4269 1678/826/1678 205/817/205 2196/2283/2196
f 1439/345/1439 4269/2282/4269 2196/2283/2196 55/329/55
f 55/329/55 2196/2283/2196 4270/2284/4270 1432/330/1432
f 2196/2283/2196 205/817/205 1675/820/1675 4270/2284/4270
f 4270/2284/4270 1675/820/1675 202/811/202 2197/2285/2197
f 1432/330/1432 4270/2284/4270 2197/2285/2197 56/331/56
f 56/331/56 2197/2285/2197 4271/2286/4271 1435/336/1435
f 2197/2285/2197 202/811/202 1672/814/1672 4271/2286/4271
f 4271/2286/4271 1672/814/1672 199/805/199 2198/2287/2198
f 1435/336/1435 4271/2286/4271 2198/2287/2198 57/337/57
f 57/337/57 2198/2287/2198 4272/2288/4272 1885/1279/1885
f 2198/2287/2198 199/805/199 1669/808/1669 4272/2288/4272
f 4272/2288/4272 1669/808/1669 196/799/196 2199/2289/2199
f 1885/1279/1885 4272/2288/4272 2199/2289/2199 58/1280/58
f 58/1280/58 2199/2289/2199 4273/2290/4273 1889/1287/1889
f 2199/2289/2199 196/799/196 1666/802/1666 4273/2290/4273
f 4273/2290/4273 1666/802/1666 193/793/193 2200/2291/2200
f 1889/1287/1889 4273/2290/4273 2200/2291/2200 59/311/59
f 59/311/59 2200/2291/2200 4274/2292/4274 1424/312/1424
f 2200/2291/2200 193/793/193 1663/796/1663 4274/2292/4274
f 4274/2292/4274 1663/796/1663 190/787/190 2201/2293/2201
f 1424/312/1424 4274/2292/4274 2201/2293/2201 60/313/60
f 60/313/60 2201/2293/2201 4275/2294/4275 1891/1290/1891
f 2201/2293/2201 190/787/190 1660/790/1660 4275/2294/4275
f 4275/2294/4275 1660/790/1660 187/781/187 2202/2295/2202
f 1891/1290/1891 4275/2294/4275 2202/2295/2202 61/1291/61
f 61/1291/61 2202/2295/2202 4276/2296/4276 1901/1309/1901
f 2202/2295/2202 187/781/187 1657/784/1657 4276/2296/4276
f 4276/2296/4276 1657/784/1657 184/775/184 2203/2297/2203
f 1901/1309/1901 4276/2296/4276 2203/2297/2203 62/275/62
f 62/275/62 2203/2297/2203 4277/2298/4277 1407/276/1407
f 2203/2297/2203 184/775/184 1654/778/1654 4277/2298/4277
f 4277/2298/4277 1654/778/1654 181/769/181 2204/2299/2204
f 1407/276/1407 4277/2298/4277 2204/2299/2204 63/277/63
f 63/277/63 2204/2299/2204 4278/2300/4278 1899/1306/1899
f 2204/2299/2204 181/769/181 1651/772/1651 4278/2300/4278
f 4278/2300/4278 1651/772/1651 178/763/178 2205/2301/2205
f 1899/1306/1899 4278/2300/4278 2205/2301/2205 64/260/64
f 64/260/64 2205/2301/2205 4279/2302/4279 1400/261/1400
f 2205/2301/2205 178/763/178 1648/766/1648 4279/2302/4279
f 4279/2302/4279 1648/766/1648 175/757/175 2206/2303/2206
f 1400/261/1400 4279/2302/4279 2206/2303/2206 65/262/65
f 65/262/65 2206/2303/2206 4280/2304/4280 1403/267/1403
f 2206/2303/2206 175/757/175 1645/760/1645 4280/2304/4280
f 4280/2304/4280 1645/760/1645 172/751/172 2207/2305/2207
f 1403/267/1403 4280/2304/4280 2207/2305/2207 66/268/66
f 66/268/66 2207/2305/2207 4281/2306/4281 1903/1312/1903
f 2207/2305/2207 172/751/172 1642/754/1642 4281/2306/4281
f 4281/2306/4281 1642/754/1642 169/745/169 2208/2307/2208
f 1903/1312/1903 4281/2306/4281 2208/2307/2208 67/1313/67
f 67/1313/67 2208/2307/2208 4282/2308/4282 1907/1320/1907
f 2208/2307/2208 169/745/169 1639/748/1639 4282/2308/4282
f 4282/2308/4282 1639/748/1639 166/739/166 2209/2309/2209
f 1907/1320/1907 4282/2308/4282 2209/2309/2209 68/242/68
f 68/242/68 2209/2309/2209 4283/2310/4283 1392/243/1392
f 2209/2309/2209 166/739/166 1636/742/1636 4283/2310/4283
f 4283/2310/4283 1636/742/1636 163/733/163 2210/2311/2210
f 1392/243/1392 4283/2310/4283 2210/2311/2210 69/244/69
f 69/244/69 2210/2311/2210 4284/2312/4284 1909/1323/1909
f 2210/2311/2210 163/733/163 1633/736/1633 4284/2312/4284
f 4284/2312/4284 1633/736/1633 160/727/160 2211/2313/2211
f 1909/1323/1909 4284/2312/4284 2211/2313/2211 70/1324/70
f 70/1324/70 2211/2313/2211 4285/2314/4285 1919/1342/1919
f 2211/2313/2211 160/727/160 1630/730/1630 4285/2314/4285
f 4285/2314/4285 1630/730/1630 157/721/157 2212/2315/2212
f 1919/1342/1919 4285/2314/4285 2212/2315/2212 71/206/71
f 71/206/71 2212/2315/2212 4286/2316/4286 1375/207/1375
f 2212/2315/2212 157/721/157 1627/724/1627 4286/2316/4286
f 4286/2316/4286 1627/724/1627 154/715/154 2213/2317/2213
f 1375/207/1375 4286/2316/4286 2213/2317/2213 72/208/72
f 72/208/72 2213/2317/2213 4287/2318/4287 1917/1339/1917
f 2213/2317/2213 154/715/154 1624/718/1624 4287/2318/4287
f 4287/2318/4287 1624/718/1624 151/709/151 2214/2319/2214
f 1917/1339/1917 4287/2318/4287 2214/2319/2214 73/191/73
f 73/191/73 2214/2319/2214 4288/2320/4288 1368/192/1368
f 2214/2319/2214 151/709/151 1621/712/1621 4288/2320/4288
f 4288/2320/4288 1621/712/1621 148/703/148 2215/2321/2215
f 1368/192/1368 4288/2320/4288 2215/2321/2215 74/193/74
f 74/193/74 2215/2321/2215 4289/2322/4289 1371/198/1371
f 2215/2321/2215 148/703/148 1618/706/1618 4289/2322/4289
f 4289/2322/4289 1618/706/1618 145/697/145 2216/2323/2216
f 1371/198/1371 4289/2322/4289 2216/2323/2216 75/199/75
f 75/199/75 2216/2323/2216 4290/2324/4290 1921/1345/1921
f 2216/2323/2216 145/697/145 1615/700/1615 4290/2324/4290
f 4290/2324/4290 1615/700/1615 142/691/142 2217/2325/2217
f 1921/1345/1921 4290/2324/4290 2217/2325/2217 76/1346/76
f 76/1346/76 2217/2325/2217 4291/2326/4291 1925/1353/1925
f 2217/2325/2217 142/691/142 1612/694/1612 4291/2326/4291
f 4291/2326/4291 1612/694/1612 139/685/139 2218/2327/2218
f 1925/1353/1925 4291/2326/4291 2218/2327/2218 77/1354/77
f 77/1354/77 2218/2327/2218 4292/2328/4292 1928/1359/1928
f 2218/2327/2218 139/685/139 1609/688/1609 4292/2328/4292
f 4292/2328/4292 1609/688/1609 136/676/136 2219/2329/2219
f 1928/1359/1928 4292/2328/4292 2219/2329/2219 78/1270/78
f 78/1270/78 2219/2329/2219 4293/2330/4293 1881/1271/1881
f 2219/2329/2219 136/676/136 1606/679/1606 4293/2330/4293
f 4293/2330/4293 1606/679/1606 133/684/133 1749/2331/1749
f 1881/1271/1881 4293/2330/4293 1749/2331/1749 53/1272/53
f 470/2332/470 2220/2333/2220 4294/2334/4294 2223/2335/2223
f 2220/2333/2220 471/2336/471 2221/2337/2221 4294/2334/4294
f 4294/2334/4294 2221/2337/2221 472/2338/472 2222/2339/2222
f 2223/2335/2223 4294/2334/4294 2222/2339/2222 469/2340/469
f 471/2336/471 1521/2341/1521 4295/2342/4295 2221/2337/2221
f 1521/2341/1521 473/2343/473 2224/2344/2224 4295/2342/4295
f 4295/2342/4295 2224/2344/2224 474/2345/474 2225/2346/2225
f 2221/2337/2221 4295/2342/4295 2225/2346/2225 472/2338/472
f 473/2343/473 1602/2347/1602 4296/2348/4296 2224/2344/2224
f 1602/2347/1602 475/2349/475 2226/2350/2226 4296/2348/4296
f 4296/2348/4296 2226/2350/2226 476/2351/476 2227/2352/2227
f 2224/2344/2224 4296/2348/4296 2227/2352/2227 474/2345/474
f 475/2349/475 1682/2353/1682 4297/2354/4297 2226/2350/2226
f 1682/2353/1682 477/2355/477 2228/2356/2228 4297/2354/4297
f 4297/2354/4297 2228/2356/2228 478/2357/478 2229/2358/2229
f 2226/2350/2226 4297/2354/4297 2229/2358/2229 476/2351/476
f 477/2355/477 1454/2359/1454 4298/2360/4298 2228/2356/2228
f 1454/2359/1454 479/2361/479 2230/2362/2230 4298/2360/4298
f 4298/2360/4298 2230/2362/2230 480/2363/480 2231/2364/2231
f 2228/2356/2228 4298/2360/4298 2231/2364/2231 478/2357/478
f 479/2361/479 1457/377/1457 4299/2365/4299 2230/2362/2230
f 1457/377/1457 481/2366/481 2232/2367/2232 4299/2365/4299
f 4299/2365/4299 2232/2367/2232 482/2368/482 2165/2369/2165
f 2230/2362/2230 4299/2365/4299 2165/2369/2165 480/2363/480
f 481/2366/481 1460/2370/1460 4300/2371/4300 2232/2367/2232
f 1460/2370/1460 483/2372/483 2233/2373/2233 4300/2371/4300
f 4300/2371/4300 2233/2373/2233 484/2374/484 2234/2375/2234
f 2232/2367/2232 4300/2371/4300 2234/2375/2234 482/2368/482
f 483/2372/483 1463/2376/1463 4301/2377/4301 2233/2373/2233
f 1463/2376/1463 485/393/485 2235/2378/2235 4301/2377/4301
f 4301/2377/4301 2235/2378/2235 486/2379/486 2236/2380/2236
f 2233/2373/2233 4301/2377/4301 2236/2380/2236 484/2374/484
f 485/393/485 1466/2381/1466 4302/2382/4302 2235/2378/2235
f 1466/2381/1466 487/2383/487 2237/2384/2237 4302/2382/4302
f 4302/2382/4302 2237/2384/2237 488/2385/488 2238/2386/2238
f 2235/2378/2235 4302/2382/4302 2238/2386/2238 486/2379/486
f 487/2383/487 1469/2387/1469 4303/2388/4303 2237/2384/2237
f 1469/2387/1469 489/2389/489 2239/2390/2239 4303/2388/4303
f 4303/2388/4303 2239/2390/2239 490/2391/490 2240/2392/2240
f 2237/2384/2237 4303/2388/4303 2240/2392/2240 488/2385/488
f 489/2389/489 1472/2393/1472 4304/2394/4304 2239/2390/2239
f 1472/2393/1472 491/2395/491 2241/2396/2241 4304/2394/4304
f 4304/2394/4304 2241/2396/2241 492/2397/492 2242/2398/2242
f 2239/2390/2239 4304/2394/4304 2242/2398/2242 490/2391/490
f 491/2395/491 1475/2399/1475 4305/2400/4305 2241/2396/2241
f 1475/2399/1475 493/2401/493 2243/2402/2243 4305/2400/4305
f 4305/2400/4305 2243/2402/2243 494/2403/494 2244/2404/2244
f 2241/2396/2241 4305/2400/4305 2244/2404/2244 492/2397/492
f 493/2401/493 1478/2405/1478 4306/2406/4306 2243/2402/2243
f 1478/2405/1478 495/2407/495 2245/2408/2245 4306/2406/4306
f 4306/2406/4306 2245/2408/2245 496/2409/496 2246/2410/2246
f 2243/2402/2243 4306/2406/4306 2246/2410/2246 494/2403/494
f 495/2407/495 1481/2411/1481 4307/2412/4307 2245/2408/2245
f 1481/2411/1481 497/2413/497 2247/2414/2247 4307/2412/4307
f 4307/2412/4307 2247/2414/2247 498/2415/498 2248/2416/2248
f 2245/2408/2245 4307/2412/4307 2248/2416/2248 496/2409/496
f 497/2413/497 1484/2417/1484 4308/2418/4308 2247/2414/2247
f 1484/2417/1484 499/2419/499 2249/2420/2249 4308/2418/4308
f 4308/2418/4308 2249/2420/2249 500/2421/500 2250/2422/2250
f 2247/2414/2247 4308/2418/4308 2250/2422/2250 498/2415/498
f 499/2419/499 1487/2423/1487 4309/2424/4309 2249/2420/2249
f 1487/2423/1487 501/2425/501 2251/2426/2251 4309/2424/4309
f 4309/2424/4309 2251/2426/2251 502/2427/502 2252/2428/2252
f 2249/2420/2249 4309/2424/4309 2252/2428/2252 500/2421/500
f 501/2425/501 1490/2429/1490 4310/2430/4310 2251/2426/2251
f 1490/2429/1490 503/2431/503 2253/2432/2253 4310/2430/4310
f 4310/2430/4310 2253/2432/2253 504/2433/504 2254/2434/2254
f 2251/2426/2251 4310/2430/4310 2254/2434/2254 502/2427/502
f 503/2431/503 1493/2435/1493 4311/2436/4311 2253/2432/2253
f 1493/2435/1493 505/2437/505 2255/2438/2255 4311/2436/4311
f 4311/2436/4311 2255/2438/2255 506/2439/506 2256/2440/2256
f 2253/2432/2253 4311/2436/4311 2256/2440/2256 504/2433/504
f 505/2437/505 1496/2441/1496 4312/2442/4312 2255/2438/2255
f 1496/2441/1496 507/2443/507 2257/2444/2257 4312/2442/4312
f 4312/2442/4312 2257/2444/2257 508/2445/508 2258/2446/2258
f 2255/2438/2255 4312/2442/4312 2258/2446/2258 506/2439/506
f 507/2443/507 1499/461/1499 4313/2447/4313 2257/2444/2257
f 1499/461/1499 509/2448/509 2259/2449/2259 4313/2447/4313
f 4313/2447/4313 2259/2449/2259 510/2450/510 2260/2451/2260
f 2257/2444/2257 4313/2447/4313 2260/2451/2260 508/2445/508
f 509/2448/509 1502/2452/1502 4314/2453/4314 2259/2449/2259
f 1502/2452/1502 511/2454/511 2261/2455/2261 4314/2453/4314
f 4314/2453/4314 2261/2455/2261 512/2456/512 2262/2457/2262
f 2259/2449/2259 4314/2453/4314 2262/2457/2262 510/2450/510
f 511/2454/511 1505/2458/1505 4315/2459/4315 2261/2455/2261
f 1505/2458/1505 513/2460/513 2263/2461/2263 4315/2459/4315
f 4315/2459/4315 2263/2461/2263 514/2462/514 2264/2463/2264
f 2261/2455/2261 4315/2459/4315 2264/2463/2264 512/2456/512
f 513/2460/513 1508/2464/1508 4316/2465/4316 2263/2461/2263
f 1508/2464/1508 515/2466/515 2265/2467/2265 4316/2465/4316
f 4316/2465/4316 2265/2467/2265 516/2468/516 2266/2469/2266
f 2263/2461/2263 4316/2465/4316 2266/2469/2266 514/2462/514
f 515/2466/515 1511/2470/1511 4317/2471/4317 2265/2467/2265
f 1511/2470/1511 517/2472/517 2267/2473/2267 4317/2471/4317
f 4317/2471/4317 2267/2473/2267 518/2474/518 2268/2475/2268
f 2265/2467/2265 4317/2471/4317 2268/2475/2268 516/2468/516
f 517/2472/517 1513/2476/1513 4318/2477/4318 2267/2473/2267
f 1513/2476/1513 519/2478/519 2269/2479/2269 4318/2477/4318
f 4318/2477/4318 2269/2479/2269 520/2480/520 2270/2481/2270
f 2267/2473/2267 4318/2477/4318 2270/2481/2270 518/2474/518
f 519/2478/519 1358/2482/1358 4319/2483/4319 2269/2479/2269
f 1358/2482/1358 470/168/470 2223/2484/2223 4319/2483/4319
f 4319/2483/4319 2223/2484/2223 469/2485/469 2271/2486/2271
f 2269/2479/2269 4319/2483/4319 2271/2486/2271 520/2480/520
f 470/2487/470 1357/2488/1357 4320/2489/4320 2220/2490/2220
f 1357/2488/1357 415/2128/415 2164/2491/2164 4320/2489/4320
f 4320/2489/4320 2164/2491/2164 339/506/339 1518/503/1518
f 2220/2490/2220 4320/2489/4320 1518/503/1518 471/502/471
f 490/2492/490 2242/2493/2242 4321/2494/4321 2274/2495/2274
f 2242/2493/2242 492/2496/492 2272/2497/2272 4321/2494/4321
f 4321/2494/4321 2272/2497/2272 29/2498/29 2273/2499/2273
f 2274/2495/2274 4321/2494/4321 2273/2499/2273 31/2500/31
f 500/2501/500 2252/2502/2252 4322/2503/4322 2277/2504/2277
f 2252/2502/2252 502/2505/502 2275/2506/2275 4322/2503/4322
f 4322/2503/4322 2275/2506/2275 19/2507/19 2276/2508/2276
f 2277/2504/2277 4322/2503/4322 2276/2508/2276 21/2509/21
f 510/2510/510 2262/2511/2262 4323/2512/4323 2280/2513/2280
f 2262/2511/2262 512/2514/512 2278/2515/2278 4323/2512/4323
f 4323/2512/4323 2278/2515/2278 9/2516/9 2279/2517/2279
f 2280/2513/2280 4323/2512/4323 2279/2517/2279 11/2518/11
f 476/2519/476 2229/2520/2229 4324/2521/4324 2283/2522/2283
f 2229/2520/2229 478/2523/478 2281/2524/2281 4324/2521/4324
f 4324/2521/4324 2281/2524/2281 43/2525/43 2282/2526/2282
f 2283/2522/2283 4324/2521/4324 2282/2526/2282 45/2527/45
f 486/2528/486 2238/2529/2238 4325/2530/4325 2286/2531/2286
f 2238/2529/2238 488/2532/488 2284/2533/2284 4325/2530/4325
f 4325/2530/4325 2284/2533/2284 33/2534/33 2285/2535/2285
f 2286/2531/2286 4325/2530/4325 2285/2535/2285 35/2536/35
f 496/2537/496 2248/2538/2248 4326/2539/4326 2289/2540/2289
f 2248/2538/2248 498/2541/498 2287/2542/2287 4326/2539/4326
f 4326/2539/4326 2287/2542/2287 23/2543/23 2288/2544/2288
f 2289/2540/2289 4326/2539/4326 2288/2544/2288 25/2545/25
f 506/2546/506 2258/2547/2258 4327/2548/4327 2292/2549/2292
f 2258/2547/2258 508/2550/508 2290/2551/2290 4327/2548/4327
f 4327/2548/4327 2290/2551/2290 13/2552/13 2291/2553/2291
f 2292/2549/2292 4327/2548/4327 2291/2553/2291 15/2554/15
f 516/2555/516 2268/2556/2268 4328/2557/4328 2295/2558/2295
f 2268/2556/2268 518/2559/518 2293/2560/2293 4328/2557/4328
f 4328/2557/4328 2293/2560/2293 3/2561/3 2294/2562/2294
f 2295/2558/2295 4328/2557/4328 2294/2562/2294 5/2563/5
f 472/2564/472 2225/2565/2225 4329/2566/4329 2298/2567/2298
f 2225/2565/2225 474/2568/474 2296/2569/2296 4329/2566/4329
f 4329/2566/4329 2296/2569/2296 47/2570/47 2297/2571/2297
f 2298/2567/2298 4329/2566/4329 2297/2571/2297 51/2572/51
f 482/2133/482 2234/2573/2234 4330/2574/4330 2166/2134/2166
f 2234/2573/2234 484/2575/484 2299/2576/2299 4330/2574/4330
f 4330/2574/4330 2299/2576/2299 37/2577/37 2300/2578/2300
f 2166/2134/2166 4330/2574/4330 2300/2578/2300 39/2135/39
f 492/2496/492 2244/2579/2244 4331/2580/4331 2272/2497/2272
f 2244/2579/2244 494/2581/494 2301/2582/2301 4331/2580/4331
f 4331/2580/4331 2301/2582/2301 27/2583/27 2302/2584/2302
f 2272/2497/2272 4331/2580/4331 2302/2584/2302 29/2498/29
f 502/2505/502 2254/2585/2254 4332/2586/4332 2275/2506/2275
f 2254/2585/2254 504/2587/504 2303/2588/2303 4332/2586/4332
f 4332/2586/4332 2303/2588/2303 17/2589/17 2304/2590/2304
f 2275/2506/2275 4332/2586/4332 2304/2590/2304 19/2507/19
f 512/2514/512 2264/2591/2264 4333/2592/4333 2278/2515/2278
f 2264/2591/2264 514/2593/514 2305/2594/2305 4333/2592/4333
f 4333/2592/4333 2305/2594/2305 7/2595/7 2306/2596/2306
f 2278/2515/2278 4333/2592/4333 2306/2596/2306 9/2516/9
f 478/2523/478 2231/2597/2231 4334/2598/4334 2281/2524/2281
f 2231/2597/2231 480/2129/480 2168/2132/2168 4334/2598/4334
f 4334/2598/4334 2168/2132/2168 41/2137/41 2307/2599/2307
f 2281/2524/2281 4334/2598/4334 2307/2599/2307 43/2525/43
f 488/2532/488 2240/2600/2240 4335/2601/4335 2284/2533/2284
f 2240/2600/2240 490/2492/490 2274/2495/2274 4335/2601/4335
f 4335/2601/4335 2274/2495/2274 31/2500/31 2308/2602/2308
f 2284/2533/2284 4335/2601/4335 2308/2602/2308 33/2534/33
f 498/2541/498 2250/2603/2250 4336/2604/4336 2287/2542/2287
f 2250/2603/2250 500/2501/500 2277/2504/2277 4336/2604/4336
f 4336/2604/4336 2277/2504/2277 21/2509/21 2309/2605/2309
f 2287/2542/2287 4336/2604/4336 2309/2605/2309 23/2543/23
f 508/2550/508 2260/2606/2260 4337/2607/4337 2290/2551/2290
f 2260/2606/2260 510/2510/510 2280/2513/2280 4337/2607/4337
f 4337/2607/4337 2280/2513/2280 11/2518/11 2310/2608/2310
f 2290/2551/2290 4337/2607/4337 2310/2608/2310 13/2552/13
f 518/2559/518 2270/2609/2270 4338/2610/4338 2293/2560/2293
f 2270/2609/2270 520/2611/520 2311/2612/2311 4338/2610/4338
f 4338/2610/4338 2311/2612/2311 1/2613/1 2312/2614/2312
f 2293/2560/2293 4338/2610/4338 2312/2614/2312 3/2561/3
f 474/2568/474 2227/2615/2227 4339/2616/4339 2296/2569/2296
f 2227/2615/2227 476/2519/476 2283/2522/2283 4339/2616/4339
f 4339/2616/4339 2283/2522/2283 45/2527/45 2313/2617/2313
f 2296/2569/2296 4339/2616/4339 2313/2617/2313 47/2570/47
f 484/2575/484 2236/2618/2236 4340/2619/4340 2299/2576/2299
f 2236/2618/2236 486/2528/486 2286/2531/2286 4340/2619/4340
f 4340/2619/4340 2286/2531/2286 35/2536/35 2314/2620/2314
f 2299/2576/2299 4340/2619/4340 2314/2620/2314 37/2577/37
f 494/2581/494 2246/2621/2246 4341/2622/4341 2301/2582/2301
f 2246/2621/2246 496/2537/496 2289/2540/2289 4341/2622/4341
f 4341/2622/4341 2289/2540/2289 25/2545/25 2315/2623/2315
f 2301/2582/2301 4341/2622/4341 2315/2623/2315 27/2583/27
f 504/2587/504 2256/2624/2256 4342/2625/4342 2303/2588/2303
f 2256/2624/2256 506/2546/506 2292/2549/2292 4342/2625/4342
f 4342/2625/4342 2292/2549/2292 15/2554/15 2316/2626/2316
f 2303/2588/2303 4342/2625/4342 2316/2626/2316 17/2589/17
f 514/2593/514 2266/2627/2266 4343/2628/4343 2305/2594/2305
f 2266/2627/2266 516/2555/516 2295/2558/2295 4343/2628/4343
f 4343/2628/4343 2295/2558/2295 5/2563/5 2317/2629/2317
f 2305/2594/2305 4343/2628/4343 2317/2629/2317 7/2595/7
f 520/2611/520 2271/2630/2271 4344/2631/4344 2311/2612/2311
f 2271/2630/2271 469/2632/469 2318/2633/2318 4344/2631/4344
f 4344/2631/4344 2318/2633/2318 49/2634/49 2319/2635/2319
f 2311/2612/2311 4344/2631/4344 2319/2635/2319 1/2613/1
f 469/2632/469 2222/2636/2222 4345/2637/4345 2318/2633/2318
f 2222/2636/2222 472/2564/472 2298/2567/2298 4345/2637/4345
f 4345/2637/4345 2298/2567/2298 51/2572/51 2320/2638/2320
f 2318/2633/2318 4345/2637/4345 2320/2638/2320 49/2634/49
f 1199/2639/1199 2346/2640/2346 4346/2641/4346 2347/2642/2347
f 2346/2640/2346 1198/493/1198 1517/496/1517 4346/2641/4346
f 4346/2641/4346 1517/496/1517 527/501/527 2339/2643/2339
f 2347/2642/2347 4346/2641/4346 2339/2643/2339 528/2644/528
f 1201/2645/1201 2348/2646/2348 4347/2647/4347 2350/2648/2350
f 2348/2646/2348 1200/2649/1200 2349/2650/2349 4347/2647/4347
f 4347/2647/4347 2349/2650/2349 534/2651/534 2332/2652/2332
f 2350/2648/2350 4347/2647/4347 2332/2652/2332 535/2653/535
f 1202/2654/1202 2351/2655/2351 4348/2656/4348 2352/2657/2352
f 2351/2655/2351 1201/2645/1201 2350/2648/2350 4348/2656/4348
f 4348/2656/4348 2350/2648/2350 535/2653/535 2331/2658/2331
f 2352/2657/2352 4348/2656/4348 2331/2658/2331 536/2659/536
f 1204/2660/1204 2353/2661/2353 4349/2662/4349 2355/2663/2355
f 2353/2661/2353 1203/2664/1203 2354/2665/2354 4349/2662/4349
f 4349/2662/4349 2354/2665/2354 542/2666/542 2324/2667/2324
f 2355/2663/2355 4349/2662/4349 2324/2667/2324 543/2668/543
f 1205/2669/1205 2356/2670/2356 4350/2671/4350 2357/2672/2357
f 2356/2670/2356 1204/2660/1204 2355/2663/2355 4350/2671/4350
f 4350/2671/4350 2355/2663/2355 543/2668/543 2323/2673/2323
f 2357/2672/2357 4350/2671/4350 2323/2673/2323 544/2674/544
f 1207/2675/1207 2358/2676/2358 4351/2677/4351 2360/2678/2360
f 2358/2676/2358 1206/2679/1206 2359/2680/2359 4351/2677/4351
f 4351/2677/4351 2359/2680/2359 545/2681/545 2345/2682/2345
f 2360/2678/2360 4351/2677/4351 2345/2682/2345 521/2683/521
f 1208/2684/1208 2361/2685/2361 4352/2686/4352 2362/2687/2362
f 2361/2685/2361 1207/2675/1207 2360/2678/2360 4352/2686/4352
f 4352/2686/4352 2360/2678/2360 521/2683/521 2344/2688/2344
f 2362/2687/2362 4352/2686/4352 2344/2688/2344 522/2689/522
f 1209/2690/1209 2363/2691/2363 4353/2692/4353 2364/2693/2364
f 2363/2691/2363 1199/2639/1199 2347/2642/2347 4353/2692/4353
f 4353/2692/4353 2347/2642/2347 528/2644/528 2338/2694/2338
f 2364/2693/2364 4353/2692/4353 2338/2694/2338 529/2695/529
f 1210/2696/1210 2365/2697/2365 4354/2698/4354 2366/2699/2366
f 2365/2697/2365 1209/2690/1209 2364/2693/2364 4354/2698/4354
f 4354/2698/4354 2364/2693/2364 529/2695/529 2337/2700/2337
f 2366/2699/2366 4354/2698/4354 2337/2700/2337 530/2701/530
f 1211/2702/1211 2367/2703/2367 4355/2704/4355 2368/2705/2368
f 2367/2703/2367 1202/2654/1202 2352/2657/2352 4355/2704/4355
f 4355/2704/4355 2352/2657/2352 536/2659/536 2330/2706/2330
f 2368/2705/2368 4355/2704/4355 2330/2706/2330 537/2707/537
f 1212/2708/1212 2369/2709/2369 4356/2710/4356 2370/2711/2370
f 2369/2709/2369 1211/2702/1211 2368/2705/2368 4356/2710/4356
f 4356/2710/4356 2368/2705/2368 537/2707/537 2329/2712/2329
f 2370/2711/2370 4356/2710/4356 2329/2712/2329 538/2713/538
f 1213/2714/1213 2371/2715/2371 4357/2716/4357 2372/2717/2372
f 2371/2715/2371 1205/2669/1205 2357/2672/2357 4357/2716/4357
f 4357/2716/4357 2357/2672/2357 544/2674/544 2322/2718/2322
f 2372/2717/2372 4357/2716/4357 2322/2718/2322 546/2719/546
f 1214/2720/1214 2373/2721/2373 4358/2722/4358 2374/2723/2374
f 2373/2721/2373 1208/2684/1208 2362/2687/2362 4358/2722/4358
f 4358/2722/4358 2362/2687/2362 522/2689/522 2343/2724/2343
f 2374/2723/2374 4358/2722/4358 2343/2724/2343 523/2725/523
f 1215/2726/1215 2375/2727/2375 4359/2728/4359 2376/2729/2376
f 2375/2727/2375 1214/2720/1214 2374/2723/2374 4359/2728/4359
f 4359/2728/4359 2374/2723/2374 523/2725/523 2342/2730/2342
f 2376/2729/2376 4359/2728/4359 2342/2730/2342 524/2731/524
f 1216/2732/1216 2377/2733/2377 4360/2734/4360 2378/2735/2378
f 2377/2733/2377 1210/2696/1210 2366/2699/2366 4360/2734/4360
f 4360/2734/4360 2366/2699/2366 530/2701/530 2336/2736/2336
f 2378/2735/2378 4360/2734/4360 2336/2736/2336 531/2737/531
f 1217/2738/1217 2379/2739/2379 4361/2740/4361 2380/2741/2380
f 2379/2739/2379 1216/2732/1216 2378/2735/2378 4361/2740/4361
f 4361/2740/4361 2378/2735/2378 531/2737/531 2335/2742/2335
f 2380/2741/2380 4361/2740/4361 2335/2742/2335 532/2743/532
f 1218/2744/1218 2381/2745/2381 4362/2746/4362 2382/2747/2382
f 2381/2745/2381 1212/2708/1212 2370/2711/2370 4362/2746/4362
f 4362/2746/4362 2370/2711/2370 538/2713/538 2328/2748/2328
f 2382/2747/2382 4362/2746/4362 2328/2748/2328 539/2749/539
f 1219/2750/1219 2383/2751/2383 4363/2752/4363 2384/2753/2384
f 2383/2751/2383 1218/2744/1218 2382/2747/2382 4363/2752/4363
f 4363/2752/4363 2382/2747/2382 539/2749/539 2327/2754/2327
f 2384/2753/2384 4363/2752/4363 2327/2754/2327 540/2755/540
f 1206/2679/1206 2385/2756/2385 4364/2757/4364 2359/2680/2359
f 2385/2756/2385 1213/2714/1213 2372/2717/2372 4364/2757/4364
f 4364/2757/4364 2372/2717/2372 546/2719/546 2321/2758/2321
f 2359/2680/2359 4364/2757/4364 2321/2758/2321 545/2681/545
f 1220/2759/1220 2386/2760/2386 4365/2761/4365 2387/2762/2387
f 2386/2760/2386 1215/2726/1215 2376/2729/2376 4365/2761/4365
f 4365/2761/4365 2376/2729/2376 524/2731/524 2341/2763/2341
f 2387/2762/2387 4365/2761/4365 2341/2763/2341 525/2764/525
f 1197/497/1197 2388/2765/2388 4366/2766/4366 1515/498/1515
f 2388/2765/2388 1220/2759/1220 2387/2762/2387 4366/2766/4366
f 4366/2766/4366 2387/2762/2387 525/2764/525 2340/2767/2340
f 1515/498/1515 4366/2766/4366 2340/2767/2340 526/499/526
f 1221/2768/1221 2389/2769/2389 4367/2770/4367 2390/2771/2390
f 2389/2769/2389 1217/2738/1217 2380/2741/2380 4367/2770/4367
f 4367/2770/4367 2380/2741/2380 532/2743/532 2334/2772/2334
f 2390/2771/2390 4367/2770/4367 2334/2772/2334 533/2773/533
f 1200/2649/1200 2391/2774/2391 4368/2775/4368 2349/2650/2349
f 2391/2774/2391 1221/2768/1221 2390/2771/2390 4368/2775/4368
f 4368/2775/4368 2390/2771/2390 533/2773/533 2333/2776/2333
f 2349/2650/2349 4368/2775/4368 2333/2776/2333 534/2651/534
f 1222/2777/1222 2392/2778/2392 4369/2779/4369 2393/2780/2393
f 2392/2778/2392 1219/2750/1219 2384/2753/2384 4369/2779/4369
f 4369/2779/4369 2384/2753/2384 540/2755/540 2326/2781/2326
f 2393/2780/2393 4369/2779/4369 2326/2781/2326 541/2782/541
f 1203/2664/1203 2394/2783/2394 4370/2784/4370 2354/2665/2354
f 2394/2783/2394 1222/2777/1222 2393/2780/2393 4370/2784/4370
f 4370/2784/4370 2393/2780/2393 541/2782/541 2325/2785/2325
f 2354/2665/2354 4370/2784/4370 2325/2785/2325 542/2666/542
f 104/680/104 2395/2786/2395 4371/2787/4371 1604/681/1604
f 2395/2786/2395 572/2788/572 2396/2789/2396 4371/2787/4371
f 4371/2787/4371 2396/2789/2396 547/2790/547 2397/2791/2397
f 1604/681/1604 4371/2787/4371 2397/2791/2397 79/682/79
f 103/689/103 2398/2792/2398 4372/2793/4372 1608/690/1608
f 2398/2792/2398 571/2794/571 2399/2795/2399 4372/2793/4372
f 4372/2793/4372 2399/2795/2399 572/2788/572 2395/2786/2395
f 1608/690/1608 4372/2793/4372 2395/2786/2395 104/680/104
f 102/695/102 2400/2796/2400 4373/2797/4373 1611/696/1611
f 2400/2796/2400 570/2798/570 2401/2799/2401 4373/2797/4373
f 4373/2797/4373 2401/2799/2401 571/2794/571 2398/2792/2398
f 1611/696/1611 4373/2797/4373 2398/2792/2398 103/689/103
f 101/701/101 2402/2800/2402 4374/2801/4374 1614/702/1614
f 2402/2800/2402 569/2802/569 2403/2803/2403 4374/2801/4374
f 4374/2801/4374 2403/2803/2403 570/2798/570 2400/2796/2400
f 1614/702/1614 4374/2801/4374 2400/2796/2400 102/695/102
f 100/707/100 2404/2804/2404 4375/2805/4375 1617/708/1617
f 2404/2804/2404 568/2806/568 2405/2807/2405 4375/2805/4375
f 4375/2805/4375 2405/2807/2405 569/2802/569 2402/2800/2402
f 1617/708/1617 4375/2805/4375 2402/2800/2402 101/701/101
f 99/713/99 2406/2808/2406 4376/2809/4376 1620/714/1620
f 2406/2808/2406 567/2810/567 2407/2811/2407 4376/2809/4376
f 4376/2809/4376 2407/2811/2407 568/2806/568 2404/2804/2404
f 1620/714/1620 4376/2809/4376 2404/2804/2404 100/707/100
f 98/719/98 2408/2812/2408 4377/2813/4377 1623/720/1623
f 2408/2812/2408 566/2814/566 2409/2815/2409 4377/2813/4377
f 4377/2813/4377 2409/2815/2409 567/2810/567 2406/2808/2406
f 1623/720/1623 4377/2813/4377 2406/2808/2406 99/713/99
f 97/725/97 2410/2816/2410 4378/2817/4378 1626/726/1626
f 2410/2816/2410 565/2818/565 2411/2819/2411 4378/2817/4378
f 4378/2817/4378 2411/2819/2411 566/2814/566 2408/2812/2408
f 1626/726/1626 4378/2817/4378 2408/2812/2408 98/719/98
f 96/731/96 2412/2820/2412 4379/2821/4379 1629/732/1629
f 2412/2820/2412 564/2822/564 2413/2823/2413 4379/2821/4379
f 4379/2821/4379 2413/2823/2413 565/2818/565 2410/2816/2410
f 1629/732/1629 4379/2821/4379 2410/2816/2410 97/725/97
f 95/737/95 2414/2824/2414 4380/2825/4380 1632/738/1632
f 2414/2824/2414 563/2826/563 2415/2827/2415 4380/2825/4380
f 4380/2825/4380 2415/2827/2415 564/2822/564 2412/2820/2412
f 1632/738/1632 4380/2825/4380 2412/2820/2412 96/731/96
f 94/743/94 2416/2828/2416 4381/2829/4381 1635/744/1635
f 2416/2828/2416 562/2830/562 2417/2831/2417 4381/2829/4381
f 4381/2829/4381 2417/2831/2417 563/2826/563 2414/2824/2414
f 1635/744/1635 4381/2829/4381 2414/2824/2414 95/737/95
f 93/749/93 2418/2832/2418 4382/2833/4382 1638/750/1638
f 2418/2832/2418 561/2834/561 2419/2835/2419 4382/2833/4382
f 4382/2833/4382 2419/2835/2419 562/2830/562 2416/2828/2416
f 1638/750/1638 4382/2833/4382 2416/2828/2416 94/743/94
f 92/755/92 2420/2836/2420 4383/2837/4383 1641/756/1641
f 2420/2836/2420 560/2838/560 2421/2839/2421 4383/2837/4383
f 4383/2837/4383 2421/2839/2421 561/2834/561 2418/2832/2418
f 1641/756/1641 4383/2837/4383 2418/2832/2418 93/749/93
f 91/761/91 2422/2840/2422 4384/2841/4384 1644/762/1644
f 2422/2840/2422 559/2842/559 2423/2843/2423 4384/2841/4384
f 4384/2841/4384 2423/2843/2423 560/2838/560 2420/2836/2420
f 1644/762/1644 4384/2841/4384 2420/2836/2420 92/755/92
f 90/767/90 2424/2844/2424 4385/2845/4385 1647/768/1647
f 2424/2844/2424 558/2846/558 2425/2847/2425 4385/2845/4385
f 4385/2845/4385 2425/2847/2425 559/2842/559 2422/2840/2422
f 1647/768/1647 4385/2845/4385 2422/2840/2422 91/761/91
f 89/773/89 2426/2848/2426 4386/2849/4386 1650/774/1650
f 2426/2848/2426 557/2850/557 2427/2851/2427 4386/2849/4386
f 4386/2849/4386 2427/2851/2427 558/2846/558 2424/2844/2424
f 1650/774/1650 4386/2849/4386 2424/2844/2424 90/767/90
f 88/779/88 2428/2852/2428 4387/2853/4387 1653/780/1653
f 2428/2852/2428 556/2854/556 2429/2855/2429 4387/2853/4387
f 4387/2853/4387 2429/2855/2429 557/2850/557 2426/2848/2426
f 1653/780/1653 4387/2853/4387 2426/2848/2426 89/773/89
f 87/785/87 2430/2856/2430 4388/2857/4388 1656/786/1656
f 2430/2856/2430 555/2858/555 2431/2859/2431 4388/2857/4388
f 4388/2857/4388 2431/2859/2431 556/2854/556 2428/2852/2428
f 1656/786/1656 4388/2857/4388 2428/2852/2428 88/779/88
f 86/791/86 2432/2860/2432 4389/2861/4389 1659/792/1659
f 2432/2860/2432 554/2862/554 2433/2863/2433 4389/2861/4389
f 4389/2861/4389 2433/2863/2433 555/2858/555 2430/2856/2430
f 1659/792/1659 4389/2861/4389 2430/2856/2430 87/785/87
f 85/797/85 2434/2864/2434 4390/2865/4390 1662/798/1662
f 2434/2864/2434 553/2866/553 2435/2867/2435 4390/2865/4390
f 4390/2865/4390 2435/2867/2435 554/2862/554 2432/2860/2432
f 1662/798/1662 4390/2865/4390 2432/2860/2432 86/791/86
f 84/803/84 2436/2868/2436 4391/2869/4391 1665/804/1665
f 2436/2868/2436 552/2870/552 2437/2871/2437 4391/2869/4391
f 4391/2869/4391 2437/2871/2437 553/2866/553 2434/2864/2434
f 1665/804/1665 4391/2869/4391 2434/2864/2434 85/797/85
f 83/809/83 2438/2872/2438 4392/2873/4392 1668/810/1668
f 2438/2872/2438 551/2874/551 2439/2875/2439 4392/2873/4392
f 4392/2873/4392 2439/2875/2439 552/2870/552 2436/2868/2436
f 1668/810/1668 4392/2873/4392 2436/2868/2436 84/803/84
f 82/815/82 2440/2876/2440 4393/2877/4393 1671/816/1671
f 2440/2876/2440 550/2878/550 2441/2879/2441 4393/2877/4393
f 4393/2877/4393 2441/2879/2441 551/2874/551 2438/2872/2438
f 1671/816/1671 4393/2877/4393 2438/2872/2438 83/809/83
f 81/821/81 2442/2880/2442 4394/2881/4394 1674/822/1674
f 2442/2880/2442 549/2882/549 2443/2883/2443 4394/2881/4394
f 4394/2881/4394 2443/2883/2443 550/2878/550 2440/2876/2440
f 1674/822/1674 4394/2881/4394 2440/2876/2440 82/815/82
f 80/827/80 2444/2884/2444 4395/2885/4395 1677/828/1677
f 2444/2884/2444 548/2886/548 2445/2887/2445 4395/2885/4395
f 4395/2885/4395 2445/2887/2445 549/2882/549 2442/2880/2442
f 1677/828/1677 4395/2885/4395 2442/2880/2442 81/821/81
f 79/833/79 2397/2888/2397 4396/2889/4396 1679/834/1679
f 2397/2888/2397 547/2890/547 2446/2891/2446 4396/2889/4396
f 4396/2889/4396 2446/2891/2446 548/2886/548 2444/2884/2444
f 1679/834/1679 4396/2889/4396 2444/2884/2444 80/827/80
f 1171/2892/1171 2447/2893/2447 4397/2894/4397 2450/2895/2450
f 2447/2893/2447 1172/2896/1172 2448/2897/2448 4397/2894/4397
f 4397/2894/4397 2448/2897/2448 576/2898/576 2449/2899/2449
f 2450/2895/2450 4397/2894/4397 2449/2899/2449 574/2900/574
f 1172/2896/1172 2451/2901/2451 4398/2902/4398 2448/2897/2448
f 2451/2901/2451 1173/2903/1173 2452/2904/2452 4398/2902/4398
f 4398/2902/4398 2452/2904/2452 578/2905/578 2453/2906/2453
f 2448/2897/2448 4398/2902/4398 2453/2906/2453 576/2898/576
f 1173/2903/1173 2454/2907/2454 4399/2908/4399 2452/2904/2452
f 2454/2907/2454 1174/2909/1174 2455/2910/2455 4399/2908/4399
f 4399/2908/4399 2455/2910/2455 580/2911/580 2456/2912/2456
f 2452/2904/2452 4399/2908/4399 2456/2912/2456 578/2905/578
f 1174/2909/1174 2457/2913/2457 4400/2914/4400 2455/2910/2455
f 2457/2913/2457 1175/2915/1175 2458/2916/2458 4400/2914/4400
f 4400/2914/4400 2458/2916/2458 582/2917/582 2459/2918/2459
f 2455/2910/2455 4400/2914/4400 2459/2918/2459 580/2911/580
f 1175/2915/1175 2460/2919/2460 4401/2920/4401 2458/2916/2458
f 2460/2919/2460 1176/2921/1176 2461/2922/2461 4401/2920/4401
f 4401/2920/4401 2461/2922/2461 584/2923/584 2462/2924/2462
f 2458/2916/2458 4401/2920/4401 2462/2924/2462 582/2917/582
f 1176/2921/1176 2463/2925/2463 4402/2926/4402 2461/2922/2461
f 2463/2925/2463 1177/2927/1177 2464/2928/2464 4402/2926/4402
f 4402/2926/4402 2464/2928/2464 586/2929/586 2465/2930/2465
f 2461/2922/2461 4402/2926/4402 2465/2930/2465 584/2923/584
f 1177/2927/1177 2466/2931/2466 4403/2932/4403 2464/2928/2464
f 2466/2931/2466 1178/2933/1178 2467/2934/2467 4403/2932/4403
f 4403/2932/4403 2467/2934/2467 588/2935/588 2468/2936/2468
f 2464/2928/2464 4403/2932/4403 2468/2936/2468 586/2929/586
f 1178/2933/1178 2469/2937/2469 4404/2938/4404 2467/2934/2467
f 2469/2937/2469 1179/2939/1179 2470/2940/2470 4404/2938/4404
f 4404/2938/4404 2470/2940/2470 590/2941/590 2471/2942/2471
f 2467/2934/2467 4404/2938/4404 2471/2942/2471 588/2935/588
f 1179/2939/1179 2472/2943/2472 4405/2944/4405 2470/2940/2470
f 2472/2943/2472 1180/2945/1180 2473/2946/2473 4405/2944/4405
f 4405/2944/4405 2473/2946/2473 592/2947/592 2474/2948/2474
f 2470/2940/2470 4405/2944/4405 2474/2948/2474 590/2941/590
f 1180/2945/1180 2475/2949/2475 4406/2950/4406 2473/2946/2473
f 2475/2949/2475 1181/2951/1181 2476/2952/2476 4406/2950/4406
f 4406/2950/4406 2476/2952/2476 594/2953/594 2477/2954/2477
f 2473/2946/2473 4406/2950/4406 2477/2954/2477 592/2947/592
f 1181/2951/1181 2478/2955/2478 4407/2956/4407 2476/2952/2476
f 2478/2955/2478 1182/2957/1182 2479/2958/2479 4407/2956/4407
f 4407/2956/4407 2479/2958/2479 596/2959/596 2480/2960/2480
f 2476/2952/2476 4407/2956/4407 2480/2960/2480 594/2953/594
f 1182/2957/1182 2481/2961/2481 4408/2962/4408 2479/2958/2479
f 2481/2961/2481 1183/2963/1183 2482/2964/2482 4408/2962/4408
f 4408/2962/4408 2482/2964/2482 598/2965/598 2483/2966/2483
f 2479/2958/2479 4408/2962/4408 2483/2966/2483 596/2959/596
f 1183/2963/1183 2484/2967/2484 4409/2968/4409 2482/2964/2482
f 2484/2967/2484 1184/2969/1184 2485/2970/2485 4409/2968/4409
f 4409/2968/4409 2485/2970/2485 600/2971/600 2486/2972/2486
f 2482/2964/2482 4409/2968/4409 2486/2972/2486 598/2965/598
f 1184/2969/1184 2487/2973/2487 4410/2974/4410 2485/2970/2485
f 2487/2973/2487 1185/2975/1185 2488/2976/2488 4410/2974/4410
f 4410/2974/4410 2488/2976/2488 602/2977/602 2489/2978/2489
f 2485/2970/2485 4410/2974/4410 2489/2978/2489 600/2971/600
f 1185/2975/1185 2490/2979/2490 4411/2980/4411 2488/2976/2488
f 2490/2979/2490 1186/2981/1186 2491/2982/2491 4411/2980/4411
f 4411/2980/4411 2491/2982/2491 604/2983/604 2492/2984/2492
f 2488/2976/2488 4411/2980/4411 2492/2984/2492 602/2977/602
f 1186/2981/1186 2493/2985/2493 4412/2986/4412 2491/2982/2491
f 2493/2985/2493 1187/2987/1187 2494/2988/2494 4412/2986/4412
f 4412/2986/4412 2494/2988/2494 606/2989/606 2495/2990/2495
f 2491/2982/2491 4412/2986/4412 2495/2990/2495 604/2983/604
f 1187/2987/1187 2496/2991/2496 4413/2992/4413 2494/2988/2494
f 2496/2991/2496 1188/2993/1188 2497/2994/2497 4413/2992/4413
f 4413/2992/4413 2497/2994/2497 608/2995/608 2498/2996/2498
f 2494/2988/2494 4413/2992/4413 2498/2996/2498 606/2989/606
f 1188/2993/1188 2499/2997/2499 4414/2998/4414 2497/2994/2497
f 2499/2997/2499 1189/2999/1189 2500/3000/2500 4414/2998/4414
f 4414/2998/4414 2500/3000/2500 610/3001/610 2501/3002/2501
f 2497/2994/2497 4414/2998/4414 2501/3002/2501 608/2995/608
f 1189/2999/1189 2502/3003/2502 4415/3004/4415 2500/3000/2500
f 2502/3003/2502 1190/3005/1190 2503/3006/2503 4415/3004/4415
f 4415/3004/4415 2503/3006/2503 612/3007/612 2504/3008/2504
f 2500/3000/2500 4415/3004/4415 2504/3008/2504 610/3001/610
f 1190/3005/1190 2505/3009/2505 4416/3010/4416 2503/3006/2503
f 2505/3009/2505 1191/3011/1191 2506/3012/2506 4416/3010/4416
f 4416/3010/4416 2506/3012/2506 614/3013/614 2507/3014/2507
f 2503/3006/2503 4416/3010/4416 2507/3014/2507 612/3007/612
f 1191/3011/1191 2508/3015/2508 4417/3016/4417 2506/3012/2506
f 2508/3015/2508 1192/3017/1192 2509/3018/2509 4417/3016/4417
f 4417/3016/4417 2509/3018/2509 616/3019/616 2510/3020/2510
f 2506/3012/2506 4417/3016/4417 2510/3020/2510 614/3013/614
f 1192/3017/1192 2511/3021/2511 4418/3022/4418 2509/3018/2509
f 2511/3021/2511 1193/3023/1193 2512/3024/2512 4418/3022/4418
f 4418/3022/4418 2512/3024/2512 618/3025/618 2513/3026/2513
f 2509/3018/2509 4418/3022/4418 2513/3026/2513 616/3019/616
f 1193/3023/1193 2514/3027/2514 4419/3028/4419 2512/3024/2512
f 2514/3027/2514 1194/3029/1194 2515/3030/2515 4419/3028/4419
f 4419/3028/4419 2515/3030/2515 620/3031/620 2516/3032/2516
f 2512/3024/2512 4419/3028/4419 2516/3032/2516 618/3025/618
f 1194/3029/1194 2517/3033/2517 4420/3034/4420 2515/3030/2515
f 2517/3033/2517 1195/3035/1195 2518/3036/2518 4420/3034/4420
f 4420/3034/4420 2518/3036/2518 622/3037/622 2519/3038/2519
f 2515/3030/2515 4420/3034/4420 2519/3038/2519 620/3031/620
f 1195/3035/1195 2520/3039/2520 4421/3040/4421 2518/3036/2518
f 2520/3039/2520 1196/3041/1196 2521/3042/2521 4421/3040/4421
f 4421/3040/4421 2521/3042/2521 624/3043/624 2522/3044/2522
f 2518/3036/2518 4421/3040/4421 2522/3044/2522 622/3037/622
f 1196/3041/1196 2523/3045/2523 4422/3046/4422 2521/3042/2521
f 2523/3045/2523 1171/3047/1171 2450/3048/2450 4422/3046/4422
f 4422/3046/4422 2450/3048/2450 574/3049/574 2524/3050/2524
f 2521/3042/2521 4422/3046/4422 2524/3050/2524 624/3043/624
f 1091/3051/1091 2525/3052/2525 4423/3053/4423 2528/3054/2528
f 2525/3052/2525 1042/3055/1042 2526/3056/2526 4423/3053/4423
f 4423/3053/4423 2526/3056/2526 987/3057/987 2527/3058/2527
f 2528/3054/2528 4423/3053/4423 2527/3058/2527 983/3059/983
f 678/3060/678 2529/3061/2529 4424/3062/4424 2532/3063/2532
f 2529/3061/2529 677/3064/677 2530/3065/2530 4424/3062/4424
f 4424/3062/4424 2530/3065/2530 837/3066/837 2531/3067/2531
f 2532/3063/2532 4424/3062/4424 2531/3067/2531 864/3068/864
f 680/3069/680 2533/3070/2533 4425/3071/4425 2536/3072/2536
f 2533/3070/2533 679/3073/679 2534/3074/2534 4425/3071/4425
f 4425/3071/4425 2534/3074/2534 909/3075/909 2535/3076/2535
f 2536/3072/2536 4425/3071/4425 2535/3076/2535 840/3077/840
f 905/3078/905 2537/3079/2537 4426/3080/4426 2540/3081/2540
f 2537/3079/2537 866/3082/866 2538/3083/2538 4426/3080/4426
f 4426/3080/4426 2538/3083/2538 646/3084/646 2539/3085/2539
f 2540/3081/2540 4426/3080/4426 2539/3085/2539 645/3086/645
f 866/3082/866 2541/3087/2541 4427/3088/4427 2538/3083/2538
f 2541/3087/2541 839/3089/839 2542/3090/2542 4427/3088/4427
f 4427/3088/4427 2542/3090/2542 647/3091/647 2543/3092/2543
f 2538/3083/2538 4427/3088/4427 2543/3092/2543 646/3084/646
f 869/3093/869 2544/3094/2544 4428/3095/4428 2547/3096/2547
f 2544/3094/2544 842/3097/842 2545/3098/2545 4428/3095/4428
f 4428/3095/4428 2545/3098/2545 644/3099/644 2546/3100/2546
f 2547/3096/2547 4428/3095/4428 2546/3100/2546 643/3101/643
f 682/3102/682 2548/3103/2548 4429/3104/4429 2551/3105/2551
f 2548/3103/2548 681/3106/681 2549/3107/2549 4429/3104/4429
f 4429/3104/4429 2549/3107/2549 867/3108/867 2550/3109/2550
f 2551/3105/2551 4429/3104/4429 2550/3109/2550 906/3110/906
f 684/3111/684 2552/3112/2552 4430/3113/4430 2555/3114/2555
f 2552/3112/2552 683/3115/683 2553/3116/2553 4430/3113/4430
f 4430/3113/4430 2553/3116/2553 843/3117/843 2554/3118/2554
f 2555/3114/2555 4430/3113/4430 2554/3118/2554 870/3119/870
f 683/3115/683 2556/3120/2556 4431/3121/4431 2553/3116/2553
f 2556/3120/2556 682/3102/682 2551/3105/2551 4431/3121/4431
f 4431/3121/4431 2551/3105/2551 906/3110/906 2557/3122/2557
f 2553/3116/2553 4431/3121/4431 2557/3122/2557 843/3117/843
f 685/3123/685 2558/3124/2558 4432/3125/4432 2560/3126/2560
f 2558/3124/2558 684/3111/684 2555/3114/2555 4432/3125/4432
f 4432/3125/4432 2555/3114/2555 870/3119/870 2559/3127/2559
f 2560/3126/2560 4432/3125/4432 2559/3127/2559 903/3128/903
f 872/3129/872 2561/3130/2561 4433/3131/4433 2564/3132/2564
f 2561/3130/2561 845/3133/845 2562/3134/2562 4433/3131/4433
f 4433/3131/4433 2562/3134/2562 641/3135/641 2563/3136/2563
f 2564/3132/2564 4433/3131/4433 2563/3136/2563 640/3137/640
f 689/3138/689 2565/3139/2565 4434/3140/4434 2568/3141/2568
f 2565/3139/2565 688/3142/688 2566/3143/2566 4434/3140/4434
f 4434/3140/4434 2566/3143/2566 900/3144/900 2567/3145/2567
f 2568/3141/2568 4434/3140/4434 2567/3145/2567 849/3146/849
f 896/3147/896 2569/3148/2569 4435/3149/4435 2572/3150/2572
f 2569/3148/2569 875/3151/875 2570/3152/2570 4435/3149/4435
f 4435/3149/4435 2570/3152/2570 637/3153/637 2571/3154/2571
f 2572/3150/2572 4435/3149/4435 2571/3154/2571 636/3155/636
f 875/3151/875 2573/3156/2573 4436/3157/4436 2570/3152/2570
f 2573/3156/2573 848/3158/848 2574/3159/2574 4436/3157/4436
f 4436/3157/4436 2574/3159/2574 638/3160/638 2575/3161/2575
f 2570/3152/2570 4436/3157/4436 2575/3161/2575 637/3153/637
f 878/3162/878 2576/3163/2576 4437/3164/4437 2579/3165/2579
f 2576/3163/2576 851/3166/851 2577/3167/2577 4437/3164/4437
f 4437/3164/4437 2577/3167/2577 635/3168/635 2578/3169/2578
f 2579/3165/2579 4437/3164/4437 2578/3169/2578 634/3170/634
f 691/3171/691 2580/3172/2580 4438/3173/4438 2583/3174/2583
f 2580/3172/2580 690/3175/690 2581/3176/2581 4438/3173/4438
f 4438/3173/4438 2581/3176/2581 876/3177/876 2582/3178/2582
f 2583/3174/2583 4438/3173/4438 2582/3178/2582 897/3179/897
f 693/3180/693 2584/3181/2584 4439/3182/4439 2587/3183/2587
f 2584/3181/2584 692/3184/692 2585/3185/2585 4439/3182/4439
f 4439/3182/4439 2585/3185/2585 852/3186/852 2586/3187/2586
f 2587/3183/2587 4439/3182/4439 2586/3187/2586 879/3188/879
f 692/3184/692 2588/3189/2588 4440/3190/4440 2585/3185/2585
f 2588/3189/2588 691/3171/691 2583/3174/2583 4440/3190/4440
f 4440/3190/4440 2583/3174/2583 897/3179/897 2589/3191/2589
f 2585/3185/2585 4440/3190/4440 2589/3191/2589 852/3186/852
f 694/3192/694 2590/3193/2590 4441/3194/4441 2592/3195/2592
f 2590/3193/2590 693/3180/693 2587/3183/2587 4441/3194/4441
f 4441/3194/4441 2587/3183/2587 879/3188/879 2591/3196/2591
f 2592/3195/2592 4441/3194/4441 2591/3196/2591 894/3197/894
f 881/3198/881 2593/3199/2593 4442/3200/4442 2596/3201/2596
f 2593/3199/2593 854/3202/854 2594/3203/2594 4442/3200/4442
f 4442/3200/4442 2594/3203/2594 632/3204/632 2595/3205/2595
f 2596/3201/2596 4442/3200/4442 2595/3205/2595 631/3206/631
f 698/3207/698 2597/3208/2597 4443/3209/4443 2600/3210/2600
f 2597/3208/2597 697/3211/697 2598/3212/2598 4443/3209/4443
f 4443/3209/4443 2598/3212/2598 891/3213/891 2599/3214/2599
f 2600/3210/2600 4443/3209/4443 2599/3214/2599 858/3215/858
f 887/3216/887 2601/3217/2601 4444/3218/4444 2604/3219/2604
f 2601/3217/2601 884/3220/884 2602/3221/2602 4444/3218/4444
f 4444/3218/4444 2602/3221/2602 628/3222/628 2603/3223/2603
f 2604/3219/2604 4444/3218/4444 2603/3223/2603 627/3224/627
f 884/3220/884 2605/3225/2605 4445/3226/4445 2602/3221/2602
f 2605/3225/2605 857/3227/857 2606/3228/2606 4445/3226/4445
f 4445/3226/4445 2606/3228/2606 629/3229/629 2607/3230/2607
f 2602/3221/2602 4445/3226/4445 2607/3230/2607 628/3222/628
f 860/3231/860 2608/3232/2608 4446/3233/4446 2610/3234/2610
f 2608/3232/2608 887/3216/887 2604/3219/2604 4446/3233/4446
f 4446/3233/4446 2604/3219/2604 627/3224/627 2609/3235/2609
f 2610/3234/2610 4446/3233/4446 2609/3235/2609 626/3236/626
f 700/3237/700 2611/3238/2611 4447/3239/4447 2614/3240/2614
f 2611/3238/2611 699/3241/699 2612/3242/2612 4447/3239/4447
f 4447/3239/4447 2612/3242/2612 885/3243/885 2613/3244/2613
f 2614/3240/2614 4447/3239/4447 2613/3244/2613 888/3245/888
f 701/3246/701 2615/3247/2615 4448/3248/4448 2617/3249/2617
f 2615/3247/2615 700/3237/700 2614/3240/2614 4448/3248/4448
f 4448/3248/4448 2614/3240/2614 888/3245/888 2616/3250/2616
f 2617/3249/2617 4448/3248/4448 2616/3250/2616 861/3251/861
f 677/3064/677 2618/3252/2618 4449/3253/4449 2530/3065/2530
f 2618/3252/2618 702/3254/702 2619/3255/2619 4449/3253/4449
f 4449/3253/4449 2619/3255/2619 833/3256/833 2620/3257/2620
f 2530/3065/2530 4449/3253/4449 2620/3257/2620 837/3066/837
f 1049/3258/1049 2621/3259/2621 4450/3260/4450 2624/3261/2624
f 2621/3259/2621 1051/3262/1051 2622/3263/2622 4450/3260/4450
f 4450/3260/4450 2622/3263/2622 923/3264/923 2623/3265/2623
f 2624/3261/2624 4450/3260/4450 2623/3265/2623 920/3266/920
f 1051/3262/1051 2625/3267/2625 4451/3268/4451 2622/3263/2622
f 2625/3267/2625 1053/3269/1053 2626/3270/2626 4451/3268/4451
f 4451/3268/4451 2626/3270/2626 926/3271/926 2627/3272/2627
f 2622/3263/2622 4451/3268/4451 2627/3272/2627 923/3264/923
f 1053/3269/1053 2628/3273/2628 4452/3274/4452 2626/3270/2626
f 2628/3273/2628 1055/3275/1055 2629/3276/2629 4452/3274/4452
f 4452/3274/4452 2629/3276/2629 929/3277/929 2630/3278/2630
f 2626/3270/2626 4452/3274/4452 2630/3278/2630 926/3271/926
f 1055/3275/1055 2631/3279/2631 4453/3280/4453 2629/3276/2629
f 2631/3279/2631 1057/3281/1057 2632/3282/2632 4453/3280/4453
f 4453/3280/4453 2632/3282/2632 932/3283/932 2633/3284/2633
f 2629/3276/2629 4453/3280/4453 2633/3284/2633 929/3277/929
f 1057/3281/1057 2634/3285/2634 4454/3286/4454 2632/3282/2632
f 2634/3285/2634 1059/3287/1059 2635/3288/2635 4454/3286/4454
f 4454/3286/4454 2635/3288/2635 935/3289/935 2636/3290/2636
f 2632/3282/2632 4454/3286/4454 2636/3290/2636 932/3283/932
f 1059/3287/1059 2637/3291/2637 4455/3292/4455 2635/3288/2635
f 2637/3291/2637 1061/3293/1061 2638/3294/2638 4455/3292/4455
f 4455/3292/4455 2638/3294/2638 938/3295/938 2639/3296/2639
f 2635/3288/2635 4455/3292/4455 2639/3296/2639 935/3289/935
f 1061/3293/1061 2640/3297/2640 4456/3298/4456 2638/3294/2638
f 2640/3297/2640 1063/3299/1063 2641/3300/2641 4456/3298/4456
f 4456/3298/4456 2641/3300/2641 941/3301/941 2642/3302/2642
f 2638/3294/2638 4456/3298/4456 2642/3302/2642 938/3295/938
f 1063/3299/1063 2643/3303/2643 4457/3304/4457 2641/3300/2641
f 2643/3303/2643 1065/3305/1065 2644/3306/2644 4457/3304/4457
f 4457/3304/4457 2644/3306/2644 944/3307/944 2645/3308/2645
f 2641/3300/2641 4457/3304/4457 2645/3308/2645 941/3301/941
f 1065/3305/1065 2646/3309/2646 4458/3310/4458 2644/3306/2644
f 2646/3309/2646 1067/3311/1067 2647/3312/2647 4458/3310/4458
f 4458/3310/4458 2647/3312/2647 947/3313/947 2648/3314/2648
f 2644/3306/2644 4458/3310/4458 2648/3314/2648 944/3307/944
f 1067/3311/1067 2649/3315/2649 4459/3316/4459 2647/3312/2647
f 2649/3315/2649 1069/3317/1069 2650/3318/2650 4459/3316/4459
f 4459/3316/4459 2650/3318/2650 950/3319/950 2651/3320/2651
f 2647/3312/2647 4459/3316/4459 2651/3320/2651 947/3313/947
f 1069/3317/1069 2652/3321/2652 4460/3322/4460 2650/3318/2650
f 2652/3321/2652 1071/3323/1071 2653/3324/2653 4460/3322/4460
f 4460/3322/4460 2653/3324/2653 953/3325/953 2654/3326/2654
f 2650/3318/2650 4460/3322/4460 2654/3326/2654 950/3319/950
f 1071/3323/1071 2655/3327/2655 4461/3328/4461 2653/3324/2653
f 2655/3327/2655 1073/3329/1073 2656/3330/2656 4461/3328/4461
f 4461/3328/4461 2656/3330/2656 956/3331/956 2657/3332/2657
f 2653/3324/2653 4461/3328/4461 2657/3332/2657 953/3325/953
f 1073/3329/1073 2658/3333/2658 4462/3334/4462 2656/3330/2656
f 2658/3333/2658 1075/3335/1075 2659/3336/2659 4462/3334/4462
f 4462/3334/4462 2659/3336/2659 959/3337/959 2660/3338/2660
f 2656/3330/2656 4462/3334/4462 2660/3338/2660 956/3331/956
f 1075/3335/1075 2661/3339/2661 4463/3340/4463 2659/3336/2659
f 2661/3339/2661 1077/3341/1077 2662/3342/2662 4463/3340/4463
f 4463/3340/4463 2662/3342/2662 962/3343/962 2663/3344/2663
f 2659/3336/2659 4463/3340/4463 2663/3344/2663 959/3337/959
f 1077/3341/1077 2664/3345/2664 4464/3346/4464 2662/3342/2662
f 2664/3345/2664 1079/3347/1079 2665/3348/2665 4464/3346/4464
f 4464/3346/4464 2665/3348/2665 965/3349/965 2666/3350/2666
f 2662/3342/2662 4464/3346/4464 2666/3350/2666 962/3343/962
f 1079/3347/1079 2667/3351/2667 4465/3352/4465 2665/3348/2665
f 2667/3351/2667 1081/3353/1081 2668/3354/2668 4465/3352/4465
f 4465/3352/4465 2668/3354/2668 968/3355/968 2669/3356/2669
f 2665/3348/2665 4465/3352/4465 2669/3356/2669 965/3349/965
f 1081/3353/1081 2670/3357/2670 4466/3358/4466 2668/3354/2668
f 2670/3357/2670 1083/3359/1083 2671/3360/2671 4466/3358/4466
f 4466/3358/4466 2671/3360/2671 971/3361/971 2672/3362/2672
f 2668/3354/2668 4466/3358/4466 2672/3362/2672 968/3355/968
f 1083/3359/1083 2673/3363/2673 4467/3364/4467 2671/3360/2671
f 2673/3363/2673 1085/3365/1085 2674/3366/2674 4467/3364/4467
f 4467/3364/4467 2674/3366/2674 974/3367/974 2675/3368/2675
f 2671/3360/2671 4467/3364/4467 2675/3368/2675 971/3361/971
f 1085/3365/1085 2676/3369/2676 4468/3370/4468 2674/3366/2674
f 2676/3369/2676 1087/3371/1087 2677/3372/2677 4468/3370/4468
f 4468/3370/4468 2677/3372/2677 977/3373/977 2678/3374/2678
f 2674/3366/2674 4468/3370/4468 2678/3374/2678 974/3367/974
f 1087/3371/1087 2679/3375/2679 4469/3376/4469 2677/3372/2677
f 2679/3375/2679 1089/3377/1089 2680/3378/2680 4469/3376/4469
f 4469/3376/4469 2680/3378/2680 980/3379/980 2681/3380/2681
f 2677/3372/2677 4469/3376/4469 2681/3380/2681 977/3373/977
f 1089/3377/1089 2682/3381/2682 4470/3382/4470 2680/3378/2680
f 2682/3381/2682 1091/3051/1091 2528/3054/2528 4470/3382/4470
f 4470/3382/4470 2528/3054/2528 983/3059/983 2683/3383/2683
f 2680/3378/2680 4470/3382/4470 2683/3383/2683 980/3379/980
f 585/3384/585 2684/3385/2684 4471/3386/4471 2687/3387/2687
f 2684/3385/2684 1099/3388/1099 2685/3389/2685 4471/3386/4471
f 4471/3386/4471 2685/3389/2685 1098/3390/1098 2686/3391/2686
f 2687/3387/2687 4471/3386/4471 2686/3391/2686 583/3392/583
f 1043/3393/1043 2688/3394/2688 4472/3395/4472 2691/3396/2691
f 2688/3394/2688 1045/3397/1045 2689/3398/2689 4472/3395/4472
f 4472/3395/4472 2689/3398/2689 914/3399/914 2690/3400/2690
f 2691/3396/2691 4472/3395/4472 2690/3400/2690 911/3401/911
f 912/3402/912 2692/3403/2692 4473/3404/4473 2695/3405/2695
f 2692/3403/2692 915/3406/915 2693/3407/2693 4473/3404/4473
f 4473/3404/4473 2693/3407/2693 709/3408/709 2694/3409/2694
f 2695/3405/2695 4473/3404/4473 2694/3409/2694 706/3410/706
f 984/3411/984 2696/3412/2696 4474/3413/4474 2699/3414/2699
f 2696/3412/2696 986/3415/986 2697/3416/2697 4474/3413/4474
f 4474/3413/4474 2697/3416/2697 704/3417/704 2698/3418/2698
f 2699/3414/2699 4474/3413/4474 2698/3418/2698 778/3419/778
f 981/3420/981 2700/3421/2700 4475/3422/4475 2702/3423/2702
f 2700/3421/2700 984/3411/984 2699/3414/2699 4475/3422/4475
f 4475/3422/4475 2699/3414/2699 778/3419/778 2701/3424/2701
f 2702/3423/2702 4475/3422/4475 2701/3424/2701 775/3425/775
f 978/3426/978 2703/3427/2703 4476/3428/4476 2705/3429/2705
f 2703/3427/2703 981/3420/981 2702/3423/2702 4476/3428/4476
f 4476/3428/4476 2702/3423/2702 775/3425/775 2704/3430/2704
f 2705/3429/2705 4476/3428/4476 2704/3430/2704 772/3431/772
f 975/3432/975 2706/3433/2706 4477/3434/4477 2708/3435/2708
f 2706/3433/2706 978/3426/978 2705/3429/2705 4477/3434/4477
f 4477/3434/4477 2705/3429/2705 772/3431/772 2707/3436/2707
f 2708/3435/2708 4477/3434/4477 2707/3436/2707 769/3437/769
f 972/3438/972 2709/3439/2709 4478/3440/4478 2711/3441/2711
f 2709/3439/2709 975/3432/975 2708/3435/2708 4478/3440/4478
f 4478/3440/4478 2708/3435/2708 769/3437/769 2710/3442/2710
f 2711/3441/2711 4478/3440/4478 2710/3442/2710 766/3443/766
f 969/3444/969 2712/3445/2712 4479/3446/4479 2714/3447/2714
f 2712/3445/2712 972/3438/972 2711/3441/2711 4479/3446/4479
f 4479/3446/4479 2711/3441/2711 766/3443/766 2713/3448/2713
f 2714/3447/2714 4479/3446/4479 2713/3448/2713 763/3449/763
f 966/3450/966 2715/3451/2715 4480/3452/4480 2717/3453/2717
f 2715/3451/2715 969/3444/969 2714/3447/2714 4480/3452/4480
f 4480/3452/4480 2714/3447/2714 763/3449/763 2716/3454/2716
f 2717/3453/2717 4480/3452/4480 2716/3454/2716 760/3455/760
f 963/3456/963 2718/3457/2718 4481/3458/4481 2720/3459/2720
f 2718/3457/2718 966/3450/966 2717/3453/2717 4481/3458/4481
f 4481/3458/4481 2717/3453/2717 760/3455/760 2719/3460/2719
f 2720/3459/2720 4481/3458/4481 2719/3460/2719 757/3461/757
f 960/3462/960 2721/3463/2721 4482/3464/4482 2723/3465/2723
f 2721/3463/2721 963/3456/963 2720/3459/2720 4482/3464/4482
f 4482/3464/4482 2720/3459/2720 757/3461/757 2722/3466/2722
f 2723/3465/2723 4482/3464/4482 2722/3466/2722 754/3467/754
f 957/3468/957 2724/3469/2724 4483/3470/4483 2726/3471/2726
f 2724/3469/2724 960/3462/960 2723/3465/2723 4483/3470/4483
f 4483/3470/4483 2723/3465/2723 754/3467/754 2725/3472/2725
f 2726/3471/2726 4483/3470/4483 2725/3472/2725 751/3473/751
f 954/3474/954 2727/3475/2727 4484/3476/4484 2729/3477/2729
f 2727/3475/2727 957/3468/957 2726/3471/2726 4484/3476/4484
f 4484/3476/4484 2726/3471/2726 751/3473/751 2728/3478/2728
f 2729/3477/2729 4484/3476/4484 2728/3478/2728 748/3479/748
f 951/3480/951 2730/3481/2730 4485/3482/4485 2732/3483/2732
f 2730/3481/2730 954/3474/954 2729/3477/2729 4485/3482/4485
f 4485/3482/4485 2729/3477/2729 748/3479/748 2731/3484/2731
f 2732/3483/2732 4485/3482/4485 2731/3484/2731 745/3485/745
f 948/3486/948 2733/3487/2733 4486/3488/4486 2735/3489/2735
f 2733/3487/2733 951/3480/951 2732/3483/2732 4486/3488/4486
f 4486/3488/4486 2732/3483/2732 745/3485/745 2734/3490/2734
f 2735/3489/2735 4486/3488/4486 2734/3490/2734 742/3491/742
f 945/3492/945 2736/3493/2736 4487/3494/4487 2738/3495/2738
f 2736/3493/2736 948/3486/948 2735/3489/2735 4487/3494/4487
f 4487/3494/4487 2735/3489/2735 742/3491/742 2737/3496/2737
f 2738/3495/2738 4487/3494/4487 2737/3496/2737 739/3497/739
f 942/3498/942 2739/3499/2739 4488/3500/4488 2741/3501/2741
f 2739/3499/2739 945/3492/945 2738/3495/2738 4488/3500/4488
f 4488/3500/4488 2738/3495/2738 739/3497/739 2740/3502/2740
f 2741/3501/2741 4488/3500/4488 2740/3502/2740 736/3503/736
f 939/3504/939 2742/3505/2742 4489/3506/4489 2744/3507/2744
f 2742/3505/2742 942/3498/942 2741/3501/2741 4489/3506/4489
f 4489/3506/4489 2741/3501/2741 736/3503/736 2743/3508/2743
f 2744/3507/2744 4489/3506/4489 2743/3508/2743 733/3509/733
f 936/3510/936 2745/3511/2745 4490/3512/4490 2747/3513/2747
f 2745/3511/2745 939/3504/939 2744/3507/2744 4490/3512/4490
f 4490/3512/4490 2744/3507/2744 733/3509/733 2746/3514/2746
f 2747/3513/2747 4490/3512/4490 2746/3514/2746 730/3515/730
f 933/3516/933 2748/3517/2748 4491/3518/4491 2750/3519/2750
f 2748/3517/2748 936/3510/936 2747/3513/2747 4491/3518/4491
f 4491/3518/4491 2747/3513/2747 730/3515/730 2749/3520/2749
f 2750/3519/2750 4491/3518/4491 2749/3520/2749 727/3521/727
f 930/3522/930 2751/3523/2751 4492/3524/4492 2753/3525/2753
f 2751/3523/2751 933/3516/933 2750/3519/2750 4492/3524/4492
f 4492/3524/4492 2750/3519/2750 727/3521/727 2752/3526/2752
f 2753/3525/2753 4492/3524/4492 2752/3526/2752 724/3527/724
f 927/3528/927 2754/3529/2754 4493/3530/4493 2756/3531/2756
f 2754/3529/2754 930/3522/930 2753/3525/2753 4493/3530/4493
f 4493/3530/4493 2753/3525/2753 724/3527/724 2755/3532/2755
f 2756/3531/2756 4493/3530/4493 2755/3532/2755 721/3533/721
f 924/3534/924 2757/3535/2757 4494/3536/4494 2759/3537/2759
f 2757/3535/2757 927/3528/927 2756/3531/2756 4494/3536/4494
f 4494/3536/4494 2756/3531/2756 721/3533/721 2758/3538/2758
f 2759/3537/2759 4494/3536/4494 2758/3538/2758 718/3539/718
f 921/3540/921 2760/3541/2760 4495/3542/4495 2762/3543/2762
f 2760/3541/2760 924/3534/924 2759/3537/2759 4495/3542/4495
f 4495/3542/4495 2759/3537/2759 718/3539/718 2761/3544/2761
f 2762/3543/2762 4495/3542/4495 2761/3544/2761 715/3545/715
f 918/3546/918 2763/3547/2763 4496/3548/4496 2765/3549/2765
f 2763/3547/2763 921/3540/921 2762/3543/2762 4496/3548/4496
f 4496/3548/4496 2762/3543/2762 715/3545/715 2764/3550/2764
f 2765/3549/2765 4496/3548/4496 2764/3550/2764 712/3551/712
f 915/3406/915 2766/3552/2766 4497/3553/4497 2693/3407/2693
f 2766/3552/2766 918/3546/918 2765/3549/2765 4497/3553/4497
f 4497/3553/4497 2765/3549/2765 712/3551/712 2767/3554/2767
f 2693/3407/2693 4497/3553/4497 2767/3554/2767 709/3408/709
f 986/3555/986 2768/3556/2768 4498/3557/4498 2697/3558/2697
f 2768/3556/2768 912/3402/912 2695/3405/2695 4498/3557/4498
f 4498/3557/4498 2695/3405/2695 706/3410/706 2769/3559/2769
f 2697/3558/2697 4498/3557/4498 2769/3559/2769 704/3560/704
f 1045/3397/1045 2770/3561/2770 4499/3562/4499 2689/3398/2689
f 2770/3561/2770 1047/3563/1047 2771/3564/2771 4499/3562/4499
f 4499/3562/4499 2771/3564/2771 917/3565/917 2772/3566/2772
f 2689/3398/2689 4499/3562/4499 2772/3566/2772 914/3399/914
f 708/3567/708 2773/3568/2773 4500/3569/4500 2776/3570/2776
f 2773/3568/2773 705/3571/705 2774/3572/2774 4500/3569/4500
f 4500/3569/4500 2774/3572/2774 651/3573/651 2775/3574/2775
f 2776/3570/2776 4500/3569/4500 2775/3574/2775 676/3575/676
f 711/3576/711 2777/3577/2777 4501/3578/4501 2779/3579/2779
f 2777/3577/2777 708/3567/708 2776/3570/2776 4501/3578/4501
f 4501/3578/4501 2776/3570/2776 676/3575/676 2778/3580/2778
f 2779/3579/2779 4501/3578/4501 2778/3580/2778 675/3581/675
f 714/3582/714 2780/3583/2780 4502/3584/4502 2782/3585/2782
f 2780/3583/2780 711/3576/711 2779/3579/2779 4502/3584/4502
f 4502/3584/4502 2779/3579/2779 675/3581/675 2781/3586/2781
f 2782/3585/2782 4502/3584/4502 2781/3586/2781 674/3587/674
f 717/3588/717 2783/3589/2783 4503/3590/4503 2785/3591/2785
f 2783/3589/2783 714/3582/714 2782/3585/2782 4503/3590/4503
f 4503/3590/4503 2782/3585/2782 674/3587/674 2784/3592/2784
f 2785/3591/2785 4503/3590/4503 2784/3592/2784 673/3593/673
f 720/3594/720 2786/3595/2786 4504/3596/4504 2788/3597/2788
f 2786/3595/2786 717/3588/717 2785/3591/2785 4504/3596/4504
f 4504/3596/4504 2785/3591/2785 673/3593/673 2787/3598/2787
f 2788/3597/2788 4504/3596/4504 2787/3598/2787 672/3599/672
f 723/3600/723 2789/3601/2789 4505/3602/4505 2791/3603/2791
f 2789/3601/2789 720/3594/720 2788/3597/2788 4505/3602/4505
f 4505/3602/4505 2788/3597/2788 672/3599/672 2790/3604/2790
f 2791/3603/2791 4505/3602/4505 2790/3604/2790 671/3605/671
f 726/3606/726 2792/3607/2792 4506/3608/4506 2794/3609/2794
f 2792/3607/2792 723/3600/723 2791/3603/2791 4506/3608/4506
f 4506/3608/4506 2791/3603/2791 671/3605/671 2793/3610/2793
f 2794/3609/2794 4506/3608/4506 2793/3610/2793 670/3611/670
f 729/3612/729 2795/3613/2795 4507/3614/4507 2797/3615/2797
f 2795/3613/2795 726/3606/726 2794/3609/2794 4507/3614/4507
f 4507/3614/4507 2794/3609/2794 670/3611/670 2796/3616/2796
f 2797/3615/2797 4507/3614/4507 2796/3616/2796 669/3617/669
f 732/3618/732 2798/3619/2798 4508/3620/4508 2800/3621/2800
f 2798/3619/2798 729/3612/729 2797/3615/2797 4508/3620/4508
f 4508/3620/4508 2797/3615/2797 669/3617/669 2799/3622/2799
f 2800/3621/2800 4508/3620/4508 2799/3622/2799 668/3623/668
f 735/3624/735 2801/3625/2801 4509/3626/4509 2803/3627/2803
f 2801/3625/2801 732/3618/732 2800/3621/2800 4509/3626/4509
f 4509/3626/4509 2800/3621/2800 668/3623/668 2802/3628/2802
f 2803/3627/2803 4509/3626/4509 2802/3628/2802 667/3629/667
f 738/3630/738 2804/3631/2804 4510/3632/4510 2806/3633/2806
f 2804/3631/2804 735/3624/735 2803/3627/2803 4510/3632/4510
f 4510/3632/4510 2803/3627/2803 667/3629/667 2805/3634/2805
f 2806/3633/2806 4510/3632/4510 2805/3634/2805 666/3635/666
f 741/3636/741 2807/3637/2807 4511/3638/4511 2809/3639/2809
f 2807/3637/2807 738/3630/738 2806/3633/2806 4511/3638/4511
f 4511/3638/4511 2806/3633/2806 666/3635/666 2808/3640/2808
f 2809/3639/2809 4511/3638/4511 2808/3640/2808 665/3641/665
f 744/3642/744 2810/3643/2810 4512/3644/4512 2812/3645/2812
f 2810/3643/2810 741/3636/741 2809/3639/2809 4512/3644/4512
f 4512/3644/4512 2809/3639/2809 665/3641/665 2811/3646/2811
f 2812/3645/2812 4512/3644/4512 2811/3646/2811 664/3647/664
f 747/3648/747 2813/3649/2813 4513/3650/4513 2815/3651/2815
f 2813/3649/2813 744/3642/744 2812/3645/2812 4513/3650/4513
f 4513/3650/4513 2812/3645/2812 664/3647/664 2814/3652/2814
f 2815/3651/2815 4513/3650/4513 2814/3652/2814 663/3653/663
f 750/3654/750 2816/3655/2816 4514/3656/4514 2818/3657/2818
f 2816/3655/2816 747/3648/747 2815/3651/2815 4514/3656/4514
f 4514/3656/4514 2815/3651/2815 663/3653/663 2817/3658/2817
f 2818/3657/2818 4514/3656/4514 2817/3658/2817 662/3659/662
f 753/3660/753 2819/3661/2819 4515/3662/4515 2821/3663/2821
f 2819/3661/2819 750/3654/750 2818/3657/2818 4515/3662/4515
f 4515/3662/4515 2818/3657/2818 662/3659/662 2820/3664/2820
f 2821/3663/2821 4515/3662/4515 2820/3664/2820 661/3665/661
f 756/3666/756 2822/3667/2822 4516/3668/4516 2824/3669/2824
f 2822/3667/2822 753/3660/753 2821/3663/2821 4516/3668/4516
f 4516/3668/4516 2821/3663/2821 661/3665/661 2823/3670/2823
f 2824/3669/2824 4516/3668/4516 2823/3670/2823 660/3671/660
f 759/3672/759 2825/3673/2825 4517/3674/4517 2827/3675/2827
f 2825/3673/2825 756/3666/756 2824/3669/2824 4517/3674/4517
f 4517/3674/4517 2824/3669/2824 660/3671/660 2826/3676/2826
f 2827/3675/2827 4517/3674/4517 2826/3676/2826 659/3677/659
f 762/3678/762 2828/3679/2828 4518/3680/4518 2830/3681/2830
f 2828/3679/2828 759/3672/759 2827/3675/2827 4518/3680/4518
f 4518/3680/4518 2827/3675/2827 659/3677/659 2829/3682/2829
f 2830/3681/2830 4518/3680/4518 2829/3682/2829 658/3683/658
f 765/3684/765 2831/3685/2831 4519/3686/4519 2833/3687/2833
f 2831/3685/2831 762/3678/762 2830/3681/2830 4519/3686/4519
f 4519/3686/4519 2830/3681/2830 658/3683/658 2832/3688/2832
f 2833/3687/2833 4519/3686/4519 2832/3688/2832 657/3689/657
f 768/3690/768 2834/3691/2834 4520/3692/4520 2836/3693/2836
f 2834/3691/2834 765/3684/765 2833/3687/2833 4520/3692/4520
f 4520/3692/4520 2833/3687/2833 657/3689/657 2835/3694/2835
f 2836/3693/2836 4520/3692/4520 2835/3694/2835 656/3695/656
f 771/3696/771 2837/3697/2837 4521/3698/4521 2839/3699/2839
f 2837/3697/2837 768/3690/768 2836/3693/2836 4521/3698/4521
f 4521/3698/4521 2836/3693/2836 656/3695/656 2838/3700/2838
f 2839/3699/2839 4521/3698/4521 2838/3700/2838 655/3701/655
f 774/3702/774 2840/3703/2840 4522/3704/4522 2842/3705/2842
f 2840/3703/2840 771/3696/771 2839/3699/2839 4522/3704/4522
f 4522/3704/4522 2839/3699/2839 655/3701/655 2841/3706/2841
f 2842/3705/2842 4522/3704/4522 2841/3706/2841 654/3707/654
f 777/3708/777 2843/3709/2843 4523/3710/4523 2845/3711/2845
f 2843/3709/2843 774/3702/774 2842/3705/2842 4523/3710/4523
f 4523/3710/4523 2842/3705/2842 654/3707/654 2844/3712/2844
f 2845/3711/2845 4523/3710/4523 2844/3712/2844 653/3713/653
f 780/3714/780 2846/3715/2846 4524/3716/4524 2848/3717/2848
f 2846/3715/2846 777/3708/777 2845/3711/2845 4524/3716/4524
f 4524/3716/4524 2845/3711/2845 653/3713/653 2847/3718/2847
f 2848/3717/2848 4524/3716/4524 2847/3718/2847 652/3719/652
f 705/3720/705 2849/3721/2849 4525/3722/4525 2774/3723/2774
f 2849/3721/2849 780/3714/780 2848/3717/2848 4525/3722/4525
f 4525/3722/4525 2848/3717/2848 652/3719/652 2850/3724/2850
f 2774/3723/2774 4525/3722/4525 2850/3724/2850 651/3725/651
f 1047/3563/1047 2851/3726/2851 4526/3727/4526 2771/3564/2771
f 2851/3726/2851 1049/3258/1049 2624/3261/2624 4526/3727/4526
f 4526/3727/4526 2624/3261/2624 920/3266/920 2852/3728/2852
f 2771/3564/2771 4526/3727/4526 2852/3728/2852 917/3565/917
f 829/3729/829 2853/3730/2853 4527/3731/4527 2855/3732/2855
f 2853/3730/2853 831/3733/831 2854/3734/2854 4527/3731/4527
f 4527/3731/4527 2854/3734/2854 702/3254/702 2618/3252/2618
f 2855/3732/2855 4527/3731/4527 2618/3252/2618 677/3064/677
f 827/3735/827 2856/3736/2856 4528/3737/4528 2857/3738/2857
f 2856/3736/2856 829/3729/829 2855/3732/2855 4528/3737/4528
f 4528/3737/4528 2855/3732/2855 677/3064/677 2529/3061/2529
f 2857/3738/2857 4528/3737/4528 2529/3061/2529 678/3060/678
f 825/3739/825 2858/3740/2858 4529/3741/4529 2860/3742/2860
f 2858/3740/2858 827/3735/827 2857/3738/2857 4529/3741/4529
f 4529/3741/4529 2857/3738/2857 678/3060/678 2859/3743/2859
f 2860/3742/2860 4529/3741/4529 2859/3743/2859 679/3073/679
f 823/3744/823 2861/3745/2861 4530/3746/4530 2862/3747/2862
f 2861/3745/2861 825/3739/825 2860/3742/2860 4530/3746/4530
f 4530/3746/4530 2860/3742/2860 679/3073/679 2533/3070/2533
f 2862/3747/2862 4530/3746/4530 2533/3070/2533 680/3069/680
f 821/3748/821 2863/3749/2863 4531/3750/4531 2865/3751/2865
f 2863/3749/2863 823/3744/823 2862/3747/2862 4531/3750/4531
f 4531/3750/4531 2862/3747/2862 680/3069/680 2864/3752/2864
f 2865/3751/2865 4531/3750/4531 2864/3752/2864 681/3106/681
f 819/3753/819 2866/3754/2866 4532/3755/4532 2867/3756/2867
f 2866/3754/2866 821/3748/821 2865/3751/2865 4532/3755/4532
f 4532/3755/4532 2865/3751/2865 681/3106/681 2548/3103/2548
f 2867/3756/2867 4532/3755/4532 2548/3103/2548 682/3102/682
f 817/3757/817 2868/3758/2868 4533/3759/4533 2869/3760/2869
f 2868/3758/2868 819/3753/819 2867/3756/2867 4533/3759/4533
f 4533/3759/4533 2867/3756/2867 682/3102/682 2556/3120/2556
f 2869/3760/2869 4533/3759/4533 2556/3120/2556 683/3115/683
f 815/3761/815 2870/3762/2870 4534/3763/4534 2871/3764/2871
f 2870/3762/2870 817/3757/817 2869/3760/2869 4534/3763/4534
f 4534/3763/4534 2869/3760/2869 683/3115/683 2552/3112/2552
f 2871/3764/2871 4534/3763/4534 2552/3112/2552 684/3111/684
f 813/3765/813 2872/3766/2872 4535/3767/4535 2873/3768/2873
f 2872/3766/2872 815/3761/815 2871/3764/2871 4535/3767/4535
f 4535/3767/4535 2871/3764/2871 684/3111/684 2558/3124/2558
f 2873/3768/2873 4535/3767/4535 2558/3124/2558 685/3123/685
f 811/3769/811 2874/3770/2874 4536/3771/4536 2876/3772/2876
f 2874/3770/2874 813/3765/813 2873/3768/2873 4536/3771/4536
f 4536/3771/4536 2873/3768/2873 685/3123/685 2875/3773/2875
f 2876/3772/2876 4536/3771/4536 2875/3773/2875 686/3774/686
f 809/3775/809 2877/3776/2877 4537/3777/4537 2879/3778/2879
f 2877/3776/2877 811/3769/811 2876/3772/2876 4537/3777/4537
f 4537/3777/4537 2876/3772/2876 686/3774/686 2878/3779/2878
f 2879/3778/2879 4537/3777/4537 2878/3779/2878 687/3780/687
f 807/3781/807 2880/3782/2880 4538/3783/4538 2882/3784/2882
f 2880/3782/2880 809/3775/809 2879/3778/2879 4538/3783/4538
f 4538/3783/4538 2879/3778/2879 687/3780/687 2881/3785/2881
f 2882/3784/2882 4538/3783/4538 2881/3785/2881 688/3142/688
f 805/3786/805 2883/3787/2883 4539/3788/4539 2884/3789/2884
f 2883/3787/2883 807/3781/807 2882/3784/2882 4539/3788/4539
f 4539/3788/4539 2882/3784/2882 688/3142/688 2565/3139/2565
f 2884/3789/2884 4539/3788/4539 2565/3139/2565 689/3138/689
f 803/3790/803 2885/3791/2885 4540/3792/4540 2887/3793/2887
f 2885/3791/2885 805/3786/805 2884/3789/2884 4540/3792/4540
f 4540/3792/4540 2884/3789/2884 689/3138/689 2886/3794/2886
f 2887/3793/2887 4540/3792/4540 2886/3794/2886 690/3175/690
f 801/3795/801 2888/3796/2888 4541/3797/4541 2889/3798/2889
f 2888/3796/2888 803/3790/803 2887/3793/2887 4541/3797/4541
f 4541/3797/4541 2887/3793/2887 690/3175/690 2580/3172/2580
f 2889/3798/2889 4541/3797/4541 2580/3172/2580 691/3171/691
f 799/3799/799 2890/3800/2890 4542/3801/4542 2891/3802/2891
f 2890/3800/2890 801/3795/801 2889/3798/2889 4542/3801/4542
f 4542/3801/4542 2889/3798/2889 691/3171/691 2588/3189/2588
f 2891/3802/2891 4542/3801/4542 2588/3189/2588 692/3184/692
f 797/3803/797 2892/3804/2892 4543/3805/4543 2893/3806/2893
f 2892/3804/2892 799/3799/799 2891/3802/2891 4543/3805/4543
f 4543/3805/4543 2891/3802/2891 692/3184/692 2584/3181/2584
f 2893/3806/2893 4543/3805/4543 2584/3181/2584 693/3180/693
f 795/3807/795 2894/3808/2894 4544/3809/4544 2895/3810/2895
f 2894/3808/2894 797/3803/797 2893/3806/2893 4544/3809/4544
f 4544/3809/4544 2893/3806/2893 693/3180/693 2590/3193/2590
f 2895/3810/2895 4544/3809/4544 2590/3193/2590 694/3192/694
f 793/3811/793 2896/3812/2896 4545/3813/4545 2898/3814/2898
f 2896/3812/2896 795/3807/795 2895/3810/2895 4545/3813/4545
f 4545/3813/4545 2895/3810/2895 694/3192/694 2897/3815/2897
f 2898/3814/2898 4545/3813/4545 2897/3815/2897 695/3816/695
f 791/3817/791 2899/3818/2899 4546/3819/4546 2901/3820/2901
f 2899/3818/2899 793/3811/793 2898/3814/2898 4546/3819/4546
f 4546/3819/4546 2898/3814/2898 695/3816/695 2900/3821/2900
f 2901/3820/2901 4546/3819/4546 2900/3821/2900 696/3822/696
f 789/3823/789 2902/3824/2902 4547/3825/4547 2904/3826/2904
f 2902/3824/2902 791/3817/791 2901/3820/2901 4547/3825/4547
f 4547/3825/4547 2901/3820/2901 696/3822/696 2903/3827/2903
f 2904/3826/2904 4547/3825/4547 2903/3827/2903 697/3211/697
f 787/3828/787 2905/3829/2905 4548/3830/4548 2906/3831/2906
f 2905/3829/2905 789/3823/789 2904/3826/2904 4548/3830/4548
f 4548/3830/4548 2904/3826/2904 697/3211/697 2597/3208/2597
f 2906/3831/2906 4548/3830/4548 2597/3208/2597 698/3207/698
f 785/3832/785 2907/3833/2907 4549/3834/4549 2909/3835/2909
f 2907/3833/2907 787/3828/787 2906/3831/2906 4549/3834/4549
f 4549/3834/4549 2906/3831/2906 698/3207/698 2908/3836/2908
f 2909/3835/2909 4549/3834/4549 2908/3836/2908 699/3241/699
f 783/3837/783 2910/3838/2910 4550/3839/4550 2911/3840/2911
f 2910/3838/2910 785/3832/785 2909/3835/2909 4550/3839/4550
f 4550/3839/4550 2909/3835/2909 699/3241/699 2611/3238/2611
f 2911/3840/2911 4550/3839/4550 2611/3238/2611 700/3237/700
f 1039/3841/1039 2912/3842/2912 4551/3843/4551 2914/3844/2914
f 2912/3842/2912 778/3419/778 2698/3845/2698 4551/3843/4551
f 4551/3843/4551 2698/3845/2698 704/3846/704 2913/3847/2913
f 2914/3844/2914 4551/3843/4551 2913/3847/2913 990/3848/990
f 990/3849/990 2913/3850/2913 4552/3851/4552 2916/3852/2916
f 2913/3850/2913 704/3853/704 2769/3854/2769 4552/3851/4552
f 4552/3851/4552 2769/3854/2769 706/3855/706 2915/3856/2915
f 2916/3852/2916 4552/3851/4552 2915/3856/2915 991/3857/991
f 1037/3858/1037 2917/3859/2917 4553/3860/4553 2918/3861/2918
f 2917/3859/2917 775/3862/775 2701/3424/2701 4553/3860/4553
f 4553/3860/4553 2701/3424/2701 778/3419/778 2912/3842/2912
f 2918/3861/2918 4553/3860/4553 2912/3842/2912 1039/3841/1039
f 625/3863/625 2919/3864/2919 4554/3865/4554 2921/3866/2921
f 2919/3864/2919 626/3236/626 2920/3867/2920 4554/3865/4554
f 4554/3865/4554 2920/3867/2920 780/3714/780 2849/3721/2849
f 2921/3866/2921 4554/3865/4554 2849/3721/2849 705/3720/705
f 1035/3868/1035 2922/3869/2922 4555/3870/4555 2923/3871/2923
f 2922/3869/2922 772/3872/772 2704/3873/2704 4555/3870/4555
f 4555/3870/4555 2704/3873/2704 775/3862/775 2917/3859/2917
f 2923/3871/2923 4555/3870/4555 2917/3859/2917 1037/3858/1037
f 776/3874/776 2924/3875/2924 4556/3876/4556 2927/3877/2927
f 2924/3875/2924 1038/3878/1038 2925/3879/2925 4556/3876/4556
f 4556/3876/4556 2925/3879/2925 1040/3880/1040 2926/3881/2926
f 2927/3877/2927 4556/3876/4556 2926/3881/2926 779/3882/779
f 1033/3883/1033 2928/3884/2928 4557/3885/4557 2929/3886/2929
f 2928/3884/2928 769/3887/769 2707/3888/2707 4557/3885/4557
f 4557/3885/4557 2707/3888/2707 772/3872/772 2922/3869/2922
f 2929/3886/2929 4557/3885/4557 2922/3869/2922 1035/3868/1035
f 773/3889/773 2930/3890/2930 4558/3891/4558 2932/3892/2932
f 2930/3890/2930 1036/3893/1036 2931/3894/2931 4558/3891/4558
f 4558/3891/4558 2931/3894/2931 1038/3878/1038 2924/3875/2924
f 2932/3892/2932 4558/3891/4558 2924/3875/2924 776/3874/776
f 1031/3895/1031 2933/3896/2933 4559/3897/4559 2934/3898/2934
f 2933/3896/2933 766/3443/766 2710/3899/2710 4559/3897/4559
f 4559/3897/4559 2710/3899/2710 769/3887/769 2928/3884/2928
f 2934/3898/2934 4559/3897/4559 2928/3884/2928 1033/3883/1033
f 770/3900/770 2935/3901/2935 4560/3902/4560 2937/3903/2937
f 2935/3901/2935 1034/3904/1034 2936/3905/2936 4560/3902/4560
f 4560/3902/4560 2936/3905/2936 1036/3893/1036 2930/3890/2930
f 2937/3903/2937 4560/3902/4560 2930/3890/2930 773/3889/773
f 1029/3906/1029 2938/3907/2938 4561/3908/4561 2939/3909/2939
f 2938/3907/2938 763/3910/763 2713/3911/2713 4561/3908/4561
f 4561/3908/4561 2713/3911/2713 766/3443/766 2933/3896/2933
f 2939/3909/2939 4561/3908/4561 2933/3896/2933 1031/3895/1031
f 767/3912/767 2940/3913/2940 4562/3914/4562 2942/3915/2942
f 2940/3913/2940 1032/3916/1032 2941/3917/2941 4562/3914/4562
f 4562/3914/4562 2941/3917/2941 1034/3904/1034 2935/3901/2935
f 2942/3915/2942 4562/3914/4562 2935/3901/2935 770/3900/770
f 1027/3918/1027 2943/3919/2943 4563/3920/4563 2944/3921/2944
f 2943/3919/2943 760/3455/760 2716/3922/2716 4563/3920/4563
f 4563/3920/4563 2716/3922/2716 763/3910/763 2938/3907/2938
f 2944/3921/2944 4563/3920/4563 2938/3907/2938 1029/3906/1029
f 764/3923/764 2945/3924/2945 4564/3925/4564 2947/3926/2947
f 2945/3924/2945 1030/3927/1030 2946/3928/2946 4564/3925/4564
f 4564/3925/4564 2946/3928/2946 1032/3916/1032 2940/3913/2940
f 2947/3926/2947 4564/3925/4564 2940/3913/2940 767/3912/767
f 1025/3929/1025 2948/3930/2948 4565/3931/4565 2949/3932/2949
f 2948/3930/2948 757/3461/757 2719/3933/2719 4565/3931/4565
f 4565/3931/4565 2719/3933/2719 760/3455/760 2943/3919/2943
f 2949/3932/2949 4565/3931/4565 2943/3919/2943 1027/3918/1027
f 761/3934/761 2950/3935/2950 4566/3936/4566 2952/3937/2952
f 2950/3935/2950 1028/3938/1028 2951/3939/2951 4566/3936/4566
f 4566/3936/4566 2951/3939/2951 1030/3927/1030 2945/3924/2945
f 2952/3937/2952 4566/3936/4566 2945/3924/2945 764/3923/764
f 1023/3940/1023 2953/3941/2953 4567/3942/4567 2954/3943/2954
f 2953/3941/2953 754/3944/754 2722/3945/2722 4567/3942/4567
f 4567/3942/4567 2722/3945/2722 757/3461/757 2948/3930/2948
f 2954/3943/2954 4567/3942/4567 2948/3930/2948 1025/3929/1025
f 758/3946/758 2955/3947/2955 4568/3948/4568 2957/3949/2957
f 2955/3947/2955 1026/3950/1026 2956/3951/2956 4568/3948/4568
f 4568/3948/4568 2956/3951/2956 1028/3938/1028 2950/3935/2950
f 2957/3949/2957 4568/3948/4568 2950/3935/2950 761/3934/761
f 1021/3952/1021 2958/3953/2958 4569/3954/4569 2959/3955/2959
f 2958/3953/2958 751/3473/751 2725/3956/2725 4569/3954/4569
f 4569/3954/4569 2725/3956/2725 754/3944/754 2953/3941/2953
f 2959/3955/2959 4569/3954/4569 2953/3941/2953 1023/3940/1023
f 755/3957/755 2960/3958/2960 4570/3959/4570 2962/3960/2962
f 2960/3958/2960 1024/3961/1024 2961/3962/2961 4570/3959/4570
f 4570/3959/4570 2961/3962/2961 1026/3950/1026 2955/3947/2955
f 2962/3960/2962 4570/3959/4570 2955/3947/2955 758/3946/758
f 1019/3963/1019 2963/3964/2963 4571/3965/4571 2964/3966/2964
f 2963/3964/2963 748/3479/748 2728/3967/2728 4571/3965/4571
f 4571/3965/4571 2728/3967/2728 751/3473/751 2958/3953/2958
f 2964/3966/2964 4571/3965/4571 2958/3953/2958 1021/3952/1021
f 752/3968/752 2965/3969/2965 4572/3970/4572 2967/3971/2967
f 2965/3969/2965 1022/3972/1022 2966/3973/2966 4572/3970/4572
f 4572/3970/4572 2966/3973/2966 1024/3961/1024 2960/3958/2960
f 2967/3971/2967 4572/3970/4572 2960/3958/2960 755/3957/755
f 1017/3974/1017 2968/3975/2968 4573/3976/4573 2969/3977/2969
f 2968/3975/2968 745/3485/745 2731/3978/2731 4573/3976/4573
f 4573/3976/4573 2731/3978/2731 748/3479/748 2963/3964/2963
f 2969/3977/2969 4573/3976/4573 2963/3964/2963 1019/3963/1019
f 749/3979/749 2970/3980/2970 4574/3981/4574 2972/3982/2972
f 2970/3980/2970 1020/3983/1020 2971/3984/2971 4574/3981/4574
f 4574/3981/4574 2971/3984/2971 1022/3972/1022 2965/3969/2965
f 2972/3982/2972 4574/3981/4574 2965/3969/2965 752/3968/752
f 1015/3985/1015 2973/3986/2973 4575/3987/4575 2974/3988/2974
f 2973/3986/2973 742/3491/742 2734/3989/2734 4575/3987/4575
f 4575/3987/4575 2734/3989/2734 745/3485/745 2968/3975/2968
f 2974/3988/2974 4575/3987/4575 2968/3975/2968 1017/3974/1017
f 746/3990/746 2975/3991/2975 4576/3992/4576 2977/3993/2977
f 2975/3991/2975 1018/3994/1018 2976/3995/2976 4576/3992/4576
f 4576/3992/4576 2976/3995/2976 1020/3983/1020 2970/3980/2970
f 2977/3993/2977 4576/3992/4576 2970/3980/2970 749/3979/749
f 1013/3996/1013 2978/3997/2978 4577/3998/4577 2979/3999/2979
f 2978/3997/2978 739/3497/739 2737/4000/2737 4577/3998/4577
f 4577/3998/4577 2737/4000/2737 742/3491/742 2973/3986/2973
f 2979/3999/2979 4577/3998/4577 2973/3986/2973 1015/3985/1015
f 743/4001/743 2980/4002/2980 4578/4003/4578 2982/4004/2982
f 2980/4002/2980 1016/4005/1016 2981/4006/2981 4578/4003/4578
f 4578/4003/4578 2981/4006/2981 1018/3994/1018 2975/3991/2975
f 2982/4004/2982 4578/4003/4578 2975/3991/2975 746/3990/746
f 1011/4007/1011 2983/4008/2983 4579/4009/4579 2984/4010/2984
f 2983/4008/2983 736/4011/736 2740/4012/2740 4579/4009/4579
f 4579/4009/4579 2740/4012/2740 739/3497/739 2978/3997/2978
f 2984/4010/2984 4579/4009/4579 2978/3997/2978 1013/3996/1013
f 740/4013/740 2985/4014/2985 4580/4015/4580 2987/4016/2987
f 2985/4014/2985 1014/4017/1014 2986/4018/2986 4580/4015/4580
f 4580/4015/4580 2986/4018/2986 1016/4005/1016 2980/4002/2980
f 2987/4016/2987 4580/4015/4580 2980/4002/2980 743/4001/743
f 1009/4019/1009 2988/4020/2988 4581/4021/4581 2989/4022/2989
f 2988/4020/2988 733/3509/733 2743/4023/2743 4581/4021/4581
f 4581/4021/4581 2743/4023/2743 736/4011/736 2983/4008/2983
f 2989/4022/2989 4581/4021/4581 2983/4008/2983 1011/4007/1011
f 737/4024/737 2990/4025/2990 4582/4026/4582 2992/4027/2992
f 2990/4025/2990 1012/4028/1012 2991/4029/2991 4582/4026/4582
f 4582/4026/4582 2991/4029/2991 1014/4017/1014 2985/4014/2985
f 2992/4027/2992 4582/4026/4582 2985/4014/2985 740/4013/740
f 1007/4030/1007 2993/4031/2993 4583/4032/4583 2994/4033/2994
f 2993/4031/2993 730/3515/730 2746/4034/2746 4583/4032/4583
f 4583/4032/4583 2746/4034/2746 733/3509/733 2988/4020/2988
f 2994/4033/2994 4583/4032/4583 2988/4020/2988 1009/4019/1009
f 734/4035/734 2995/4036/2995 4584/4037/4584 2997/4038/2997
f 2995/4036/2995 1010/4039/1010 2996/4040/2996 4584/4037/4584
f 4584/4037/4584 2996/4040/2996 1012/4028/1012 2990/4025/2990
f 2997/4038/2997 4584/4037/4584 2990/4025/2990 737/4024/737
f 1005/4041/1005 2998/4042/2998 4585/4043/4585 2999/4044/2999
f 2998/4042/2998 727/3521/727 2749/4045/2749 4585/4043/4585
f 4585/4043/4585 2749/4045/2749 730/3515/730 2993/4031/2993
f 2999/4044/2999 4585/4043/4585 2993/4031/2993 1007/4030/1007
f 731/4046/731 3000/4047/3000 4586/4048/4586 3002/4049/3002
f 3000/4047/3000 1008/4050/1008 3001/4051/3001 4586/4048/4586
f 4586/4048/4586 3001/4051/3001 1010/4039/1010 2995/4036/2995
f 3002/4049/3002 4586/4048/4586 2995/4036/2995 734/4035/734
f 1003/4052/1003 3003/4053/3003 4587/4054/4587 3004/4055/3004
f 3003/4053/3003 724/3527/724 2752/4056/2752 4587/4054/4587
f 4587/4054/4587 2752/4056/2752 727/3521/727 2998/4042/2998
f 3004/4055/3004 4587/4054/4587 2998/4042/2998 1005/4041/1005
f 728/4057/728 3005/4058/3005 4588/4059/4588 3007/4060/3007
f 3005/4058/3005 1006/4061/1006 3006/4062/3006 4588/4059/4588
f 4588/4059/4588 3006/4062/3006 1008/4050/1008 3000/4047/3000
f 3007/4060/3007 4588/4059/4588 3000/4047/3000 731/4046/731
f 1001/4063/1001 3008/4064/3008 4589/4065/4589 3009/4066/3009
f 3008/4064/3008 721/4067/721 2755/4068/2755 4589/4065/4589
f 4589/4065/4589 2755/4068/2755 724/3527/724 3003/4053/3003
f 3009/4066/3009 4589/4065/4589 3003/4053/3003 1003/4052/1003
f 725/4069/725 3010/4070/3010 4590/4071/4590 3012/4072/3012
f 3010/4070/3010 1004/4073/1004 3011/4074/3011 4590/4071/4590
f 4590/4071/4590 3011/4074/3011 1006/4061/1006 3005/4058/3005
f 3012/4072/3012 4590/4071/4590 3005/4058/3005 728/4057/728
f 999/4075/999 3013/4076/3013 4591/4077/4591 3014/4078/3014
f 3013/4076/3013 718/3539/718 2758/4079/2758 4591/4077/4591
f 4591/4077/4591 2758/4079/2758 721/4067/721 3008/4064/3008
f 3014/4078/3014 4591/4077/4591 3008/4064/3008 1001/4063/1001
f 722/4080/722 3015/4081/3015 4592/4082/4592 3017/4083/3017
f 3015/4081/3015 1002/4084/1002 3016/4085/3016 4592/4082/4592
f 4592/4082/4592 3016/4085/3016 1004/4073/1004 3010/4070/3010
f 3017/4083/3017 4592/4082/4592 3010/4070/3010 725/4069/725
f 997/4086/997 3018/4087/3018 4593/4088/4593 3019/4089/3019
f 3018/4087/3018 715/3545/715 2761/4090/2761 4593/4088/4593
f 4593/4088/4593 2761/4090/2761 718/3539/718 3013/4076/3013
f 3019/4089/3019 4593/4088/4593 3013/4076/3013 999/4075/999
f 719/4091/719 3020/4092/3020 4594/4093/4594 3022/4094/3022
f 3020/4092/3020 1000/4095/1000 3021/4096/3021 4594/4093/4594
f 4594/4093/4594 3021/4096/3021 1002/4084/1002 3015/4081/3015
f 3022/4094/3022 4594/4093/4594 3015/4081/3015 722/4080/722
f 995/4097/995 3023/4098/3023 4595/4099/4595 3024/4100/3024
f 3023/4098/3023 712/3551/712 2764/4101/2764 4595/4099/4595
f 4595/4099/4595 2764/4101/2764 715/3545/715 3018/4087/3018
f 3024/4100/3024 4595/4099/4595 3018/4087/3018 997/4086/997
f 716/4102/716 3025/4103/3025 4596/4104/4596 3027/4105/3027
f 3025/4103/3025 998/4106/998 3026/4107/3026 4596/4104/4596
f 4596/4104/4596 3026/4107/3026 1000/4095/1000 3020/4092/3020
f 3027/4105/3027 4596/4104/4596 3020/4092/3020 719/4091/719
f 993/4108/993 3028/4109/3028 4597/4110/4597 3029/4111/3029
f 3028/4109/3028 709/4112/709 2767/4113/2767 4597/4110/4597
f 4597/4110/4597 2767/4113/2767 712/3551/712 3023/4098/3023
f 3029/4111/3029 4597/4110/4597 3023/4098/3023 995/4097/995
f 713/4114/713 3030/4115/3030 4598/4116/4598 3032/4117/3032
f 3030/4115/3030 996/4118/996 3031/4119/3031 4598/4116/4598
f 4598/4116/4598 3031/4119/3031 998/4106/998 3025/4103/3025
f 3032/4117/3032 4598/4116/4598 3025/4103/3025 716/4102/716
f 991/3857/991 2915/3856/2915 4599/4120/4599 3033/4121/3033
f 2915/3856/2915 706/3855/706 2694/4122/2694 4599/4120/4599
f 4599/4120/4599 2694/4122/2694 709/4112/709 3028/4109/3028
f 3033/4121/3033 4599/4120/4599 3028/4109/3028 993/4108/993
f 710/4123/710 3034/4124/3034 4600/4125/4600 3036/4126/3036
f 3034/4124/3034 994/4127/994 3035/4128/3035 4600/4125/4600
f 4600/4125/4600 3035/4128/3035 996/4118/996 3030/4115/3030
f 3036/4126/3036 4600/4125/4600 3030/4115/3030 713/4114/713
f 779/3882/779 2926/3881/2926 4601/4129/4601 3039/4130/3039
f 2926/3881/2926 1040/3880/1040 3037/4131/3037 4601/4129/4601
f 4601/4129/4601 3037/4131/3037 989/4132/989 3038/4133/3038
f 3039/4130/3039 4601/4129/4601 3038/4133/3038 703/4134/703
f 707/4135/707 3040/4136/3040 4602/4137/4602 3042/4138/3042
f 3040/4136/3040 992/4139/992 3041/4140/3041 4602/4137/4602
f 4602/4137/4602 3041/4140/3041 994/4127/994 3034/4124/3034
f 3042/4138/3042 4602/4137/4602 3034/4124/3034 710/4123/710
f 703/4141/703 3043/4142/3043 4603/4143/4603 3046/4144/3046
f 3043/4142/3043 707/4135/707 3044/4145/3044 4603/4143/4603
f 4603/4143/4603 3044/4145/3044 782/4146/782 3045/4147/3045
f 3046/4144/3046 4603/4143/4603 3045/4147/3045 832/4148/832
f 831/4149/831 3047/4150/3047 4604/4151/4604 2854/4152/2854
f 3047/4150/3047 781/4153/781 3048/4154/3048 4604/4151/4604
f 4604/4151/4604 3048/4154/3048 701/3246/701 3049/4155/3049
f 2854/4152/2854 4604/4151/4604 3049/4155/3049 702/4156/702
f 836/4157/836 3050/4158/3050 4605/4159/4605 3053/4160/3053
f 3050/4158/3050 834/4161/834 3051/4162/3051 4605/4159/4605
f 4605/4159/4605 3051/4162/3051 625/4163/625 3052/4164/3052
f 3053/4160/3053 4605/4159/4605 3052/4164/3052 650/4165/650
f 679/3073/679 2859/3743/2859 4606/4166/4606 2534/3074/2534
f 2859/3743/2859 678/3060/678 2532/3063/2532 4606/4166/4606
f 4606/4166/4606 2532/3063/2532 864/3068/864 3054/4167/3054
f 2534/3074/2534 4606/4166/4606 3054/4167/3054 909/3075/909
f 857/3227/857 3055/4168/3055 4607/4169/4607 2606/3228/2606
f 3055/4168/3055 890/4170/890 3056/4171/3056 4607/4169/4607
f 4607/4169/4607 3056/4171/3056 630/4172/630 3057/4173/3057
f 2606/3228/2606 4607/4169/4607 3057/4173/3057 629/3229/629
f 699/3241/699 2908/3836/2908 4608/4174/4608 2612/3242/2612
f 2908/3836/2908 698/3207/698 2600/3210/2600 4608/4174/4608
f 4608/4174/4608 2600/3210/2600 858/3215/858 3058/4175/3058
f 2612/3242/2612 4608/4174/4608 3058/4175/3058 885/3243/885
f 890/4170/890 3059/4176/3059 4609/4177/4609 3056/4171/3056
f 3059/4176/3059 881/3198/881 2596/3201/2596 4609/4177/4609
f 4609/4177/4609 2596/3201/2596 631/3206/631 3060/4178/3060
f 3056/4171/3056 4609/4177/4609 3060/4178/3060 630/4172/630
f 854/3202/854 3061/4179/3061 4610/4180/4610 2594/3203/2594
f 3061/4179/3061 893/4181/893 3062/4182/3062 4610/4180/4610
f 4610/4180/4610 3062/4182/3062 633/4183/633 3063/4184/3063
f 2594/3203/2594 4610/4180/4610 3063/4184/3063 632/3204/632
f 696/3822/696 2900/3821/2900 4611/4185/4611 3066/4186/3066
f 2900/3821/2900 695/3816/695 3064/4187/3064 4611/4185/4611
f 4611/4185/4611 3064/4187/3064 855/4188/855 3065/4189/3065
f 3066/4186/3066 4611/4185/4611 3065/4189/3065 882/4190/882
f 697/3211/697 2903/3827/2903 4612/4191/4612 2598/3212/2598
f 2903/3827/2903 696/3822/696 3066/4186/3066 4612/4191/4612
f 4612/4191/4612 3066/4186/3066 882/4190/882 3067/4192/3067
f 2598/3212/2598 4612/4191/4612 3067/4192/3067 891/3213/891
f 695/3816/695 2897/3815/2897 4613/4193/4613 3064/4187/3064
f 2897/3815/2897 694/3192/694 2592/3195/2592 4613/4193/4613
f 4613/4193/4613 2592/3195/2592 894/3197/894 3068/4194/3068
f 3064/4187/3064 4613/4193/4613 3068/4194/3068 855/4188/855
f 851/3166/851 3069/4195/3069 4614/4196/4614 2577/3167/2577
f 3069/4195/3069 896/3147/896 2572/3150/2572 4614/4196/4614
f 4614/4196/4614 2572/3150/2572 636/3155/636 3070/4197/3070
f 2577/3167/2577 4614/4196/4614 3070/4197/3070 635/3168/635
f 893/4181/893 3071/4198/3071 4615/4199/4615 3062/4182/3062
f 3071/4198/3071 878/3162/878 2579/3165/2579 4615/4199/4615
f 4615/4199/4615 2579/3165/2579 634/3170/634 3072/4200/3072
f 3062/4182/3062 4615/4199/4615 3072/4200/3072 633/4183/633
f 848/3158/848 3073/4201/3073 4616/4202/4616 2574/3159/2574
f 3073/4201/3073 899/4203/899 3074/4204/3074 4616/4202/4616
f 4616/4202/4616 3074/4204/3074 639/4205/639 3075/4206/3075
f 2574/3159/2574 4616/4202/4616 3075/4206/3075 638/3160/638
f 690/3175/690 2886/3794/2886 4617/4207/4617 2581/3176/2581
f 2886/3794/2886 689/3138/689 2568/3141/2568 4617/4207/4617
f 4617/4207/4617 2568/3141/2568 849/3146/849 3076/4208/3076
f 2581/3176/2581 4617/4207/4617 3076/4208/3076 876/3177/876
f 899/4203/899 3077/4209/3077 4618/4210/4618 3074/4204/3074
f 3077/4209/3077 872/3129/872 2564/3132/2564 4618/4210/4618
f 4618/4210/4618 2564/3132/2564 640/3137/640 3078/4211/3078
f 3074/4204/3074 4618/4210/4618 3078/4211/3078 639/4205/639
f 845/3133/845 3079/4212/3079 4619/4213/4619 2562/3134/2562
f 3079/4212/3079 902/4214/902 3080/4215/3080 4619/4213/4619
f 4619/4213/4619 3080/4215/3080 642/4216/642 3081/4217/3081
f 2562/3134/2562 4619/4213/4619 3081/4217/3081 641/3135/641
f 687/3780/687 2878/3779/2878 4620/4218/4620 3084/4219/3084
f 2878/3779/2878 686/3774/686 3082/4220/3082 4620/4218/4620
f 4620/4218/4620 3082/4220/3082 846/4221/846 3083/4222/3083
f 3084/4219/3084 4620/4218/4620 3083/4222/3083 873/4223/873
f 688/3142/688 2881/3785/2881 4621/4224/4621 2566/3143/2566
f 2881/3785/2881 687/3780/687 3084/4219/3084 4621/4224/4621
f 4621/4224/4621 3084/4219/3084 873/4223/873 3085/4225/3085
f 2566/3143/2566 4621/4224/4621 3085/4225/3085 900/3144/900
f 686/3774/686 2875/3773/2875 4622/4226/4622 3082/4220/3082
f 2875/3773/2875 685/3123/685 2560/3126/2560 4622/4226/4622
f 4622/4226/4622 2560/3126/2560 903/3128/903 3086/4227/3086
f 3082/4220/3082 4622/4226/4622 3086/4227/3086 846/4221/846
f 842/3097/842 3087/4228/3087 4623/4229/4623 2545/3098/2545
f 3087/4228/3087 905/3078/905 2540/3081/2540 4623/4229/4623
f 4623/4229/4623 2540/3081/2540 645/3086/645 3088/4230/3088
f 2545/3098/2545 4623/4229/4623 3088/4230/3088 644/3099/644
f 902/4214/902 3089/4231/3089 4624/4232/4624 3080/4215/3080
f 3089/4231/3089 869/3093/869 2547/3096/2547 4624/4232/4624
f 4624/4232/4624 2547/3096/2547 643/3101/643 3090/4233/3090
f 3080/4215/3080 4624/4232/4624 3090/4233/3090 642/4216/642
f 839/3089/839 3091/4234/3091 4625/4235/4625 2542/3090/2542
f 3091/4234/3091 908/4236/908 3092/4237/3092 4625/4235/4625
f 4625/4235/4625 3092/4237/3092 648/4238/648 3093/4239/3093
f 2542/3090/2542 4625/4235/4625 3093/4239/3093 647/3091/647
f 681/3106/681 2864/3752/2864 4626/4240/4626 2549/3107/2549
f 2864/3752/2864 680/3069/680 2536/3072/2536 4626/4240/4626
f 4626/4240/4626 2536/3072/2536 840/3077/840 3094/4241/3094
f 2549/3107/2549 4626/4240/4626 3094/4241/3094 867/3108/867
f 908/4236/908 3095/4242/3095 4627/4243/4627 3092/4237/3092
f 3095/4242/3095 863/4244/863 3096/4245/3096 4627/4243/4627
f 4627/4243/4627 3096/4245/3096 649/4246/649 3097/4247/3097
f 3092/4237/3092 4627/4243/4627 3097/4247/3097 648/4238/648
f 863/4244/863 3098/4248/3098 4628/4249/4628 3096/4245/3096
f 3098/4248/3098 836/4157/836 3053/4160/3053 4628/4249/4628
f 4628/4249/4628 3053/4160/3053 650/4165/650 3099/4250/3099
f 3096/4245/3096 4628/4249/4628 3099/4250/3099 649/4246/649
f 702/4156/702 3049/4155/3049 4629/4251/4629 2619/4252/2619
f 3049/4155/3049 701/3246/701 2617/3249/2617 4629/4251/4629
f 4629/4251/4629 2617/3249/2617 861/3251/861 3100/4253/3100
f 2619/4252/2619 4629/4251/4629 3100/4253/3100 833/4254/833
f 831/4149/831 3101/4255/3101 4630/4256/4630 3047/4257/3047
f 3101/4255/3101 832/4148/832 3045/4258/3045 4630/4256/4630
f 4630/4256/4630 3045/4258/3045 782/4146/782 3102/4259/3102
f 3047/4257/3047 4630/4256/4630 3102/4259/3102 781/4260/781
f 707/4135/707 3042/4261/3042 4631/4262/4631 3044/4145/3044
f 3042/4261/3042 710/4263/710 3103/4264/3103 4631/4262/4631
f 4631/4262/4631 3103/4264/3103 784/4265/784 3104/4266/3104
f 3044/4145/3044 4631/4262/4631 3104/4266/3104 782/4146/782
f 781/4260/781 3102/4259/3102 4632/4267/4632 3106/4268/3106
f 3102/4259/3102 782/4146/782 3104/4269/3104 4632/4267/4632
f 4632/4267/4632 3104/4269/3104 784/4265/784 3105/4270/3105
f 3106/4268/3106 4632/4267/4632 3105/4270/3105 783/4271/783
f 710/4263/710 3036/4272/3036 4633/4273/4633 3103/4264/3103
f 3036/4272/3036 713/4114/713 3107/4274/3107 4633/4273/4633
f 4633/4273/4633 3107/4274/3107 786/4275/786 3108/4276/3108
f 3103/4264/3103 4633/4273/4633 3108/4276/3108 784/4265/784
f 783/4271/783 3105/4270/3105 4634/4277/4634 2910/3838/2910
f 3105/4270/3105 784/4265/784 3108/4278/3108 4634/4277/4634
f 4634/4277/4634 3108/4278/3108 786/4275/786 3109/4279/3109
f 2910/3838/2910 4634/4277/4634 3109/4279/3109 785/4280/785
f 713/4114/713 3032/4281/3032 4635/4282/4635 3107/4274/3107
f 3032/4281/3032 716/4102/716 3110/4283/3110 4635/4282/4635
f 4635/4282/4635 3110/4283/3110 788/4284/788 3111/4285/3111
f 3107/4274/3107 4635/4282/4635 3111/4285/3111 786/4275/786
f 785/4280/785 3109/4279/3109 4636/4286/4636 2907/3833/2907
f 3109/4279/3109 786/4275/786 3111/4287/3111 4636/4286/4636
f 4636/4286/4636 3111/4287/3111 788/4284/788 3112/4288/3112
f 2907/3833/2907 4636/4286/4636 3112/4288/3112 787/3828/787
f 716/4102/716 3027/4289/3027 4637/4290/4637 3110/4283/3110
f 3027/4289/3027 719/4091/719 3113/4291/3113 4637/4290/4637
f 4637/4290/4637 3113/4291/3113 790/4292/790 3114/4293/3114
f 3110/4283/3110 4637/4290/4637 3114/4293/3114 788/4284/788
f 787/3828/787 3112/4288/3112 4638/4294/4638 2905/4295/2905
f 3112/4288/3112 788/4284/788 3114/4296/3114 4638/4294/4638
f 4638/4294/4638 3114/4296/3114 790/4297/790 3115/4298/3115
f 2905/4295/2905 4638/4294/4638 3115/4298/3115 789/3823/789
f 719/4091/719 3022/4094/3022 4639/4299/4639 3113/4291/3113
f 3022/4094/3022 722/4080/722 3116/4300/3116 4639/4299/4639
f 4639/4299/4639 3116/4300/3116 792/4301/792 3117/4302/3117
f 3113/4291/3113 4639/4299/4639 3117/4302/3117 790/4292/790
f 789/3823/789 3115/4298/3115 4640/4303/4640 2902/4304/2902
f 3115/4298/3115 790/4297/790 3117/4302/3117 4640/4303/4640
f 4640/4303/4640 3117/4302/3117 792/4301/792 3118/4305/3118
f 2902/4304/2902 4640/4303/4640 3118/4305/3118 791/3817/791
f 722/4080/722 3017/4306/3017 4641/4307/4641 3116/4300/3116
f 3017/4306/3017 725/4308/725 3119/4309/3119 4641/4307/4641
f 4641/4307/4641 3119/4309/3119 794/4310/794 3120/4311/3120
f 3116/4300/3116 4641/4307/4641 3120/4311/3120 792/4301/792
f 791/3817/791 3118/4305/3118 4642/4312/4642 2899/4313/2899
f 3118/4305/3118 792/4301/792 3120/4314/3120 4642/4312/4642
f 4642/4312/4642 3120/4314/3120 794/4315/794 3121/4316/3121
f 2899/4313/2899 4642/4312/4642 3121/4316/3121 793/4317/793
f 725/4308/725 3012/4072/3012 4643/4318/4643 3119/4309/3119
f 3012/4072/3012 728/4319/728 3122/4320/3122 4643/4318/4643
f 4643/4318/4643 3122/4320/3122 796/4321/796 3123/4322/3123
f 3119/4309/3119 4643/4318/4643 3123/4322/3123 794/4310/794
f 793/4317/793 3121/4316/3121 4644/4323/4644 2896/4324/2896
f 3121/4316/3121 794/4315/794 3123/4322/3123 4644/4323/4644
f 4644/4323/4644 3123/4322/3123 796/4325/796 3124/4326/3124
f 2896/4324/2896 4644/4323/4644 3124/4326/3124 795/4327/795
f 728/4319/728 3007/4060/3007 4645/4328/4645 3122/4320/3122
f 3007/4060/3007 731/4329/731 3125/4330/3125 4645/4328/4645
f 4645/4328/4645 3125/4330/3125 798/4331/798 3126/4332/3126
f 3122/4320/3122 4645/4328/4645 3126/4332/3126 796/4321/796
f 795/4327/795 3124/4326/3124 4646/4333/4646 2894/4334/2894
f 3124/4326/3124 796/4325/796 3126/4332/3126 4646/4333/4646
f 4646/4333/4646 3126/4332/3126 798/4335/798 3127/4336/3127
f 2894/4334/2894 4646/4333/4646 3127/4336/3127 797/4337/797
f 731/4329/731 3002/4049/3002 4647/4338/4647 3125/4330/3125
f 3002/4049/3002 734/4339/734 3128/4340/3128 4647/4338/4647
f 4647/4338/4647 3128/4340/3128 800/4341/800 3129/4342/3129
f 3125/4330/3125 4647/4338/4647 3129/4342/3129 798/4331/798
f 797/4337/797 3127/4336/3127 4648/4343/4648 2892/4344/2892
f 3127/4336/3127 798/4335/798 3129/4342/3129 4648/4343/4648
f 4648/4343/4648 3129/4342/3129 800/4341/800 3130/4345/3130
f 2892/4344/2892 4648/4343/4648 3130/4345/3130 799/3799/799
f 734/4339/734 2997/4346/2997 4649/4347/4649 3128/4340/3128
f 2997/4346/2997 737/4348/737 3131/4349/3131 4649/4347/4649
f 4649/4347/4649 3131/4349/3131 802/4350/802 3132/4351/3132
f 3128/4340/3128 4649/4347/4649 3132/4351/3132 800/4341/800
f 799/3799/799 3130/4345/3130 4650/4352/4650 2890/4353/2890
f 3130/4345/3130 800/4341/800 3132/4354/3132 4650/4352/4650
f 4650/4352/4650 3132/4354/3132 802/4350/802 3133/4355/3133
f 2890/4353/2890 4650/4352/4650 3133/4355/3133 801/3795/801
f 737/4348/737 2992/4027/2992 4651/4356/4651 3131/4349/3131
f 2992/4027/2992 740/4357/740 3134/4358/3134 4651/4356/4651
f 4651/4356/4651 3134/4358/3134 804/4359/804 3135/4360/3135
f 3131/4349/3131 4651/4356/4651 3135/4360/3135 802/4350/802
f 801/3795/801 3133/4355/3133 4652/4361/4652 2888/4362/2888
f 3133/4355/3133 802/4350/802 3135/4360/3135 4652/4361/4652
f 4652/4361/4652 3135/4360/3135 804/4359/804 3136/4363/3136
f 2888/4362/2888 4652/4361/4652 3136/4363/3136 803/3790/803
f 740/4357/740 2987/4364/2987 4653/4365/4653 3134/4358/3134
f 2987/4364/2987 743/4366/743 3137/4367/3137 4653/4365/4653
f 4653/4365/4653 3137/4367/3137 806/4368/806 3138/4369/3138
f 3134/4358/3134 4653/4365/4653 3138/4369/3138 804/4359/804
f 803/3790/803 3136/4363/3136 4654/4370/4654 2885/4371/2885
f 3136/4363/3136 804/4359/804 3138/4372/3138 4654/4370/4654
f 4654/4370/4654 3138/4372/3138 806/4368/806 3139/4373/3139
f 2885/4371/2885 4654/4370/4654 3139/4373/3139 805/3786/805
f 743/4366/743 2982/4374/2982 4655/4375/4655 3137/4367/3137
f 2982/4374/2982 746/4376/746 3140/4377/3140 4655/4375/4655
f 4655/4375/4655 3140/4377/3140 808/4378/808 3141/4379/3141
f 3137/4367/3137 4655/4375/4655 3141/4379/3141 806/4368/806
f 805/3786/805 3139/4373/3139 4656/4380/4656 2883/4381/2883
f 3139/4373/3139 806/4368/806 3141/4382/3141 4656/4380/4656
f 4656/4380/4656 3141/4382/3141 808/4383/808 3142/4384/3142
f 2883/4381/2883 4656/4380/4656 3142/4384/3142 807/4385/807
f 746/4376/746 2977/4386/2977 4657/4387/4657 3140/4377/3140
f 2977/4386/2977 749/4388/749 3143/4389/3143 4657/4387/4657
f 4657/4387/4657 3143/4389/3143 810/4390/810 3144/4391/3144
f 3140/4377/3140 4657/4387/4657 3144/4391/3144 808/4378/808
f 807/4385/807 3142/4384/3142 4658/4392/4658 2880/4393/2880
f 3142/4384/3142 808/4383/808 3144/4391/3144 4658/4392/4658
f 4658/4392/4658 3144/4391/3144 810/4394/810 3145/4395/3145
f 2880/4393/2880 4658/4392/4658 3145/4395/3145 809/4396/809
f 749/4388/749 2972/4397/2972 4659/4398/4659 3143/4389/3143
f 2972/4397/2972 752/3968/752 3146/4399/3146 4659/4398/4659
f 4659/4398/4659 3146/4399/3146 812/4400/812 3147/4401/3147
f 3143/4389/3143 4659/4398/4659 3147/4401/3147 810/4390/810
f 809/4396/809 3145/4395/3145 4660/4402/4660 2877/4403/2877
f 3145/4395/3145 810/4394/810 3147/4404/3147 4660/4402/4660
f 4660/4402/4660 3147/4404/3147 812/4405/812 3148/4406/3148
f 2877/4403/2877 4660/4402/4660 3148/4406/3148 811/4407/811
f 752/3968/752 2967/4408/2967 4661/4409/4661 3146/4399/3146
f 2967/4408/2967 755/3957/755 3149/4410/3149 4661/4409/4661
f 4661/4409/4661 3149/4410/3149 814/4411/814 3150/4412/3150
f 3146/4399/3146 4661/4409/4661 3150/4412/3150 812/4400/812
f 811/4407/811 3148/4406/3148 4662/4413/4662 2874/4414/2874
f 3148/4406/3148 812/4405/812 3150/4412/3150 4662/4413/4662
f 4662/4413/4662 3150/4412/3150 814/4411/814 3151/4415/3151
f 2874/4414/2874 4662/4413/4662 3151/4415/3151 813/3765/813
f 755/3957/755 2962/4416/2962 4663/4417/4663 3149/4410/3149
f 2962/4416/2962 758/3946/758 3152/4418/3152 4663/4417/4663
f 4663/4417/4663 3152/4418/3152 816/4419/816 3153/4420/3153
f 3149/4410/3149 4663/4417/4663 3153/4420/3153 814/4411/814
f 813/3765/813 3151/4415/3151 4664/4421/4664 2872/4422/2872
f 3151/4415/3151 814/4411/814 3153/4423/3153 4664/4421/4664
f 4664/4421/4664 3153/4423/3153 816/4419/816 3154/4424/3154
f 2872/4422/2872 4664/4421/4664 3154/4424/3154 815/3761/815
f 758/3946/758 2957/4425/2957 4665/4426/4665 3152/4418/3152
f 2957/4425/2957 761/3934/761 3155/4427/3155 4665/4426/4665
f 4665/4426/4665 3155/4427/3155 818/4428/818 3156/4429/3156
f 3152/4418/3152 4665/4426/4665 3156/4429/3156 816/4419/816
f 815/3761/815 3154/4424/3154 4666/4430/4666 2870/4431/2870
f 3154/4424/3154 816/4419/816 3156/4429/3156 4666/4430/4666
f 4666/4430/4666 3156/4429/3156 818/4428/818 3157/4432/3157
f 2870/4431/2870 4666/4430/4666 3157/4432/3157 817/3757/817
f 761/3934/761 2952/4433/2952 4667/4434/4667 3155/4427/3155
f 2952/4433/2952 764/4435/764 3158/4436/3158 4667/4434/4667
f 4667/4434/4667 3158/4436/3158 820/4437/820 3159/4438/3159
f 3155/4427/3155 4667/4434/4667 3159/4438/3159 818/4428/818
f 817/3757/817 3157/4432/3157 4668/4439/4668 2868/4440/2868
f 3157/4432/3157 818/4428/818 3159/4441/3159 4668/4439/4668
f 4668/4439/4668 3159/4441/3159 820/4442/820 3160/4443/3160
f 2868/4440/2868 4668/4439/4668 3160/4443/3160 819/4444/819
f 764/4435/764 2947/4445/2947 4669/4446/4669 3158/4436/3158
f 2947/4445/2947 767/3912/767 3161/4447/3161 4669/4446/4669
f 4669/4446/4669 3161/4447/3161 822/4448/822 3162/4449/3162
f 3158/4436/3158 4669/4446/4669 3162/4449/3162 820/4437/820
f 819/4444/819 3160/4443/3160 4670/4450/4670 2866/3754/2866
f 3160/4443/3160 820/4442/820 3162/4449/3162 4670/4450/4670
f 4670/4450/4670 3162/4449/3162 822/4448/822 3163/4451/3163
f 2866/3754/2866 4670/4450/4670 3163/4451/3163 821/3748/821
f 767/3912/767 2942/4452/2942 4671/4453/4671 3161/4447/3161
f 2942/4452/2942 770/4454/770 3164/4455/3164 4671/4453/4671
f 4671/4453/4671 3164/4455/3164 824/4456/824 3165/4457/3165
f 3161/4447/3161 4671/4453/4671 3165/4457/3165 822/4448/822
f 821/3748/821 3163/4451/3163 4672/4458/4672 2863/4459/2863
f 3163/4451/3163 822/4448/822 3165/4460/3165 4672/4458/4672
f 4672/4458/4672 3165/4460/3165 824/4461/824 3166/4462/3166
f 2863/4459/2863 4672/4458/4672 3166/4462/3166 823/3744/823
f 770/4454/770 2937/4463/2937 4673/4464/4673 3164/4455/3164
f 2937/4463/2937 773/4465/773 3167/4466/3167 4673/4464/4673
f 4673/4464/4673 3167/4466/3167 826/4467/826 3168/4468/3168
f 3164/4455/3164 4673/4464/4673 3168/4468/3168 824/4456/824
f 823/3744/823 3166/4462/3166 4674/4469/4674 2861/4470/2861
f 3166/4462/3166 824/4461/824 3168/4471/3168 4674/4469/4674
f 4674/4469/4674 3168/4471/3168 826/4472/826 3169/4473/3169
f 2861/4470/2861 4674/4469/4674 3169/4473/3169 825/4474/825
f 773/4465/773 2932/4475/2932 4675/4476/4675 3167/4466/3167
f 2932/4475/2932 776/3874/776 3170/4477/3170 4675/4476/4675
f 4675/4476/4675 3170/4477/3170 828/4478/828 3171/4479/3171
f 3167/4466/3167 4675/4476/4675 3171/4479/3171 826/4467/826
f 825/4474/825 3169/4473/3169 4676/4480/4676 2858/4481/2858
f 3169/4473/3169 826/4472/826 3171/4482/3171 4676/4480/4676
f 4676/4480/4676 3171/4482/3171 828/4483/828 3172/4484/3172
f 2858/4481/2858 4676/4480/4676 3172/4484/3172 827/4485/827
f 776/3874/776 2927/4486/2927 4677/4487/4677 3170/4477/3170
f 2927/4486/2927 779/3882/779 3173/4488/3173 4677/4487/4677
f 4677/4487/4677 3173/4488/3173 830/4489/830 3174/4490/3174
f 3170/4477/3170 4677/4487/4677 3174/4490/3174 828/4478/828
f 827/4485/827 3172/4484/3172 4678/4491/4678 2856/4492/2856
f 3172/4484/3172 828/4483/828 3174/4493/3174 4678/4491/4678
f 4678/4491/4678 3174/4493/3174 830/4494/830 3175/4495/3175
f 2856/4492/2856 4678/4491/4678 3175/4495/3175 829/4496/829
f 779/3882/779 3039/4497/3039 4679/4498/4679 3173/4488/3173
f 3039/4497/3039 703/4134/703 3046/4499/3046 4679/4498/4679
f 4679/4498/4679 3046/4499/3046 832/4500/832 3176/4501/3176
f 3173/4488/3173 4679/4498/4679 3176/4501/3176 830/4489/830
f 829/4496/829 3175/4495/3175 4680/4502/4680 2853/4503/2853
f 3175/4495/3175 830/4494/830 3176/4504/3176 4680/4502/4680
f 4680/4502/4680 3176/4504/3176 832/4500/832 3101/4505/3101
f 2853/4503/2853 4680/4502/4680 3101/4505/3101 831/3733/831
f 781/4153/781 3106/4268/3106 4681/4506/4681 3048/4154/3048
f 3106/4268/3106 783/3837/783 2911/3840/2911 4681/4506/4681
f 4681/4506/4681 2911/3840/2911 700/3237/700 2615/3247/2615
f 3048/4154/3048 4681/4506/4681 2615/3247/2615 701/3246/701
f 834/4507/834 3177/4508/3177 4682/4509/4682 3180/4510/3180
f 3177/4508/3177 835/4511/835 3178/4512/3178 4682/4509/4682
f 4682/4509/4682 3178/4512/3178 862/4513/862 3179/4514/3179
f 3180/4510/3180 4682/4509/4682 3179/4514/3179 860/4515/860
f 835/4511/835 3181/4516/3181 4683/4517/4683 3178/4512/3178
f 3181/4516/3181 833/4254/833 3100/4518/3100 4683/4517/4683
f 4683/4517/4683 3100/4518/3100 861/3251/861 3182/4519/3182
f 3178/4512/3178 4683/4517/4683 3182/4519/3182 862/4513/862
f 860/4515/860 3179/4514/3179 4684/4520/4684 2608/4521/2608
f 3179/4514/3179 862/4513/862 3183/4522/3183 4684/4520/4684
f 4684/4520/4684 3183/4522/3183 889/4523/889 3184/4524/3184
f 2608/4521/2608 4684/4520/4684 3184/4524/3184 887/4525/887
f 862/4513/862 3182/4519/3182 4685/4526/4685 3183/4522/3183
f 3182/4519/3182 861/3251/861 2616/4527/2616 4685/4526/4685
f 4685/4526/4685 2616/4527/2616 888/3245/888 3185/4528/3185
f 3183/4522/3183 4685/4526/4685 3185/4528/3185 889/4523/889
f 887/4525/887 3184/4524/3184 4686/4529/4686 2601/4530/2601
f 3184/4524/3184 889/4523/889 3186/4531/3186 4686/4529/4686
f 4686/4529/4686 3186/4531/3186 886/4532/886 3187/4533/3187
f 2601/4530/2601 4686/4529/4686 3187/4533/3187 884/4534/884
f 889/4523/889 3185/4528/3185 4687/4535/4687 3186/4531/3186
f 3185/4528/3185 888/3245/888 2613/4536/2613 4687/4535/4687
f 4687/4535/4687 2613/4536/2613 885/3243/885 3188/4537/3188
f 3186/4531/3186 4687/4535/4687 3188/4537/3188 886/4532/886
f 884/4534/884 3187/4533/3187 4688/4538/4688 2605/4539/2605
f 3187/4533/3187 886/4532/886 3189/4540/3189 4688/4538/4688
f 4688/4538/4688 3189/4540/3189 859/4541/859 3190/4542/3190
f 2605/4539/2605 4688/4538/4688 3190/4542/3190 857/4543/857
f 886/4532/886 3188/4537/3188 4689/4544/4689 3189/4540/3189
f 3188/4537/3188 885/3243/885 3058/4545/3058 4689/4544/4689
f 4689/4544/4689 3058/4545/3058 858/3215/858 3191/4546/3191
f 3189/4540/3189 4689/4544/4689 3191/4546/3191 859/4541/859
f 857/4543/857 3190/4542/3190 4690/4547/4690 3055/4548/3055
f 3190/4542/3190 859/4541/859 3192/4549/3192 4690/4547/4690
f 4690/4547/4690 3192/4549/3192 892/4550/892 3193/4551/3193
f 3055/4548/3055 4690/4547/4690 3193/4551/3193 890/4552/890
f 859/4541/859 3191/4546/3191 4691/4553/4691 3192/4549/3192
f 3191/4546/3191 858/3215/858 2599/4554/2599 4691/4553/4691
f 4691/4553/4691 2599/4554/2599 891/4555/891 3194/4556/3194
f 3192/4549/3192 4691/4553/4691 3194/4556/3194 892/4550/892
f 890/4552/890 3193/4551/3193 4692/4557/4692 3059/4558/3059
f 3193/4551/3193 892/4550/892 3195/4559/3195 4692/4557/4692
f 4692/4557/4692 3195/4559/3195 883/4560/883 3196/4561/3196
f 3059/4558/3059 4692/4557/4692 3196/4561/3196 881/4562/881
f 892/4550/892 3194/4556/3194 4693/4563/4693 3195/4559/3195
f 3194/4556/3194 891/4555/891 3067/4564/3067 4693/4563/4693
f 4693/4563/4693 3067/4564/3067 882/4565/882 3197/4566/3197
f 3195/4559/3195 4693/4563/4693 3197/4566/3197 883/4560/883
f 881/4562/881 3196/4561/3196 4694/4567/4694 2593/4568/2593
f 3196/4561/3196 883/4560/883 3198/4569/3198 4694/4567/4694
f 4694/4567/4694 3198/4569/3198 856/4570/856 3199/4571/3199
f 2593/4568/2593 4694/4567/4694 3199/4571/3199 854/4572/854
f 883/4560/883 3197/4566/3197 4695/4573/4695 3198/4569/3198
f 3197/4566/3197 882/4565/882 3065/4574/3065 4695/4573/4695
f 4695/4573/4695 3065/4574/3065 855/4575/855 3200/4576/3200
f 3198/4569/3198 4695/4573/4695 3200/4576/3200 856/4570/856
f 854/4572/854 3199/4571/3199 4696/4577/4696 3061/4578/3061
f 3199/4571/3199 856/4570/856 3201/4579/3201 4696/4577/4696
f 4696/4577/4696 3201/4579/3201 895/4580/895 3202/4581/3202
f 3061/4578/3061 4696/4577/4696 3202/4581/3202 893/4582/893
f 856/4570/856 3200/4576/3200 4697/4583/4697 3201/4579/3201
f 3200/4576/3200 855/4575/855 3068/4584/3068 4697/4583/4697
f 4697/4583/4697 3068/4584/3068 894/4585/894 3203/4586/3203
f 3201/4579/3201 4697/4583/4697 3203/4586/3203 895/4580/895
f 893/4582/893 3202/4581/3202 4698/4587/4698 3071/4588/3071
f 3202/4581/3202 895/4580/895 3204/4589/3204 4698/4587/4698
f 4698/4587/4698 3204/4589/3204 880/4590/880 3205/4591/3205
f 3071/4588/3071 4698/4587/4698 3205/4591/3205 878/4592/878
f 895/4580/895 3203/4586/3203 4699/4593/4699 3204/4589/3204
f 3203/4586/3203 894/4585/894 2591/4594/2591 4699/4593/4699
f 4699/4593/4699 2591/4594/2591 879/4595/879 3206/4596/3206
f 3204/4589/3204 4699/4593/4699 3206/4596/3206 880/4590/880
f 878/4592/878 3205/4591/3205 4700/4597/4700 2576/4598/2576
f 3205/4591/3205 880/4590/880 3207/4599/3207 4700/4597/4700
f 4700/4597/4700 3207/4599/3207 853/4600/853 3208/4601/3208
f 2576/4598/2576 4700/4597/4700 3208/4601/3208 851/4602/851
f 880/4590/880 3206/4596/3206 4701/4603/4701 3207/4599/3207
f 3206/4596/3206 879/4595/879 2586/4604/2586 4701/4603/4701
f 4701/4603/4701 2586/4604/2586 852/4605/852 3209/4606/3209
f 3207/4599/3207 4701/4603/4701 3209/4606/3209 853/4600/853
f 851/4602/851 3208/4601/3208 4702/4607/4702 3069/4608/3069
f 3208/4601/3208 853/4600/853 3210/4609/3210 4702/4607/4702
f 4702/4607/4702 3210/4609/3210 898/4610/898 3211/4611/3211
f 3069/4608/3069 4702/4607/4702 3211/4611/3211 896/4612/896
f 853/4600/853 3209/4606/3209 4703/4613/4703 3210/4609/3210
f 3209/4606/3209 852/4605/852 2589/4614/2589 4703/4613/4703
f 4703/4613/4703 2589/4614/2589 897/4615/897 3212/4616/3212
f 3210/4609/3210 4703/4613/4703 3212/4616/3212 898/4610/898
f 896/4612/896 3211/4611/3211 4704/4617/4704 2569/4618/2569
f 3211/4611/3211 898/4610/898 3213/4619/3213 4704/4617/4704
f 4704/4617/4704 3213/4619/3213 877/4620/877 3214/4621/3214
f 2569/4618/2569 4704/4617/4704 3214/4621/3214 875/4622/875
f 898/4610/898 3212/4616/3212 4705/4623/4705 3213/4619/3213
f 3212/4616/3212 897/4615/897 2582/4624/2582 4705/4623/4705
f 4705/4623/4705 2582/4624/2582 876/4625/876 3215/4626/3215
f 3213/4619/3213 4705/4623/4705 3215/4626/3215 877/4620/877
f 875/4622/875 3214/4621/3214 4706/4627/4706 2573/4628/2573
f 3214/4621/3214 877/4620/877 3216/4629/3216 4706/4627/4706
f 4706/4627/4706 3216/4629/3216 850/4630/850 3217/4631/3217
f 2573/4628/2573 4706/4627/4706 3217/4631/3217 848/4632/848
f 877/4620/877 3215/4626/3215 4707/4633/4707 3216/4629/3216
f 3215/4626/3215 876/4625/876 3076/4634/3076 4707/4633/4707
f 4707/4633/4707 3076/4634/3076 849/3146/849 3218/4635/3218
f 3216/4629/3216 4707/4633/4707 3218/4635/3218 850/4630/850
f 848/4632/848 3217/4631/3217 4708/4636/4708 3073/4637/3073
f 3217/4631/3217 850/4630/850 3219/4638/3219 4708/4636/4708
f 4708/4636/4708 3219/4638/3219 901/4639/901 3220/4640/3220
f 3073/4637/3073 4708/4636/4708 3220/4640/3220 899/4641/899
f 850/4630/850 3218/4635/3218 4709/4642/4709 3219/4638/3219
f 3218/4635/3218 849/3146/849 2567/4643/2567 4709/4642/4709
f 4709/4642/4709 2567/4643/2567 900/4644/900 3221/4645/3221
f 3219/4638/3219 4709/4642/4709 3221/4645/3221 901/4639/901
f 899/4641/899 3220/4640/3220 4710/4646/4710 3077/4647/3077
f 3220/4640/3220 901/4639/901 3222/4648/3222 4710/4646/4710
f 4710/4646/4710 3222/4648/3222 874/4649/874 3223/4650/3223
f 3077/4647/3077 4710/4646/4710 3223/4650/3223 872/4651/872
f 901/4639/901 3221/4645/3221 4711/4652/4711 3222/4648/3222
f 3221/4645/3221 900/4644/900 3085/4653/3085 4711/4652/4711
f 4711/4652/4711 3085/4653/3085 873/4223/873 3224/4654/3224
f 3222/4648/3222 4711/4652/4711 3224/4654/3224 874/4649/874
f 872/4651/872 3223/4650/3223 4712/4655/4712 2561/4656/2561
f 3223/4650/3223 874/4649/874 3225/4657/3225 4712/4655/4712
f 4712/4655/4712 3225/4657/3225 847/4658/847 3226/4659/3226
f 2561/4656/2561 4712/4655/4712 3226/4659/3226 845/4660/845
f 874/4649/874 3224/4654/3224 4713/4661/4713 3225/4657/3225
f 3224/4654/3224 873/4223/873 3083/4662/3083 4713/4661/4713
f 4713/4661/4713 3083/4662/3083 846/4663/846 3227/4664/3227
f 3225/4657/3225 4713/4661/4713 3227/4664/3227 847/4658/847
f 845/4660/845 3226/4659/3226 4714/4665/4714 3079/4666/3079
f 3226/4659/3226 847/4658/847 3228/4667/3228 4714/4665/4714
f 4714/4665/4714 3228/4667/3228 904/4668/904 3229/4669/3229
f 3079/4666/3079 4714/4665/4714 3229/4669/3229 902/4670/902
f 847/4658/847 3227/4664/3227 4715/4671/4715 3228/4667/3228
f 3227/4664/3227 846/4663/846 3086/4672/3086 4715/4671/4715
f 4715/4671/4715 3086/4672/3086 903/3128/903 3230/4673/3230
f 3228/4667/3228 4715/4671/4715 3230/4673/3230 904/4668/904
f 902/4670/902 3229/4669/3229 4716/4674/4716 3089/4675/3089
f 3229/4669/3229 904/4668/904 3231/4676/3231 4716/4674/4716
f 4716/4674/4716 3231/4676/3231 871/4677/871 3232/4678/3232
f 3089/4675/3089 4716/4674/4716 3232/4678/3232 869/4679/869
f 904/4668/904 3230/4673/3230 4717/4680/4717 3231/4676/3231
f 3230/4673/3230 903/3128/903 2559/4681/2559 4717/4680/4717
f 4717/4680/4717 2559/4681/2559 870/3119/870 3233/4682/3233
f 3231/4676/3231 4717/4680/4717 3233/4682/3233 871/4677/871
f 869/4679/869 3232/4678/3232 4718/4683/4718 2544/4684/2544
f 3232/4678/3232 871/4677/871 3234/4685/3234 4718/4683/4718
f 4718/4683/4718 3234/4685/3234 844/4686/844 3235/4687/3235
f 2544/4684/2544 4718/4683/4718 3235/4687/3235 842/4688/842
f 871/4677/871 3233/4682/3233 4719/4689/4719 3234/4685/3234
f 3233/4682/3233 870/3119/870 2554/4690/2554 4719/4689/4719
f 4719/4689/4719 2554/4690/2554 843/3117/843 3236/4691/3236
f 3234/4685/3234 4719/4689/4719 3236/4691/3236 844/4686/844
f 842/4688/842 3235/4687/3235 4720/4692/4720 3087/4693/3087
f 3235/4687/3235 844/4686/844 3237/4694/3237 4720/4692/4720
f 4720/4692/4720 3237/4694/3237 907/4695/907 3238/4696/3238
f 3087/4693/3087 4720/4692/4720 3238/4696/3238 905/4697/905
f 844/4686/844 3236/4691/3236 4721/4698/4721 3237/4694/3237
f 3236/4691/3236 843/3117/843 2557/4699/2557 4721/4698/4721
f 4721/4698/4721 2557/4699/2557 906/4700/906 3239/4701/3239
f 3237/4694/3237 4721/4698/4721 3239/4701/3239 907/4695/907
f 905/4697/905 3238/4696/3238 4722/4702/4722 2537/4703/2537
f 3238/4696/3238 907/4695/907 3240/4704/3240 4722/4702/4722
f 4722/4702/4722 3240/4704/3240 868/4705/868 3241/4706/3241
f 2537/4703/2537 4722/4702/4722 3241/4706/3241 866/4707/866
f 907/4695/907 3239/4701/3239 4723/4708/4723 3240/4704/3240
f 3239/4701/3239 906/4700/906 2550/4709/2550 4723/4708/4723
f 4723/4708/4723 2550/4709/2550 867/3108/867 3242/4710/3242
f 3240/4704/3240 4723/4708/4723 3242/4710/3242 868/4705/868
f 866/4707/866 3241/4706/3241 4724/4711/4724 2541/4712/2541
f 3241/4706/3241 868/4705/868 3243/4713/3243 4724/4711/4724
f 4724/4711/4724 3243/4713/3243 841/4714/841 3244/4715/3244
f 2541/4712/2541 4724/4711/4724 3244/4715/3244 839/4716/839
f 868/4705/868 3242/4710/3242 4725/4717/4725 3243/4713/3243
f 3242/4710/3242 867/3108/867 3094/4718/3094 4725/4717/4725
f 4725/4717/4725 3094/4718/3094 840/3077/840 3245/4719/3245
f 3243/4713/3243 4725/4717/4725 3245/4719/3245 841/4714/841
f 839/4716/839 3244/4715/3244 4726/4720/4726 3091/4721/3091
f 3244/4715/3244 841/4714/841 3246/4722/3246 4726/4720/4726
f 4726/4720/4726 3246/4722/3246 910/4723/910 3247/4724/3247
f 3091/4721/3091 4726/4720/4726 3247/4724/3247 908/4725/908
f 841/4714/841 3245/4719/3245 4727/4726/4727 3246/4722/3246
f 3245/4719/3245 840/3077/840 2535/4727/2535 4727/4726/4727
f 4727/4726/4727 2535/4727/2535 909/4728/909 3248/4729/3248
f 3246/4722/3246 4727/4726/4727 3248/4729/3248 910/4723/910
f 908/4725/908 3247/4724/3247 4728/4730/4728 3095/4731/3095
f 3247/4724/3247 910/4723/910 3249/4732/3249 4728/4730/4728
f 4728/4730/4728 3249/4732/3249 865/4733/865 3250/4734/3250
f 3095/4731/3095 4728/4730/4728 3250/4734/3250 863/4735/863
f 910/4723/910 3248/4729/3248 4729/4736/4729 3249/4732/3249
f 3248/4729/3248 909/4728/909 3054/4737/3054 4729/4736/4729
f 4729/4736/4729 3054/4737/3054 864/4738/864 3251/4739/3251
f 3249/4732/3249 4729/4736/4729 3251/4739/3251 865/4733/865
f 863/4735/863 3250/4734/3250 4730/4740/4730 3098/4741/3098
f 3250/4734/3250 865/4733/865 3252/4742/3252 4730/4740/4730
f 4730/4740/4730 3252/4742/3252 838/4743/838 3253/4744/3253
f 3098/4741/3098 4730/4740/4730 3253/4744/3253 836/4745/836
f 865/4733/865 3251/4739/3251 4731/4746/4731 3252/4742/3252
f 3251/4739/3251 864/4738/864 2531/4747/2531 4731/4746/4731
f 4731/4746/4731 2531/4747/2531 837/3066/837 3254/4748/3254
f 3252/4742/3252 4731/4746/4731 3254/4748/3254 838/4743/838
f 836/4745/836 3253/4744/3253 4732/4749/4732 3050/4750/3050
f 3253/4744/3253 838/4743/838 3255/4751/3255 4732/4749/4732
f 4732/4749/4732 3255/4751/3255 835/4752/835 3177/4753/3177
f 3050/4750/3050 4732/4749/4732 3177/4753/3177 834/4754/834
f 838/4743/838 3254/4748/3254 4733/4755/4733 3255/4751/3255
f 3254/4748/3254 837/3066/837 2620/4756/2620 4733/4755/4733
f 4733/4755/4733 2620/4756/2620 833/3256/833 3181/4757/3181
f 3255/4751/3255 4733/4755/4733 3181/4757/3181 835/4752/835
f 834/4758/834 3180/4759/3180 4734/4760/4734 3051/4761/3051
f 3180/4759/3180 860/3231/860 2610/3234/2610 4734/4760/4734
f 4734/4760/4734 2610/3234/2610 626/3236/626 2919/3864/2919
f 3051/4761/3051 4734/4760/4734 2919/3864/2919 625/3863/625
f 984/4762/984 3256/4763/3256 4735/4764/4735 2696/4765/2696
f 3256/4763/3256 985/4766/985 3257/4767/3257 4735/4764/4735
f 4735/4764/4735 3257/4767/3257 988/4768/988 3258/4769/3258
f 2696/4765/2696 4735/4764/4735 3258/4769/3258 986/3415/986
f 985/4766/985 3259/4770/3259 4736/4771/4736 3257/4767/3257
f 3259/4770/3259 983/4772/983 2527/4773/2527 4736/4771/4736
f 4736/4771/4736 2527/4773/2527 987/4774/987 3260/4775/3260
f 3257/4767/3257 4736/4771/4736 3260/4775/3260 988/4768/988
f 981/4776/981 3261/4777/3261 4737/4778/4737 2700/4779/2700
f 3261/4777/3261 982/4780/982 3262/4781/3262 4737/4778/4737
f 4737/4778/4737 3262/4781/3262 985/4766/985 3256/4763/3256
f 2700/4779/2700 4737/4778/4737 3256/4763/3256 984/4762/984
f 982/4780/982 3263/4782/3263 4738/4783/4738 3262/4781/3262
f 3263/4782/3263 980/4784/980 2683/4785/2683 4738/4783/4738
f 4738/4783/4738 2683/4785/2683 983/4772/983 3259/4770/3259
f 3262/4781/3262 4738/4783/4738 3259/4770/3259 985/4766/985
f 978/4786/978 3264/4787/3264 4739/4788/4739 2703/4789/2703
f 3264/4787/3264 979/4790/979 3265/4791/3265 4739/4788/4739
f 4739/4788/4739 3265/4791/3265 982/4780/982 3261/4777/3261
f 2703/4789/2703 4739/4788/4739 3261/4777/3261 981/4776/981
f 979/4790/979 3266/4792/3266 4740/4793/4740 3265/4791/3265
f 3266/4792/3266 977/4794/977 2681/4795/2681 4740/4793/4740
f 4740/4793/4740 2681/4795/2681 980/4784/980 3263/4782/3263
f 3265/4791/3265 4740/4793/4740 3263/4782/3263 982/4780/982
f 975/4796/975 3267/4797/3267 4741/4798/4741 2706/4799/2706
f 3267/4797/3267 976/4800/976 3268/4801/3268 4741/4798/4741
f 4741/4798/4741 3268/4801/3268 979/4790/979 3264/4787/3264
f 2706/4799/2706 4741/4798/4741 3264/4787/3264 978/4786/978
f 976/4800/976 3269/4802/3269 4742/4803/4742 3268/4801/3268
f 3269/4802/3269 974/4804/974 2678/4805/2678 4742/4803/4742
f 4742/4803/4742 2678/4805/2678 977/4794/977 3266/4792/3266
f 3268/4801/3268 4742/4803/4742 3266/4792/3266 979/4790/979
f 972/4806/972 3270/4807/3270 4743/4808/4743 2709/4809/2709
f 3270/4807/3270 973/4810/973 3271/4811/3271 4743/4808/4743
f 4743/4808/4743 3271/4811/3271 976/4800/976 3267/4797/3267
f 2709/4809/2709 4743/4808/4743 3267/4797/3267 975/4796/975
f 973/4810/973 3272/4812/3272 4744/4813/4744 3271/4811/3271
f 3272/4812/3272 971/4814/971 2675/4815/2675 4744/4813/4744
f 4744/4813/4744 2675/4815/2675 974/4804/974 3269/4802/3269
f 3271/4811/3271 4744/4813/4744 3269/4802/3269 976/4800/976
f 969/4816/969 3273/4817/3273 4745/4818/4745 2712/3445/2712
f 3273/4817/3273 970/4819/970 3274/4820/3274 4745/4818/4745
f 4745/4818/4745 3274/4820/3274 973/4810/973 3270/4807/3270
f 2712/3445/2712 4745/4818/4745 3270/4807/3270 972/4806/972
f 970/4819/970 3275/4821/3275 4746/4822/4746 3274/4820/3274
f 3275/4821/3275 968/4823/968 2672/4824/2672 4746/4822/4746
f 4746/4822/4746 2672/4824/2672 971/4814/971 3272/4812/3272
f 3274/4820/3274 4746/4822/4746 3272/4812/3272 973/4810/973
f 966/4825/966 3276/4826/3276 4747/4827/4747 2715/4828/2715
f 3276/4826/3276 967/4829/967 3277/4830/3277 4747/4827/4747
f 4747/4827/4747 3277/4830/3277 970/4819/970 3273/4817/3273
f 2715/4828/2715 4747/4827/4747 3273/4817/3273 969/4816/969
f 967/4829/967 3278/4831/3278 4748/4832/4748 3277/4830/3277
f 3278/4831/3278 965/4833/965 2669/4834/2669 4748/4832/4748
f 4748/4832/4748 2669/4834/2669 968/4823/968 3275/4821/3275
f 3277/4830/3277 4748/4832/4748 3275/4821/3275 970/4819/970
f 963/4835/963 3279/4836/3279 4749/4837/4749 2718/4838/2718
f 3279/4836/3279 964/4839/964 3280/4840/3280 4749/4837/4749
f 4749/4837/4749 3280/4840/3280 967/4829/967 3276/4826/3276
f 2718/4838/2718 4749/4837/4749 3276/4826/3276 966/4825/966
f 964/4839/964 3281/4841/3281 4750/4842/4750 3280/4840/3280
f 3281/4841/3281 962/4843/962 2666/4844/2666 4750/4842/4750
f 4750/4842/4750 2666/4844/2666 965/4833/965 3278/4831/3278
f 3280/4840/3280 4750/4842/4750 3278/4831/3278 967/4829/967
f 960/4845/960 3282/4846/3282 4751/4847/4751 2721/4848/2721
f 3282/4846/3282 961/4849/961 3283/4850/3283 4751/4847/4751
f 4751/4847/4751 3283/4850/3283 964/4839/964 3279/4836/3279
f 2721/4848/2721 4751/4847/4751 3279/4836/3279 963/4835/963
f 961/4849/961 3284/4851/3284 4752/4852/4752 3283/4850/3283
f 3284/4851/3284 959/4853/959 2663/4854/2663 4752/4852/4752
f 4752/4852/4752 2663/4854/2663 962/4843/962 3281/4841/3281
f 3283/4850/3283 4752/4852/4752 3281/4841/3281 964/4839/964
f 957/4855/957 3285/4856/3285 4753/4857/4753 2724/4858/2724
f 3285/4856/3285 958/4859/958 3286/4860/3286 4753/4857/4753
f 4753/4857/4753 3286/4860/3286 961/4849/961 3282/4846/3282
f 2724/4858/2724 4753/4857/4753 3282/4846/3282 960/4845/960
f 958/4859/958 3287/4861/3287 4754/4862/4754 3286/4860/3286
f 3287/4861/3287 956/4863/956 2660/4864/2660 4754/4862/4754
f 4754/4862/4754 2660/4864/2660 959/4853/959 3284/4851/3284
f 3286/4860/3286 4754/4862/4754 3284/4851/3284 961/4849/961
f 954/4865/954 3288/4866/3288 4755/4867/4755 2727/4868/2727
f 3288/4866/3288 955/4869/955 3289/4870/3289 4755/4867/4755
f 4755/4867/4755 3289/4870/3289 958/4859/958 3285/4856/3285
f 2727/4868/2727 4755/4867/4755 3285/4856/3285 957/4855/957
f 955/4869/955 3290/4871/3290 4756/4872/4756 3289/4870/3289
f 3290/4871/3290 953/4873/953 2657/4874/2657 4756/4872/4756
f 4756/4872/4756 2657/4874/2657 956/4863/956 3287/4861/3287
f 3289/4870/3289 4756/4872/4756 3287/4861/3287 958/4859/958
f 951/4875/951 3291/4876/3291 4757/4877/4757 2730/3481/2730
f 3291/4876/3291 952/4878/952 3292/4879/3292 4757/4877/4757
f 4757/4877/4757 3292/4879/3292 955/4869/955 3288/4866/3288
f 2730/3481/2730 4757/4877/4757 3288/4866/3288 954/4865/954
f 952/4878/952 3293/4880/3293 4758/4881/4758 3292/4879/3292
f 3293/4880/3293 950/4882/950 2654/4883/2654 4758/4881/4758
f 4758/4881/4758 2654/4883/2654 953/4873/953 3290/4871/3290
f 3292/4879/3292 4758/4881/4758 3290/4871/3290 955/4869/955
f 948/4884/948 3294/4885/3294 4759/4886/4759 2733/4887/2733
f 3294/4885/3294 949/4888/949 3295/4889/3295 4759/4886/4759
f 4759/4886/4759 3295/4889/3295 952/4878/952 3291/4876/3291
f 2733/4887/2733 4759/4886/4759 3291/4876/3291 951/4875/951
f 949/4888/949 3296/4890/3296 4760/4891/4760 3295/4889/3295
f 3296/4890/3296 947/4892/947 2651/4893/2651 4760/4891/4760
f 4760/4891/4760 2651/4893/2651 950/4882/950 3293/4880/3293
f 3295/4889/3295 4760/4891/4760 3293/4880/3293 952/4878/952
f 945/4894/945 3297/4895/3297 4761/4896/4761 2736/3493/2736
f 3297/4895/3297 946/4897/946 3298/4898/3298 4761/4896/4761
f 4761/4896/4761 3298/4898/3298 949/4888/949 3294/4885/3294
f 2736/3493/2736 4761/4896/4761 3294/4885/3294 948/4884/948
f 946/4897/946 3299/4899/3299 4762/4900/4762 3298/4898/3298
f 3299/4899/3299 944/4901/944 2648/4902/2648 4762/4900/4762
f 4762/4900/4762 2648/4902/2648 947/4892/947 3296/4890/3296
f 3298/4898/3298 4762/4900/4762 3296/4890/3296 949/4888/949
f 942/4903/942 3300/4904/3300 4763/4905/4763 2739/3499/2739
f 3300/4904/3300 943/4906/943 3301/4907/3301 4763/4905/4763
f 4763/4905/4763 3301/4907/3301 946/4897/946 3297/4895/3297
f 2739/3499/2739 4763/4905/4763 3297/4895/3297 945/4894/945
f 943/4906/943 3302/4908/3302 4764/4909/4764 3301/4907/3301
f 3302/4908/3302 941/4910/941 2645/4911/2645 4764/4909/4764
f 4764/4909/4764 2645/4911/2645 944/4901/944 3299/4899/3299
f 3301/4907/3301 4764/4909/4764 3299/4899/3299 946/4897/946
f 939/4912/939 3303/4913/3303 4765/4914/4765 2742/4915/2742
f 3303/4913/3303 940/4916/940 3304/4917/3304 4765/4914/4765
f 4765/4914/4765 3304/4917/3304 943/4906/943 3300/4904/3300
f 2742/4915/2742 4765/4914/4765 3300/4904/3300 942/4903/942
f 940/4916/940 3305/4918/3305 4766/4919/4766 3304/4917/3304
f 3305/4918/3305 938/4920/938 2642/4921/2642 4766/4919/4766
f 4766/4919/4766 2642/4921/2642 941/4910/941 3302/4908/3302
f 3304/4917/3304 4766/4919/4766 3302/4908/3302 943/4906/943
f 936/4922/936 3306/4923/3306 4767/4924/4767 2745/3511/2745
f 3306/4923/3306 937/4925/937 3307/4926/3307 4767/4924/4767
f 4767/4924/4767 3307/4926/3307 940/4916/940 3303/4913/3303
f 2745/3511/2745 4767/4924/4767 3303/4913/3303 939/4912/939
f 937/4925/937 3308/4927/3308 4768/4928/4768 3307/4926/3307
f 3308/4927/3308 935/4929/935 2639/4930/2639 4768/4928/4768
f 4768/4928/4768 2639/4930/2639 938/4920/938 3305/4918/3305
f 3307/4926/3307 4768/4928/4768 3305/4918/3305 940/4916/940
f 933/3516/933 3309/4931/3309 4769/4932/4769 2748/4933/2748
f 3309/4931/3309 934/4934/934 3310/4935/3310 4769/4932/4769
f 4769/4932/4769 3310/4935/3310 937/4925/937 3306/4923/3306
f 2748/4933/2748 4769/4932/4769 3306/4923/3306 936/4922/936
f 934/4934/934 3311/4936/3311 4770/4937/4770 3310/4935/3310
f 3311/4936/3311 932/4938/932 2636/4939/2636 4770/4937/4770
f 4770/4937/4770 2636/4939/2636 935/4929/935 3308/4927/3308
f 3310/4935/3310 4770/4937/4770 3308/4927/3308 937/4925/937
f 930/3522/930 3312/4940/3312 4771/4941/4771 2751/4942/2751
f 3312/4940/3312 931/4943/931 3313/4944/3313 4771/4941/4771
f 4771/4941/4771 3313/4944/3313 934/4934/934 3309/4931/3309
f 2751/4942/2751 4771/4941/4771 3309/4931/3309 933/3516/933
f 931/4943/931 3314/4945/3314 4772/4946/4772 3313/4944/3313
f 3314/4945/3314 929/4947/929 2633/4948/2633 4772/4946/4772
f 4772/4946/4772 2633/4948/2633 932/4938/932 3311/4936/3311
f 3313/4944/3313 4772/4946/4772 3311/4936/3311 934/4934/934
f 927/4949/927 3315/4950/3315 4773/4951/4773 2754/4952/2754
f 3315/4950/3315 928/4953/928 3316/4954/3316 4773/4951/4773
f 4773/4951/4773 3316/4954/3316 931/4943/931 3312/4940/3312
f 2754/4952/2754 4773/4951/4773 3312/4940/3312 930/3522/930
f 928/4953/928 3317/4955/3317 4774/4956/4774 3316/4954/3316
f 3317/4955/3317 926/4957/926 2630/4958/2630 4774/4956/4774
f 4774/4956/4774 2630/4958/2630 929/4947/929 3314/4945/3314
f 3316/4954/3316 4774/4956/4774 3314/4945/3314 931/4943/931
f 924/4959/924 3318/4960/3318 4775/4961/4775 2757/4962/2757
f 3318/4960/3318 925/4963/925 3319/4964/3319 4775/4961/4775
f 4775/4961/4775 3319/4964/3319 928/4953/928 3315/4950/3315
f 2757/4962/2757 4775/4961/4775 3315/4950/3315 927/4949/927
f 925/4963/925 3320/4965/3320 4776/4966/4776 3319/4964/3319
f 3320/4965/3320 923/4967/923 2627/4968/2627 4776/4966/4776
f 4776/4966/4776 2627/4968/2627 926/4957/926 3317/4955/3317
f 3319/4964/3319 4776/4966/4776 3317/4955/3317 928/4953/928
f 921/4969/921 3321/4970/3321 4777/4971/4777 2760/3541/2760
f 3321/4970/3321 922/4972/922 3322/4973/3322 4777/4971/4777
f 4777/4971/4777 3322/4973/3322 925/4963/925 3318/4960/3318
f 2760/3541/2760 4777/4971/4777 3318/4960/3318 924/4959/924
f 922/4972/922 3323/4974/3323 4778/4975/4778 3322/4973/3322
f 3323/4974/3323 920/4976/920 2623/4977/2623 4778/4975/4778
f 4778/4975/4778 2623/4977/2623 923/4967/923 3320/4965/3320
f 3322/4973/3322 4778/4975/4778 3320/4965/3320 925/4963/925
f 918/4978/918 3324/4979/3324 4779/4980/4779 2763/4981/2763
f 3324/4979/3324 919/4982/919 3325/4983/3325 4779/4980/4779
f 4779/4980/4779 3325/4983/3325 922/4972/922 3321/4970/3321
f 2763/4981/2763 4779/4980/4779 3321/4970/3321 921/4969/921
f 919/4982/919 3326/4984/3326 4780/4985/4780 3325/4983/3325
f 3326/4984/3326 917/4986/917 2852/4987/2852 4780/4985/4780
f 4780/4985/4780 2852/4987/2852 920/4976/920 3323/4974/3323
f 3325/4983/3325 4780/4985/4780 3323/4974/3323 922/4972/922
f 915/4988/915 3327/4989/3327 4781/4990/4781 2766/3552/2766
f 3327/4989/3327 916/4991/916 3328/4992/3328 4781/4990/4781
f 4781/4990/4781 3328/4992/3328 919/4982/919 3324/4979/3324
f 2766/3552/2766 4781/4990/4781 3324/4979/3324 918/4978/918
f 916/4991/916 3329/4993/3329 4782/4994/4782 3328/4992/3328
f 3329/4993/3329 914/4995/914 2772/4996/2772 4782/4994/4782
f 4782/4994/4782 2772/4996/2772 917/4986/917 3326/4984/3326
f 3328/4992/3328 4782/4994/4782 3326/4984/3326 919/4982/919
f 912/4997/912 3330/4998/3330 4783/4999/4783 2692/5000/2692
f 3330/4998/3330 913/5001/913 3331/5002/3331 4783/4999/4783
f 4783/4999/4783 3331/5002/3331 916/4991/916 3327/4989/3327
f 2692/5000/2692 4783/4999/4783 3327/4989/3327 915/4988/915
f 913/5001/913 3332/5003/3332 4784/5004/4784 3331/5002/3331
f 3332/5003/3332 911/5005/911 2690/5006/2690 4784/5004/4784
f 4784/5004/4784 2690/5006/2690 914/4995/914 3329/4993/3329
f 3331/5002/3331 4784/5004/4784 3329/4993/3329 916/4991/916
f 986/3555/986 3258/5007/3258 4785/5008/4785 2768/3556/2768
f 3258/5007/3258 988/5009/988 3333/5010/3333 4785/5008/4785
f 4785/5008/4785 3333/5010/3333 913/5001/913 3330/4998/3330
f 2768/3556/2768 4785/5008/4785 3330/4998/3330 912/4997/912
f 988/5009/988 3260/5011/3260 4786/5012/4786 3333/5010/3333
f 3260/5011/3260 987/5013/987 3334/5014/3334 4786/5012/4786
f 4786/5012/4786 3334/5014/3334 911/5005/911 3332/5003/3332
f 3333/5010/3333 4786/5012/4786 3332/5003/3332 913/5001/913
f 1052/5015/1052 3335/5016/3335 4787/5017/4787 3338/5018/3338
f 3335/5016/3335 613/5019/613 3336/5020/3336 4787/5017/4787
f 4787/5017/4787 3336/5020/3336 611/5021/611 3337/5022/3337
f 3338/5018/3338 4787/5017/4787 3337/5022/3337 1054/5023/1054
f 990/3848/990 3339/5024/3339 4788/5025/4788 2914/5026/2914
f 3339/5024/3339 989/4132/989 3037/5027/3037 4788/5025/4788
f 4788/5025/4788 3037/5027/3037 1040/5028/1040 3340/5029/3340
f 2914/5026/2914 4788/5025/4788 3340/5029/3340 1039/3841/1039
f 1039/3841/1039 3340/5029/3340 4789/5030/4789 2918/5031/2918
f 3340/5029/3340 1040/5028/1040 2925/5032/2925 4789/5030/4789
f 4789/5030/4789 2925/5032/2925 1038/5033/1038 3341/5034/3341
f 2918/5031/2918 4789/5030/4789 3341/5034/3341 1037/3858/1037
f 1037/3858/1037 3341/5034/3341 4790/5035/4790 2923/5036/2923
f 3341/5034/3341 1038/5033/1038 2931/5037/2931 4790/5035/4790
f 4790/5035/4790 2931/5037/2931 1036/5038/1036 3342/5039/3342
f 2923/5036/2923 4790/5035/4790 3342/5039/3342 1035/5040/1035
f 1035/5040/1035 3342/5039/3342 4791/5041/4791 2929/3886/2929
f 3342/5039/3342 1036/5038/1036 2936/3905/2936 4791/5041/4791
f 4791/5041/4791 2936/3905/2936 1034/5042/1034 3343/5043/3343
f 2929/3886/2929 4791/5041/4791 3343/5043/3343 1033/3883/1033
f 1033/3883/1033 3343/5043/3343 4792/5044/4792 2934/5045/2934
f 3343/5043/3343 1034/5042/1034 2941/5046/2941 4792/5044/4792
f 4792/5044/4792 2941/5046/2941 1032/5047/1032 3344/5048/3344
f 2934/5045/2934 4792/5044/4792 3344/5048/3344 1031/5049/1031
f 1031/5049/1031 3344/5048/3344 4793/5050/4793 2939/5051/2939
f 3344/5048/3344 1032/5047/1032 2946/5052/2946 4793/5050/4793
f 4793/5050/4793 2946/5052/2946 1030/5053/1030 3345/5054/3345
f 2939/5051/2939 4793/5050/4793 3345/5054/3345 1029/3906/1029
f 1029/3906/1029 3345/5054/3345 4794/5055/4794 2944/5056/2944
f 3345/5054/3345 1030/5053/1030 2951/5057/2951 4794/5055/4794
f 4794/5055/4794 2951/5057/2951 1028/5058/1028 3346/5059/3346
f 2944/5056/2944 4794/5055/4794 3346/5059/3346 1027/3918/1027
f 1027/3918/1027 3346/5059/3346 4795/5060/4795 2949/3932/2949
f 3346/5059/3346 1028/5058/1028 2956/5061/2956 4795/5060/4795
f 4795/5060/4795 2956/5061/2956 1026/5062/1026 3347/5063/3347
f 2949/3932/2949 4795/5060/4795 3347/5063/3347 1025/3929/1025
f 1025/3929/1025 3347/5063/3347 4796/5064/4796 2954/3943/2954
f 3347/5063/3347 1026/5062/1026 2961/5065/2961 4796/5064/4796
f 4796/5064/4796 2961/5065/2961 1024/5066/1024 3348/5067/3348
f 2954/3943/2954 4796/5064/4796 3348/5067/3348 1023/5068/1023
f 1023/5068/1023 3348/5067/3348 4797/5069/4797 2959/5070/2959
f 3348/5067/3348 1024/5066/1024 2966/5071/2966 4797/5069/4797
f 4797/5069/4797 2966/5071/2966 1022/5072/1022 3349/5073/3349
f 2959/5070/2959 4797/5069/4797 3349/5073/3349 1021/5074/1021
f 1021/5074/1021 3349/5073/3349 4798/5075/4798 2964/5076/2964
f 3349/5073/3349 1022/5072/1022 2971/5077/2971 4798/5075/4798
f 4798/5075/4798 2971/5077/2971 1020/5078/1020 3350/5079/3350
f 2964/5076/2964 4798/5075/4798 3350/5079/3350 1019/3963/1019
f 1019/3963/1019 3350/5079/3350 4799/5080/4799 2969/5081/2969
f 3350/5079/3350 1020/5078/1020 2976/5082/2976 4799/5080/4799
f 4799/5080/4799 2976/5082/2976 1018/5083/1018 3351/5084/3351
f 2969/5081/2969 4799/5080/4799 3351/5084/3351 1017/5085/1017
f 1017/5085/1017 3351/5084/3351 4800/5086/4800 2974/5087/2974
f 3351/5084/3351 1018/5083/1018 2981/5088/2981 4800/5086/4800
f 4800/5086/4800 2981/5088/2981 1016/5089/1016 3352/5090/3352
f 2974/5087/2974 4800/5086/4800 3352/5090/3352 1015/5091/1015
f 1015/5091/1015 3352/5090/3352 4801/5092/4801 2979/5093/2979
f 3352/5090/3352 1016/5089/1016 2986/5094/2986 4801/5092/4801
f 4801/5092/4801 2986/5094/2986 1014/5095/1014 3353/5096/3353
f 2979/5093/2979 4801/5092/4801 3353/5096/3353 1013/5097/1013
f 1013/5097/1013 3353/5096/3353 4802/5098/4802 2984/4010/2984
f 3353/5096/3353 1014/5095/1014 2991/4029/2991 4802/5098/4802
f 4802/5098/4802 2991/4029/2991 1012/5099/1012 3354/5100/3354
f 2984/4010/2984 4802/5098/4802 3354/5100/3354 1011/5101/1011
f 1011/5101/1011 3354/5100/3354 4803/5102/4803 2989/5103/2989
f 3354/5100/3354 1012/5099/1012 2996/5104/2996 4803/5102/4803
f 4803/5102/4803 2996/5104/2996 1010/5105/1010 3355/5106/3355
f 2989/5103/2989 4803/5102/4803 3355/5106/3355 1009/4019/1009
f 1009/4019/1009 3355/5106/3355 4804/5107/4804 2994/5108/2994
f 3355/5106/3355 1010/5105/1010 3001/5109/3001 4804/5107/4804
f 4804/5107/4804 3001/5109/3001 1008/5110/1008 3356/5111/3356
f 2994/5108/2994 4804/5107/4804 3356/5111/3356 1007/5112/1007
f 1007/5112/1007 3356/5111/3356 4805/5113/4805 2999/5114/2999
f 3356/5111/3356 1008/5110/1008 3006/5115/3006 4805/5113/4805
f 4805/5113/4805 3006/5115/3006 1006/5116/1006 3357/5117/3357
f 2999/5114/2999 4805/5113/4805 3357/5117/3357 1005/5118/1005
f 1005/5118/1005 3357/5117/3357 4806/5119/4806 3004/5120/3004
f 3357/5117/3357 1006/5116/1006 3011/5121/3011 4806/5119/4806
f 4806/5119/4806 3011/5121/3011 1004/5122/1004 3358/5123/3358
f 3004/5120/3004 4806/5119/4806 3358/5123/3358 1003/5124/1003
f 1003/5124/1003 3358/5123/3358 4807/5125/4807 3009/5126/3009
f 3358/5123/3358 1004/5122/1004 3016/5127/3016 4807/5125/4807
f 4807/5125/4807 3016/5127/3016 1002/5128/1002 3359/5129/3359
f 3009/5126/3009 4807/5125/4807 3359/5129/3359 1001/5130/1001
f 1001/5130/1001 3359/5129/3359 4808/5131/4808 3014/5132/3014
f 3359/5129/3359 1002/5128/1002 3021/5133/3021 4808/5131/4808
f 4808/5131/4808 3021/5133/3021 1000/5134/1000 3360/5135/3360
f 3014/5132/3014 4808/5131/4808 3360/5135/3360 999/5136/999
f 999/5136/999 3360/5135/3360 4809/5137/4809 3019/5138/3019
f 3360/5135/3360 1000/5134/1000 3026/5139/3026 4809/5137/4809
f 4809/5137/4809 3026/5139/3026 998/5140/998 3361/5141/3361
f 3019/5138/3019 4809/5137/4809 3361/5141/3361 997/4086/997
f 997/4086/997 3361/5141/3361 4810/5142/4810 3024/4100/3024
f 3361/5141/3361 998/5140/998 3031/5143/3031 4810/5142/4810
f 4810/5142/4810 3031/5143/3031 996/5144/996 3362/5145/3362
f 3024/4100/3024 4810/5142/4810 3362/5145/3362 995/5146/995
f 995/5146/995 3362/5145/3362 4811/5147/4811 3029/4111/3029
f 3362/5145/3362 996/5144/996 3035/5148/3035 4811/5147/4811
f 4811/5147/4811 3035/5148/3035 994/5149/994 3363/5150/3363
f 3029/4111/3029 4811/5147/4811 3363/5150/3363 993/4108/993
f 993/4108/993 3363/5150/3363 4812/5151/4812 3033/4121/3033
f 3363/5150/3363 994/5149/994 3041/5152/3041 4812/5151/4812
f 4812/5151/4812 3041/5152/3041 992/5153/992 3364/5154/3364
f 3033/4121/3033 4812/5151/4812 3364/5154/3364 991/5155/991
f 991/5155/991 3364/5154/3364 4813/5156/4813 2916/5157/2916
f 3364/5154/3364 992/5153/992 3365/5158/3365 4813/5156/4813
f 4813/5156/4813 3365/5158/3365 989/5159/989 3339/5160/3339
f 2916/5157/2916 4813/5156/4813 3339/5160/3339 990/3849/990
f 703/4141/703 3038/5161/3038 4814/5162/4814 3043/5163/3043
f 3038/5161/3038 989/5159/989 3365/5164/3365 4814/5162/4814
f 4814/5162/4814 3365/5164/3365 992/4139/992 3040/4136/3040
f 3043/5163/3043 4814/5162/4814 3040/4136/3040 707/4135/707
f 626/3236/626 2609/3235/2609 4815/5165/4815 2920/3867/2920
f 2609/3235/2609 627/3224/627 3366/5166/3366 4815/5165/4815
f 4815/5165/4815 3366/5166/3366 777/3708/777 2846/3715/2846
f 2920/3867/2920 4815/5165/4815 2846/3715/2846 780/3714/780
f 627/3224/627 2603/3223/2603 4816/5167/4816 3366/5166/3366
f 2603/3223/2603 628/3222/628 3367/5168/3367 4816/5167/4816
f 4816/5167/4816 3367/5168/3367 774/3702/774 2843/3709/2843
f 3366/5166/3366 4816/5167/4816 2843/3709/2843 777/3708/777
f 628/3222/628 2607/3230/2607 4817/5169/4817 3367/5168/3367
f 2607/3230/2607 629/3229/629 3368/5170/3368 4817/5169/4817
f 4817/5169/4817 3368/5170/3368 771/3696/771 2840/3703/2840
f 3367/5168/3367 4817/5169/4817 2840/3703/2840 774/3702/774
f 629/3229/629 3057/4173/3057 4818/5171/4818 3368/5170/3368
f 3057/4173/3057 630/4172/630 3369/5172/3369 4818/5171/4818
f 4818/5171/4818 3369/5172/3369 768/3690/768 2837/3697/2837
f 3368/5170/3368 4818/5171/4818 2837/3697/2837 771/3696/771
f 630/4172/630 3060/4178/3060 4819/5173/4819 3369/5172/3369
f 3060/4178/3060 631/3206/631 3370/5174/3370 4819/5173/4819
f 4819/5173/4819 3370/5174/3370 765/3684/765 2834/3691/2834
f 3369/5172/3369 4819/5173/4819 2834/3691/2834 768/3690/768
f 631/3206/631 2595/3205/2595 4820/5175/4820 3370/5174/3370
f 2595/3205/2595 632/3204/632 3371/5176/3371 4820/5175/4820
f 4820/5175/4820 3371/5176/3371 762/3678/762 2831/3685/2831
f 3370/5174/3370 4820/5175/4820 2831/3685/2831 765/3684/765
f 632/3204/632 3063/4184/3063 4821/5177/4821 3371/5176/3371
f 3063/4184/3063 633/4183/633 3372/5178/3372 4821/5177/4821
f 4821/5177/4821 3372/5178/3372 759/3672/759 2828/3679/2828
f 3371/5176/3371 4821/5177/4821 2828/3679/2828 762/3678/762
f 633/4183/633 3072/4200/3072 4822/5179/4822 3372/5178/3372
f 3072/4200/3072 634/3170/634 3373/5180/3373 4822/5179/4822
f 4822/5179/4822 3373/5180/3373 756/3666/756 2825/3673/2825
f 3372/5178/3372 4822/5179/4822 2825/3673/2825 759/3672/759
f 634/3170/634 2578/3169/2578 4823/5181/4823 3373/5180/3373
f 2578/3169/2578 635/3168/635 3374/5182/3374 4823/5181/4823
f 4823/5181/4823 3374/5182/3374 753/3660/753 2822/3667/2822
f 3373/5180/3373 4823/5181/4823 2822/3667/2822 756/3666/756
f 635/3168/635 3070/4197/3070 4824/5183/4824 3374/5182/3374
f 3070/4197/3070 636/3155/636 3375/5184/3375 4824/5183/4824
f 4824/5183/4824 3375/5184/3375 750/3654/750 2819/3661/2819
f 3374/5182/3374 4824/5183/4824 2819/3661/2819 753/3660/753
f 636/3155/636 2571/3154/2571 4825/5185/4825 3375/5184/3375
f 2571/3154/2571 637/3153/637 3376/5186/3376 4825/5185/4825
f 4825/5185/4825 3376/5186/3376 747/3648/747 2816/3655/2816
f 3375/5184/3375 4825/5185/4825 2816/3655/2816 750/3654/750
f 637/3153/637 2575/3161/2575 4826/5187/4826 3376/5186/3376
f 2575/3161/2575 638/3160/638 3377/5188/3377 4826/5187/4826
f 4826/5187/4826 3377/5188/3377 744/3642/744 2813/3649/2813
f 3376/5186/3376 4826/5187/4826 2813/3649/2813 747/3648/747
f 638/3160/638 3075/4206/3075 4827/5189/4827 3377/5188/3377
f 3075/4206/3075 639/4205/639 3378/5190/3378 4827/5189/4827
f 4827/5189/4827 3378/5190/3378 741/3636/741 2810/3643/2810
f 3377/5188/3377 4827/5189/4827 2810/3643/2810 744/3642/744
f 639/4205/639 3078/4211/3078 4828/5191/4828 3378/5190/3378
f 3078/4211/3078 640/3137/640 3379/5192/3379 4828/5191/4828
f 4828/5191/4828 3379/5192/3379 738/3630/738 2807/3637/2807
f 3378/5190/3378 4828/5191/4828 2807/3637/2807 741/3636/741
f 640/3137/640 2563/3136/2563 4829/5193/4829 3379/5192/3379
f 2563/3136/2563 641/3135/641 3380/5194/3380 4829/5193/4829
f 4829/5193/4829 3380/5194/3380 735/3624/735 2804/3631/2804
f 3379/5192/3379 4829/5193/4829 2804/3631/2804 738/3630/738
f 641/3135/641 3081/4217/3081 4830/5195/4830 3380/5194/3380
f 3081/4217/3081 642/4216/642 3381/5196/3381 4830/5195/4830
f 4830/5195/4830 3381/5196/3381 732/3618/732 2801/3625/2801
f 3380/5194/3380 4830/5195/4830 2801/3625/2801 735/3624/735
f 642/4216/642 3090/4233/3090 4831/5197/4831 3381/5196/3381
f 3090/4233/3090 643/3101/643 3382/5198/3382 4831/5197/4831
f 4831/5197/4831 3382/5198/3382 729/3612/729 2798/3619/2798
f 3381/5196/3381 4831/5197/4831 2798/3619/2798 732/3618/732
f 643/3101/643 2546/3100/2546 4832/5199/4832 3382/5198/3382
f 2546/3100/2546 644/3099/644 3383/5200/3383 4832/5199/4832
f 4832/5199/4832 3383/5200/3383 726/3606/726 2795/3613/2795
f 3382/5198/3382 4832/5199/4832 2795/3613/2795 729/3612/729
f 644/3099/644 3088/4230/3088 4833/5201/4833 3383/5200/3383
f 3088/4230/3088 645/3086/645 3384/5202/3384 4833/5201/4833
f 4833/5201/4833 3384/5202/3384 723/3600/723 2792/3607/2792
f 3383/5200/3383 4833/5201/4833 2792/3607/2792 726/3606/726
f 645/3086/645 2539/3085/2539 4834/5203/4834 3384/5202/3384
f 2539/3085/2539 646/3084/646 3385/5204/3385 4834/5203/4834
f 4834/5203/4834 3385/5204/3385 720/3594/720 2789/3601/2789
f 3384/5202/3384 4834/5203/4834 2789/3601/2789 723/3600/723
f 646/3084/646 2543/3092/2543 4835/5205/4835 3385/5204/3385
f 2543/3092/2543 647/3091/647 3386/5206/3386 4835/5205/4835
f 4835/5205/4835 3386/5206/3386 717/3588/717 2786/3595/2786
f 3385/5204/3385 4835/5205/4835 2786/3595/2786 720/3594/720
f 647/3091/647 3093/4239/3093 4836/5207/4836 3386/5206/3386
f 3093/4239/3093 648/4238/648 3387/5208/3387 4836/5207/4836
f 4836/5207/4836 3387/5208/3387 714/3582/714 2783/3589/2783
f 3386/5206/3386 4836/5207/4836 2783/3589/2783 717/3588/717
f 648/4238/648 3097/4247/3097 4837/5209/4837 3387/5208/3387
f 3097/4247/3097 649/4246/649 3388/5210/3388 4837/5209/4837
f 4837/5209/4837 3388/5210/3388 711/3576/711 2780/3583/2780
f 3387/5208/3387 4837/5209/4837 2780/3583/2780 714/3582/714
f 649/4246/649 3099/4250/3099 4838/5211/4838 3388/5210/3388
f 3099/4250/3099 650/4165/650 3389/5212/3389 4838/5211/4838
f 4838/5211/4838 3389/5212/3389 708/3567/708 2777/3577/2777
f 3388/5210/3388 4838/5211/4838 2777/3577/2777 711/3576/711
f 650/4165/650 3052/4164/3052 4839/5213/4839 3389/5212/3389
f 3052/4164/3052 625/4163/625 2921/5214/2921 4839/5213/4839
f 4839/5213/4839 2921/5214/2921 705/3571/705 2773/3568/2773
f 3389/5212/3389 4839/5213/4839 2773/3568/2773 708/3567/708
f 1042/3055/1042 3390/5215/3390 4840/5216/4840 3393/5217/3393
f 3390/5215/3390 1041/5218/1041 3391/5219/3391 4840/5216/4840
f 4840/5216/4840 3391/5219/3391 1044/5220/1044 3392/5221/3392
f 3393/5217/3393 4840/5216/4840 3392/5221/3392 1043/5222/1043
f 1043/5222/1043 3392/5221/3392 4841/5223/4841 2688/5224/2688
f 3392/5221/3392 1044/5220/1044 3394/5225/3394 4841/5223/4841
f 4841/5223/4841 3394/5225/3394 1046/5226/1046 3395/5227/3395
f 2688/5224/2688 4841/5223/4841 3395/5227/3395 1045/5228/1045
f 1045/5228/1045 3395/5227/3395 4842/5229/4842 2770/3561/2770
f 3395/5227/3395 1046/5226/1046 3396/5230/3396 4842/5229/4842
f 4842/5229/4842 3396/5230/3396 1048/5231/1048 3397/5232/3397
f 2770/3561/2770 4842/5229/4842 3397/5232/3397 1047/5233/1047
f 1047/5233/1047 3397/5232/3397 4843/5234/4843 2851/5235/2851
f 3397/5232/3397 1048/5231/1048 3398/5236/3398 4843/5234/4843
f 4843/5234/4843 3398/5236/3398 1050/5237/1050 3399/5238/3399
f 2851/5235/2851 4843/5234/4843 3399/5238/3399 1049/5239/1049
f 1049/5239/1049 3399/5238/3399 4844/5240/4844 2621/5241/2621
f 3399/5238/3399 1050/5237/1050 3400/5242/3400 4844/5240/4844
f 4844/5240/4844 3400/5242/3400 1052/5015/1052 3401/5243/3401
f 2621/5241/2621 4844/5240/4844 3401/5243/3401 1051/5244/1051
f 1051/5244/1051 3401/5243/3401 4845/5245/4845 2625/5246/2625
f 3401/5243/3401 1052/5015/1052 3338/5018/3338 4845/5245/4845
f 4845/5245/4845 3338/5018/3338 1054/5023/1054 3402/5247/3402
f 2625/5246/2625 4845/5245/4845 3402/5247/3402 1053/5248/1053
f 1053/5248/1053 3402/5247/3402 4846/5249/4846 2628/5250/2628
f 3402/5247/3402 1054/5023/1054 3403/5251/3403 4846/5249/4846
f 4846/5249/4846 3403/5251/3403 1056/5252/1056 3404/5253/3404
f 2628/5250/2628 4846/5249/4846 3404/5253/3404 1055/5254/1055
f 1055/5254/1055 3404/5253/3404 4847/5255/4847 2631/5256/2631
f 3404/5253/3404 1056/5252/1056 3405/5257/3405 4847/5255/4847
f 4847/5255/4847 3405/5257/3405 1058/5258/1058 3406/5259/3406
f 2631/5256/2631 4847/5255/4847 3406/5259/3406 1057/3281/1057
f 1057/3281/1057 3406/5259/3406 4848/5260/4848 2634/5261/2634
f 3406/5259/3406 1058/5258/1058 3407/5262/3407 4848/5260/4848
f 4848/5260/4848 3407/5262/3407 1060/5263/1060 3408/5264/3408
f 2634/5261/2634 4848/5260/4848 3408/5264/3408 1059/5265/1059
f 1059/5265/1059 3408/5264/3408 4849/5266/4849 2637/3291/2637
f 3408/5264/3408 1060/5263/1060 3409/5267/3409 4849/5266/4849
f 4849/5266/4849 3409/5267/3409 1062/5268/1062 3410/5269/3410
f 2637/3291/2637 4849/5266/4849 3410/5269/3410 1061/5270/1061
f 1061/5270/1061 3410/5269/3410 4850/5271/4850 2640/5272/2640
f 3410/5269/3410 1062/5268/1062 3411/5273/3411 4850/5271/4850
f 4850/5271/4850 3411/5273/3411 1064/5274/1064 3412/5275/3412
f 2640/5272/2640 4850/5271/4850 3412/5275/3412 1063/3299/1063
f 1063/3299/1063 3412/5275/3412 4851/5276/4851 2643/5277/2643
f 3412/5275/3412 1064/5274/1064 3413/5278/3413 4851/5276/4851
f 4851/5276/4851 3413/5278/3413 1066/5279/1066 3414/5280/3414
f 2643/5277/2643 4851/5276/4851 3414/5280/3414 1065/5281/1065
f 1065/5281/1065 3414/5280/3414 4852/5282/4852 2646/5283/2646
f 3414/5280/3414 1066/5279/1066 3415/5284/3415 4852/5282/4852
f 4852/5282/4852 3415/5284/3415 1068/5285/1068 3416/5286/3416
f 2646/5283/2646 4852/5282/4852 3416/5286/3416 1067/3311/1067
f 1067/3311/1067 3416/5286/3416 4853/5287/4853 2649/5288/2649
f 3416/5286/3416 1068/5285/1068 3417/5289/3417 4853/5287/4853
f 4853/5287/4853 3417/5289/3417 1070/5290/1070 3418/5291/3418
f 2649/5288/2649 4853/5287/4853 3418/5291/3418 1069/5292/1069
f 1069/5292/1069 3418/5291/3418 4854/5293/4854 2652/5294/2652
f 3418/5291/3418 1070/5290/1070 3419/5295/3419 4854/5293/4854
f 4854/5293/4854 3419/5295/3419 1072/5296/1072 3420/5297/3420
f 2652/5294/2652 4854/5293/4854 3420/5297/3420 1071/5298/1071
f 1071/5298/1071 3420/5297/3420 4855/5299/4855 2655/5300/2655
f 3420/5297/3420 1072/5296/1072 3421/5301/3421 4855/5299/4855
f 4855/5299/4855 3421/5301/3421 1074/5302/1074 3422/5303/3422
f 2655/5300/2655 4855/5299/4855 3422/5303/3422 1073/5304/1073
f 1073/5304/1073 3422/5303/3422 4856/5305/4856 2658/5306/2658
f 3422/5303/3422 1074/5302/1074 3423/5307/3423 4856/5305/4856
f 4856/5305/4856 3423/5307/3423 1076/5308/1076 3424/5309/3424
f 2658/5306/2658 4856/5305/4856 3424/5309/3424 1075/5310/1075
f 1075/5310/1075 3424/5309/3424 4857/5311/4857 2661/5312/2661
f 3424/5309/3424 1076/5308/1076 3425/5313/3425 4857/5311/4857
f 4857/5311/4857 3425/5313/3425 1078/5314/1078 3426/5315/3426
f 2661/5312/2661 4857/5311/4857 3426/5315/3426 1077/3341/1077
f 1077/3341/1077 3426/5315/3426 4858/5316/4858 2664/5317/2664
f 3426/5315/3426 1078/5314/1078 3427/5318/3427 4858/5316/4858
f 4858/5316/4858 3427/5318/3427 1080/5319/1080 3428/5320/3428
f 2664/5317/2664 4858/5316/4858 3428/5320/3428 1079/5321/1079
f 1079/5321/1079 3428/5320/3428 4859/5322/4859 2667/5323/2667
f 3428/5320/3428 1080/5319/1080 3429/5324/3429 4859/5322/4859
f 4859/5322/4859 3429/5324/3429 1082/5325/1082 3430/5326/3430
f 2667/5323/2667 4859/5322/4859 3430/5326/3430 1081/3353/1081
f 1081/3353/1081 3430/5326/3430 4860/5327/4860 2670/3357/2670
f 3430/5326/3430 1082/5325/1082 3431/5328/3431 4860/5327/4860
f 4860/5327/4860 3431/5328/3431 1084/5329/1084 3432/5330/3432
f 2670/3357/2670 4860/5327/4860 3432/5330/3432 1083/5331/1083
f 1083/5331/1083 3432/5330/3432 4861/5332/4861 2673/5333/2673
f 3432/5330/3432 1084/5329/1084 3433/5334/3433 4861/5332/4861
f 4861/5332/4861 3433/5334/3433 1086/5335/1086 3434/5336/3434
f 2673/5333/2673 4861/5332/4861 3434/5336/3434 1085/3365/1085
f 1085/3365/1085 3434/5336/3434 4862/5337/4862 2676/5338/2676
f 3434/5336/3434 1086/5335/1086 3435/5339/3435 4862/5337/4862
f 4862/5337/4862 3435/5339/3435 1088/5340/1088 3436/5341/3436
f 2676/5338/2676 4862/5337/4862 3436/5341/3436 1087/5342/1087
f 1087/5342/1087 3436/5341/3436 4863/5343/4863 2679/5344/2679
f 3436/5341/3436 1088/5340/1088 3437/5345/3437 4863/5343/4863
f 4863/5343/4863 3437/5345/3437 1090/5346/1090 3438/5347/3438
f 2679/5344/2679 4863/5343/4863 3438/5347/3438 1089/5348/1089
f 1089/5348/1089 3438/5347/3438 4864/5349/4864 2682/5350/2682
f 3438/5347/3438 1090/5346/1090 3439/5351/3439 4864/5349/4864
f 4864/5349/4864 3439/5351/3439 1092/5352/1092 3440/5353/3440
f 2682/5350/2682 4864/5349/4864 3440/5353/3440 1091/3051/1091
f 1091/3051/1091 3440/5353/3440 4865/5354/4865 2525/5355/2525
f 3440/5353/3440 1092/5352/1092 3441/5356/3441 4865/5354/4865
f 4865/5354/4865 3441/5356/3441 1041/5218/1041 3390/5215/3390
f 2525/5355/2525 4865/5354/4865 3390/5215/3390 1042/3055/1042
f 1042/3055/1042 3393/5357/3393 4866/5358/4866 2526/3056/2526
f 3393/5357/3393 1043/3393/1043 2691/3396/2691 4866/5358/4866
f 4866/5358/4866 2691/3396/2691 911/3401/911 3334/5359/3334
f 2526/3056/2526 4866/5358/4866 3334/5359/3334 987/3057/987
f 1062/5268/1062 3442/5360/3442 4867/5361/4867 3411/5273/3411
f 3442/5360/3442 603/5362/603 3443/5363/3443 4867/5361/4867
f 4867/5361/4867 3443/5363/3443 601/5364/601 3444/5365/3444
f 3411/5273/3411 4867/5361/4867 3444/5365/3444 1064/5274/1064
f 1072/5296/1072 3445/5366/3445 4868/5367/4868 3421/5301/3421
f 3445/5366/3445 593/5368/593 3446/5369/3446 4868/5367/4868
f 4868/5367/4868 3446/5369/3446 591/5370/591 3447/5371/3447
f 3421/5301/3421 4868/5367/4868 3447/5371/3447 1074/5302/1074
f 1082/5325/1082 3448/5372/3448 4869/5373/4869 3431/5328/3431
f 3448/5372/3448 583/5374/583 3449/5375/3449 4869/5373/4869
f 4869/5373/4869 3449/5375/3449 581/5376/581 3450/5377/3450
f 3431/5328/3431 4869/5373/4869 3450/5377/3450 1084/5329/1084
f 1048/5231/1048 3451/5378/3451 4870/5379/4870 3398/5236/3398
f 3451/5378/3451 617/5380/617 3452/5381/3452 4870/5379/4870
f 4870/5379/4870 3452/5381/3452 615/5382/615 3453/5383/3453
f 3398/5236/3398 4870/5379/4870 3453/5383/3453 1050/5237/1050
f 1058/5258/1058 3454/5384/3454 4871/5385/4871 3407/5262/3407
f 3454/5384/3454 607/5386/607 3455/5387/3455 4871/5385/4871
f 4871/5385/4871 3455/5387/3455 605/5388/605 3456/5389/3456
f 3407/5262/3407 4871/5385/4871 3456/5389/3456 1060/5263/1060
f 1068/5285/1068 3457/5390/3457 4872/5391/4872 3417/5289/3417
f 3457/5390/3457 597/5392/597 3458/5393/3458 4872/5391/4872
f 4872/5391/4872 3458/5393/3458 595/5394/595 3459/5395/3459
f 3417/5289/3417 4872/5391/4872 3459/5395/3459 1070/5290/1070
f 1078/5314/1078 3460/5396/3460 4873/5397/4873 3427/5318/3427
f 3460/5396/3460 587/5398/587 3461/5399/3461 4873/5397/4873
f 4873/5397/4873 3461/5399/3461 585/5400/585 3462/5401/3462
f 3427/5318/3427 4873/5397/4873 3462/5401/3462 1080/5319/1080
f 1088/5340/1088 3463/5402/3463 4874/5403/4874 3437/5345/3437
f 3463/5402/3463 577/5404/577 3464/5405/3464 4874/5403/4874
f 4874/5403/4874 3464/5405/3464 575/5406/575 3465/5407/3465
f 3437/5345/3437 4874/5403/4874 3465/5407/3465 1090/5346/1090
f 1044/5220/1044 3466/5408/3466 4875/5409/4875 3394/5225/3394
f 3466/5408/3466 623/5410/623 3467/5411/3467 4875/5409/4875
f 4875/5409/4875 3467/5411/3467 619/5412/619 3468/5413/3468
f 3394/5225/3394 4875/5409/4875 3468/5413/3468 1046/5226/1046
f 1054/5023/1054 3337/5022/3337 4876/5414/4876 3403/5251/3403
f 3337/5022/3337 611/5021/611 3469/5415/3469 4876/5414/4876
f 4876/5414/4876 3469/5415/3469 609/5416/609 3470/5417/3470
f 3403/5251/3403 4876/5414/4876 3470/5417/3470 1056/5252/1056
f 1064/5274/1064 3444/5365/3444 4877/5418/4877 3413/5278/3413
f 3444/5365/3444 601/5364/601 3471/5419/3471 4877/5418/4877
f 4877/5418/4877 3471/5419/3471 599/5420/599 3472/5421/3472
f 3413/5278/3413 4877/5418/4877 3472/5421/3472 1066/5279/1066
f 1074/5302/1074 3447/5371/3447 4878/5422/4878 3423/5307/3423
f 3447/5371/3447 591/5370/591 3473/5423/3473 4878/5422/4878
f 4878/5422/4878 3473/5423/3473 589/5424/589 3474/5425/3474
f 3423/5307/3423 4878/5422/4878 3474/5425/3474 1076/5308/1076
f 1084/5329/1084 3450/5377/3450 4879/5426/4879 3433/5334/3433
f 3450/5377/3450 581/5376/581 3475/5427/3475 4879/5426/4879
f 4879/5426/4879 3475/5427/3475 579/5428/579 3476/5429/3476
f 3433/5334/3433 4879/5426/4879 3476/5429/3476 1086/5335/1086
f 1050/5237/1050 3453/5383/3453 4880/5430/4880 3400/5242/3400
f 3453/5383/3453 615/5382/615 3477/5431/3477 4880/5430/4880
f 4880/5430/4880 3477/5431/3477 613/5019/613 3335/5016/3335
f 3400/5242/3400 4880/5430/4880 3335/5016/3335 1052/5015/1052
f 1060/5263/1060 3456/5389/3456 4881/5432/4881 3409/5267/3409
f 3456/5389/3456 605/5388/605 3478/5433/3478 4881/5432/4881
f 4881/5432/4881 3478/5433/3478 603/5362/603 3442/5360/3442
f 3409/5267/3409 4881/5432/4881 3442/5360/3442 1062/5268/1062
f 1070/5290/1070 3459/5395/3459 4882/5434/4882 3419/5295/3419
f 3459/5395/3459 595/5394/595 3479/5435/3479 4882/5434/4882
f 4882/5434/4882 3479/5435/3479 593/5368/593 3445/5366/3445
f 3419/5295/3419 4882/5434/4882 3445/5366/3445 1072/5296/1072
f 1080/5319/1080 3462/5401/3462 4883/5436/4883 3429/5324/3429
f 3462/5401/3462 585/5400/585 2687/5437/2687 4883/5436/4883
f 4883/5436/4883 2687/5437/2687 583/5374/583 3448/5372/3448
f 3429/5324/3429 4883/5436/4883 3448/5372/3448 1082/5325/1082
f 1090/5346/1090 3465/5407/3465 4884/5438/4884 3439/5351/3439
f 3465/5407/3465 575/5406/575 3480/5439/3480 4884/5438/4884
f 4884/5438/4884 3480/5439/3480 573/5440/573 3481/5441/3481
f 3439/5351/3439 4884/5438/4884 3481/5441/3481 1092/5352/1092
f 1046/5226/1046 3468/5413/3468 4885/5442/4885 3396/5230/3396
f 3468/5413/3468 619/5412/619 3482/5443/3482 4885/5442/4885
f 4885/5442/4885 3482/5443/3482 617/5380/617 3451/5378/3451
f 3396/5230/3396 4885/5442/4885 3451/5378/3451 1048/5231/1048
f 1056/5252/1056 3470/5417/3470 4886/5444/4886 3405/5257/3405
f 3470/5417/3470 609/5416/609 3483/5445/3483 4886/5444/4886
f 4886/5444/4886 3483/5445/3483 607/5386/607 3454/5384/3454
f 3405/5257/3405 4886/5444/4886 3454/5384/3454 1058/5258/1058
f 1066/5279/1066 3472/5421/3472 4887/5446/4887 3415/5284/3415
f 3472/5421/3472 599/5420/599 3484/5447/3484 4887/5446/4887
f 4887/5446/4887 3484/5447/3484 597/5392/597 3457/5390/3457
f 3415/5284/3415 4887/5446/4887 3457/5390/3457 1068/5285/1068
f 1076/5308/1076 3474/5425/3474 4888/5448/4888 3425/5313/3425
f 3474/5425/3474 589/5424/589 3485/5449/3485 4888/5448/4888
f 4888/5448/4888 3485/5449/3485 587/5398/587 3460/5396/3460
f 3425/5313/3425 4888/5448/4888 3460/5396/3460 1078/5314/1078
f 1086/5335/1086 3476/5429/3476 4889/5450/4889 3435/5339/3435
f 3476/5429/3476 579/5428/579 3486/5451/3486 4889/5450/4889
f 4889/5450/4889 3486/5451/3486 577/5404/577 3463/5402/3463
f 3435/5339/3435 4889/5450/4889 3463/5402/3463 1088/5340/1088
f 1092/5352/1092 3481/5441/3481 4890/5452/4890 3441/5356/3441
f 3481/5441/3481 573/5440/573 3487/5453/3487 4890/5452/4890
f 4890/5452/4890 3487/5453/3487 621/5454/621 3488/5455/3488
f 3441/5356/3441 4890/5452/4890 3488/5455/3488 1041/5218/1041
f 1041/5218/1041 3488/5455/3488 4891/5456/4891 3391/5219/3391
f 3488/5455/3488 621/5454/621 3489/5457/3489 4891/5456/4891
f 4891/5456/4891 3489/5457/3489 623/5410/623 3466/5408/3466
f 3391/5219/3391 4891/5456/4891 3466/5408/3466 1044/5220/1044
f 587/5398/587 3515/5458/3515 4892/5459/4892 3461/5460/3461
f 3515/5458/3515 1100/5461/1100 3496/5462/3496 4892/5459/4892
f 4892/5459/4892 3496/5462/3496 1099/3388/1099 2684/3385/2684
f 3461/5460/3461 4892/5459/4892 2684/3385/2684 585/3384/585
f 601/5463/601 3516/5464/3516 4893/5465/4893 3471/5466/3471
f 3516/5464/3516 1107/5467/1107 3503/5468/3503 4893/5465/4893
f 4893/5465/4893 3503/5468/3503 1106/5469/1106 3517/5470/3517
f 3471/5466/3471 4893/5465/4893 3517/5470/3517 599/5471/599
f 603/5472/603 3518/5473/3518 4894/5474/4894 3443/5475/3443
f 3518/5473/3518 1108/5476/1108 3504/5477/3504 4894/5474/4894
f 4894/5474/4894 3504/5477/3504 1107/5467/1107 3516/5464/3516
f 3443/5475/3443 4894/5474/4894 3516/5464/3516 601/5463/601
f 617/5478/617 3519/5479/3519 4895/5480/4895 3452/5481/3452
f 3519/5479/3519 1115/5482/1115 3511/5483/3511 4895/5480/4895
f 4895/5480/4895 3511/5483/3511 1114/5484/1114 3520/5485/3520
f 3452/5481/3452 4895/5480/4895 3520/5485/3520 615/5486/615
f 619/5412/619 3521/5487/3521 4896/5488/4896 3482/5489/3482
f 3521/5487/3521 1116/5490/1116 3512/5491/3512 4896/5488/4896
f 4896/5488/4896 3512/5491/3512 1115/5482/1115 3519/5479/3519
f 3482/5489/3482 4896/5488/4896 3519/5479/3519 617/5478/617
f 573/5492/573 3522/5493/3522 4897/5494/4897 3487/5495/3487
f 3522/5493/3522 1093/5496/1093 3490/5497/3490 4897/5494/4897
f 4897/5494/4897 3490/5497/3490 1117/5498/1117 3523/5499/3523
f 3487/5495/3487 4897/5494/4897 3523/5499/3523 621/5500/621
f 575/5501/575 3524/5502/3524 4898/5503/4898 3480/5504/3480
f 3524/5502/3524 1094/5505/1094 3491/5506/3491 4898/5503/4898
f 4898/5503/4898 3491/5506/3491 1093/5496/1093 3522/5493/3522
f 3480/5504/3480 4898/5503/4898 3522/5493/3522 573/5492/573
f 589/5507/589 3525/5508/3525 4899/5509/4899 3485/5510/3485
f 3525/5508/3525 1101/5511/1101 3497/5512/3497 4899/5509/4899
f 4899/5509/4899 3497/5512/3497 1100/5461/1100 3515/5458/3515
f 3485/5510/3485 4899/5509/4899 3515/5458/3515 587/5398/587
f 591/5513/591 3526/5514/3526 4900/5515/4900 3473/5516/3473
f 3526/5514/3526 1102/5517/1102 3498/5518/3498 4900/5515/4900
f 4900/5515/4900 3498/5518/3498 1101/5511/1101 3525/5508/3525
f 3473/5516/3473 4900/5515/4900 3525/5508/3525 589/5507/589
f 605/5519/605 3527/5520/3527 4901/5521/4901 3478/5522/3478
f 3527/5520/3527 1109/5523/1109 3505/5524/3505 4901/5521/4901
f 4901/5521/4901 3505/5524/3505 1108/5476/1108 3518/5473/3518
f 3478/5522/3478 4901/5521/4901 3518/5473/3518 603/5472/603
f 607/5525/607 3528/5526/3528 4902/5527/4902 3455/5528/3455
f 3528/5526/3528 1110/5529/1110 3506/5530/3506 4902/5527/4902
f 4902/5527/4902 3506/5530/3506 1109/5523/1109 3527/5520/3527
f 3455/5528/3455 4902/5527/4902 3527/5520/3527 605/5519/605
f 623/5531/623 3529/5532/3529 4903/5533/4903 3467/5534/3467
f 3529/5532/3529 1118/5535/1118 3513/5536/3513 4903/5533/4903
f 4903/5533/4903 3513/5536/3513 1116/5490/1116 3521/5487/3521
f 3467/5534/3467 4903/5533/4903 3521/5487/3521 619/5412/619
f 577/5537/577 3530/5538/3530 4904/5539/4904 3464/5540/3464
f 3530/5538/3530 1095/5541/1095 3492/5542/3492 4904/5539/4904
f 4904/5539/4904 3492/5542/3492 1094/5505/1094 3524/5502/3524
f 3464/5540/3464 4904/5539/4904 3524/5502/3524 575/5501/575
f 579/5543/579 3531/5544/3531 4905/5545/4905 3486/5546/3486
f 3531/5544/3531 1096/5547/1096 3493/5548/3493 4905/5545/4905
f 4905/5545/4905 3493/5548/3493 1095/5541/1095 3530/5538/3530
f 3486/5546/3486 4905/5545/4905 3530/5538/3530 577/5537/577
f 593/5549/593 3532/5550/3532 4906/5551/4906 3446/5552/3446
f 3532/5550/3532 1103/5553/1103 3499/5554/3499 4906/5551/4906
f 4906/5551/4906 3499/5554/3499 1102/5517/1102 3526/5514/3526
f 3446/5552/3446 4906/5551/4906 3526/5514/3526 591/5513/591
f 595/5555/595 3533/5556/3533 4907/5557/4907 3479/5558/3479
f 3533/5556/3533 1104/5559/1104 3500/5560/3500 4907/5557/4907
f 4907/5557/4907 3500/5560/3500 1103/5553/1103 3532/5550/3532
f 3479/5558/3479 4907/5557/4907 3532/5550/3532 593/5549/593
f 609/5561/609 3534/5562/3534 4908/5563/4908 3483/5564/3483
f 3534/5562/3534 1111/5565/1111 3507/5566/3507 4908/5563/4908
f 4908/5563/4908 3507/5566/3507 1110/5529/1110 3528/5526/3528
f 3483/5564/3483 4908/5563/4908 3528/5526/3528 607/5525/607
f 611/5021/611 3535/5567/3535 4909/5568/4909 3469/5569/3469
f 3535/5567/3535 1112/5570/1112 3508/5571/3508 4909/5568/4909
f 4909/5568/4909 3508/5571/3508 1111/5565/1111 3534/5562/3534
f 3469/5569/3469 4909/5568/4909 3534/5562/3534 609/5561/609
f 621/5500/621 3523/5499/3523 4910/5572/4910 3489/5573/3489
f 3523/5499/3523 1117/5498/1117 3514/5574/3514 4910/5572/4910
f 4910/5572/4910 3514/5574/3514 1118/5535/1118 3529/5532/3529
f 3489/5573/3489 4910/5572/4910 3529/5532/3529 623/5531/623
f 581/5575/581 3536/5576/3536 4911/5577/4911 3475/5578/3475
f 3536/5576/3536 1097/5579/1097 3494/5580/3494 4911/5577/4911
f 4911/5577/4911 3494/5580/3494 1096/5547/1096 3531/5544/3531
f 3475/5578/3475 4911/5577/4911 3531/5544/3531 579/5543/579
f 583/3392/583 2686/3391/2686 4912/5581/4912 3449/5582/3449
f 2686/3391/2686 1098/3390/1098 3495/5583/3495 4912/5581/4912
f 4912/5581/4912 3495/5583/3495 1097/5579/1097 3536/5576/3536
f 3449/5582/3449 4912/5581/4912 3536/5576/3536 581/5575/581
f 597/5392/597 3537/5584/3537 4913/5585/4913 3458/5586/3458
f 3537/5584/3537 1105/5587/1105 3501/5588/3501 4913/5585/4913
f 4913/5585/4913 3501/5588/3501 1104/5559/1104 3533/5556/3533
f 3458/5586/3458 4913/5585/4913 3533/5556/3533 595/5555/595
f 599/5471/599 3517/5470/3517 4914/5589/4914 3484/5590/3484
f 3517/5470/3517 1106/5469/1106 3502/5591/3502 4914/5589/4914
f 4914/5589/4914 3502/5591/3502 1105/5587/1105 3537/5584/3537
f 3484/5590/3484 4914/5589/4914 3537/5584/3537 597/5392/597
f 613/5592/613 3538/5593/3538 4915/5594/4915 3336/5595/3336
f 3538/5593/3538 1113/5596/1113 3509/5597/3509 4915/5594/4915
f 4915/5594/4915 3509/5597/3509 1112/5570/1112 3535/5567/3535
f 3336/5595/3336 4915/5594/4915 3535/5567/3535 611/5021/611
f 615/5486/615 3520/5485/3520 4916/5598/4916 3477/5599/3477
f 3520/5485/3520 1114/5484/1114 3510/5600/3510 4916/5598/4916
f 4916/5598/4916 3510/5600/3510 1113/5596/1113 3538/5593/3538
f 3477/5599/3477 4916/5598/4916 3538/5593/3538 613/5592/613
f 676/3575/676 2775/3574/2775 4917/5601/4917 3541/5602/3541
f 2775/3574/2775 651/3573/651 3539/5603/3539 4917/5601/4917
f 4917/5601/4917 3539/5603/3539 1119/5604/1119 3540/5605/3540
f 3541/5602/3541 4917/5601/4917 3540/5605/3540 1144/5606/1144
f 675/3581/675 2778/3580/2778 4918/5607/4918 3543/5608/3543
f 2778/3580/2778 676/3575/676 3541/5602/3541 4918/5607/4918
f 4918/5607/4918 3541/5602/3541 1144/5606/1144 3542/5609/3542
f 3543/5608/3543 4918/5607/4918 3542/5609/3542 1143/5610/1143
f 674/3587/674 2781/3586/2781 4919/5611/4919 3545/5612/3545
f 2781/3586/2781 675/3581/675 3543/5608/3543 4919/5611/4919
f 4919/5611/4919 3543/5608/3543 1143/5610/1143 3544/5613/3544
f 3545/5612/3545 4919/5611/4919 3544/5613/3544 1142/5614/1142
f 673/3593/673 2784/3592/2784 4920/5615/4920 3547/5616/3547
f 2784/3592/2784 674/3587/674 3545/5612/3545 4920/5615/4920
f 4920/5615/4920 3545/5612/3545 1142/5614/1142 3546/5617/3546
f 3547/5616/3547 4920/5615/4920 3546/5617/3546 1141/5618/1141
f 672/3599/672 2787/3598/2787 4921/5619/4921 3549/5620/3549
f 2787/3598/2787 673/3593/673 3547/5616/3547 4921/5619/4921
f 4921/5619/4921 3547/5616/3547 1141/5618/1141 3548/5621/3548
f 3549/5620/3549 4921/5619/4921 3548/5621/3548 1140/5622/1140
f 671/3605/671 2790/3604/2790 4922/5623/4922 3551/5624/3551
f 2790/3604/2790 672/3599/672 3549/5620/3549 4922/5623/4922
f 4922/5623/4922 3549/5620/3549 1140/5622/1140 3550/5625/3550
f 3551/5624/3551 4922/5623/4922 3550/5625/3550 1139/5626/1139
f 670/3611/670 2793/3610/2793 4923/5627/4923 3553/5628/3553
f 2793/3610/2793 671/3605/671 3551/5624/3551 4923/5627/4923
f 4923/5627/4923 3551/5624/3551 1139/5626/1139 3552/5629/3552
f 3553/5628/3553 4923/5627/4923 3552/5629/3552 1138/5630/1138
f 669/3617/669 2796/3616/2796 4924/5631/4924 3555/5632/3555
f 2796/3616/2796 670/3611/670 3553/5628/3553 4924/5631/4924
f 4924/5631/4924 3553/5628/3553 1138/5630/1138 3554/5633/3554
f 3555/5632/3555 4924/5631/4924 3554/5633/3554 1137/5634/1137
f 668/3623/668 2799/3622/2799 4925/5635/4925 3557/5636/3557
f 2799/3622/2799 669/3617/669 3555/5632/3555 4925/5635/4925
f 4925/5635/4925 3555/5632/3555 1137/5634/1137 3556/5637/3556
f 3557/5636/3557 4925/5635/4925 3556/5637/3556 1136/5638/1136
f 667/3629/667 2802/3628/2802 4926/5639/4926 3559/5640/3559
f 2802/3628/2802 668/3623/668 3557/5636/3557 4926/5639/4926
f 4926/5639/4926 3557/5636/3557 1136/5638/1136 3558/5641/3558
f 3559/5640/3559 4926/5639/4926 3558/5641/3558 1135/5642/1135
f 666/3635/666 2805/3634/2805 4927/5643/4927 3561/5644/3561
f 2805/3634/2805 667/3629/667 3559/5640/3559 4927/5643/4927
f 4927/5643/4927 3559/5640/3559 1135/5642/1135 3560/5645/3560
f 3561/5644/3561 4927/5643/4927 3560/5645/3560 1134/5646/1134
f 665/3641/665 2808/3640/2808 4928/5647/4928 3563/5648/3563
f 2808/3640/2808 666/3635/666 3561/5644/3561 4928/5647/4928
f 4928/5647/4928 3561/5644/3561 1134/5646/1134 3562/5649/3562
f 3563/5648/3563 4928/5647/4928 3562/5649/3562 1133/5650/1133
f 664/3647/664 2811/3646/2811 4929/5651/4929 3565/5652/3565
f 2811/3646/2811 665/3641/665 3563/5648/3563 4929/5651/4929
f 4929/5651/4929 3563/5648/3563 1133/5650/1133 3564/5653/3564
f 3565/5652/3565 4929/5651/4929 3564/5653/3564 1132/5654/1132
f 663/3653/663 2814/3652/2814 4930/5655/4930 3567/5656/3567
f 2814/3652/2814 664/3647/664 3565/5652/3565 4930/5655/4930
f 4930/5655/4930 3565/5652/3565 1132/5654/1132 3566/5657/3566
f 3567/5656/3567 4930/5655/4930 3566/5657/3566 1131/5658/1131
f 662/3659/662 2817/3658/2817 4931/5659/4931 3569/5660/3569
f 2817/3658/2817 663/3653/663 3567/5656/3567 4931/5659/4931
f 4931/5659/4931 3567/5656/3567 1131/5658/1131 3568/5661/3568
f 3569/5660/3569 4931/5659/4931 3568/5661/3568 1130/5662/1130
f 661/3665/661 2820/3664/2820 4932/5663/4932 3571/5664/3571
f 2820/3664/2820 662/3659/662 3569/5660/3569 4932/5663/4932
f 4932/5663/4932 3569/5660/3569 1130/5662/1130 3570/5665/3570
f 3571/5664/3571 4932/5663/4932 3570/5665/3570 1129/5666/1129
f 660/3671/660 2823/3670/2823 4933/5667/4933 3573/5668/3573
f 2823/3670/2823 661/3665/661 3571/5664/3571 4933/5667/4933
f 4933/5667/4933 3571/5664/3571 1129/5666/1129 3572/5669/3572
f 3573/5668/3573 4933/5667/4933 3572/5669/3572 1128/5670/1128
f 659/3677/659 2826/3676/2826 4934/5671/4934 3575/5672/3575
f 2826/3676/2826 660/3671/660 3573/5668/3573 4934/5671/4934
f 4934/5671/4934 3573/5668/3573 1128/5670/1128 3574/5673/3574
f 3575/5672/3575 4934/5671/4934 3574/5673/3574 1127/5674/1127
f 658/3683/658 2829/3682/2829 4935/5675/4935 3577/5676/3577
f 2829/3682/2829 659/3677/659 3575/5672/3575 4935/5675/4935
f 4935/5675/4935 3575/5672/3575 1127/5674/1127 3576/5677/3576
f 3577/5676/3577 4935/5675/4935 3576/5677/3576 1126/5678/1126
f 657/3689/657 2832/3688/2832 4936/5679/4936 3579/5680/3579
f 2832/3688/2832 658/3683/658 3577/5676/3577 4936/5679/4936
f 4936/5679/4936 3577/5676/3577 1126/5678/1126 3578/5681/3578
f 3579/5680/3579 4936/5679/4936 3578/5681/3578 1125/5682/1125
f 656/3695/656 2835/3694/2835 4937/5683/4937 3581/5684/3581
f 2835/3694/2835 657/3689/657 3579/5680/3579 4937/5683/4937
f 4937/5683/4937 3579/5680/3579 1125/5682/1125 3580/5685/3580
f 3581/5684/3581 4937/5683/4937 3580/5685/3580 1124/5686/1124
f 655/3701/655 2838/3700/2838 4938/5687/4938 3583/5688/3583
f 2838/3700/2838 656/3695/656 3581/5684/3581 4938/5687/4938
f 4938/5687/4938 3581/5684/3581 1124/5686/1124 3582/5689/3582
f 3583/5688/3583 4938/5687/4938 3582/5689/3582 1123/5690/1123
f 654/3707/654 2841/3706/2841 4939/5691/4939 3585/5692/3585
f 2841/3706/2841 655/3701/655 3583/5688/3583 4939/5691/4939
f 4939/5691/4939 3583/5688/3583 1123/5690/1123 3584/5693/3584
f 3585/5692/3585 4939/5691/4939 3584/5693/3584 1122/5694/1122
f 653/3713/653 2844/3712/2844 4940/5695/4940 3587/5696/3587
f 2844/3712/2844 654/3707/654 3585/5692/3585 4940/5695/4940
f 4940/5695/4940 3585/5692/3585 1122/5694/1122 3586/5697/3586
f 3587/5696/3587 4940/5695/4940 3586/5697/3586 1121/5698/1121
f 652/3719/652 2847/3718/2847 4941/5699/4941 3589/5700/3589
f 2847/3718/2847 653/3713/653 3587/5696/3587 4941/5699/4941
f 4941/5699/4941 3587/5696/3587 1121/5698/1121 3588/5701/3588
f 3589/5700/3589 4941/5699/4941 3588/5701/3588 1120/5702/1120
f 651/3725/651 2850/3724/2850 4942/5703/4942 3539/5704/3539
f 2850/3724/2850 652/3719/652 3589/5700/3589 4942/5703/4942
f 4942/5703/4942 3589/5700/3589 1120/5702/1120 3590/5705/3590
f 3539/5704/3539 4942/5703/4942 3590/5705/3590 1119/5706/1119
f 4/5707/4 1278/5708/1278 4943/5709/4943 3592/5710/3592
f 1278/5708/1278 2/5/2 3591/5711/3591 4943/5709/4943
f 4943/5709/4943 3591/5711/3591 574/2900/574 2449/5712/2449
f 3592/5710/3592 4943/5709/4943 2449/5712/2449 576/5713/576
f 6/5714/6 1281/5715/1281 4944/5716/4944 3593/5717/3593
f 1281/5715/1281 4/5707/4 3592/5710/3592 4944/5716/4944
f 4944/5716/4944 3592/5710/3592 576/5713/576 2453/2906/2453
f 3593/5717/3593 4944/5716/4944 2453/2906/2453 578/5718/578
f 8/5719/8 1284/18/1284 4945/5720/4945 3594/5721/3594
f 1284/18/1284 6/5714/6 3593/5717/3593 4945/5720/4945
f 4945/5720/4945 3593/5717/3593 578/5718/578 2456/5722/2456
f 3594/5721/3594 4945/5720/4945 2456/5722/2456 580/2911/580
f 10/5723/10 1287/24/1287 4946/5724/4946 3595/5725/3595
f 1287/24/1287 8/5719/8 3594/5721/3594 4946/5724/4946
f 4946/5724/4946 3594/5721/3594 580/2911/580 2459/5726/2459
f 3595/5725/3595 4946/5724/4946 2459/5726/2459 582/5727/582
f 12/5728/12 1290/5729/1290 4947/5730/4947 3596/5731/3596
f 1290/5729/1290 10/5723/10 3595/5725/3595 4947/5730/4947
f 4947/5730/4947 3595/5725/3595 582/5727/582 2462/5732/2462
f 3596/5731/3596 4947/5730/4947 2462/5732/2462 584/2923/584
f 14/5733/14 1293/5734/1293 4948/5735/4948 3597/5736/3597
f 1293/5734/1293 12/5728/12 3596/5731/3596 4948/5735/4948
f 4948/5735/4948 3596/5731/3596 584/2923/584 2465/5737/2465
f 3597/5736/3597 4948/5735/4948 2465/5737/2465 586/5738/586
f 16/5739/16 1296/5740/1296 4949/5741/4949 3598/5742/3598
f 1296/5740/1296 14/5733/14 3597/5736/3597 4949/5741/4949
f 4949/5741/4949 3597/5736/3597 586/5738/586 2468/5743/2468
f 3598/5742/3598 4949/5741/4949 2468/5743/2468 588/5744/588
f 18/5745/18 1299/48/1299 4950/5746/4950 3599/5747/3599
f 1299/48/1299 16/5739/16 3598/5742/3598 4950/5746/4950
f 4950/5746/4950 3598/5742/3598 588/5744/588 2471/5748/2471
f 3599/5747/3599 4950/5746/4950 2471/5748/2471 590/5749/590
f 20/5750/20 1302/54/1302 4951/5751/4951 3600/5752/3600
f 1302/54/1302 18/5745/18 3599/5747/3599 4951/5751/4951
f 4951/5751/4951 3599/5747/3599 590/5749/590 2474/2948/2474
f 3600/5752/3600 4951/5751/4951 2474/2948/2474 592/5753/592
f 22/5754/22 1305/60/1305 4952/5755/4952 3601/5756/3601
f 1305/60/1305 20/5750/20 3600/5752/3600 4952/5755/4952
f 4952/5755/4952 3600/5752/3600 592/5753/592 2477/2954/2477
f 3601/5756/3601 4952/5755/4952 2477/2954/2477 594/2953/594
f 24/5757/24 1308/66/1308 4953/5758/4953 3602/5759/3602
f 1308/66/1308 22/5754/22 3601/5756/3601 4953/5758/4953
f 4953/5758/4953 3601/5756/3601 594/2953/594 2480/5760/2480
f 3602/5759/3602 4953/5758/4953 2480/5760/2480 596/2959/596
f 26/5761/26 1311/72/1311 4954/5762/4954 3603/5763/3603
f 1311/72/1311 24/5757/24 3602/5759/3602 4954/5762/4954
f 4954/5762/4954 3602/5759/3602 596/2959/596 2483/2966/2483
f 3603/5763/3603 4954/5762/4954 2483/2966/2483 598/5764/598
f 28/5765/28 1314/5766/1314 4955/5767/4955 3604/5768/3604
f 1314/5766/1314 26/5761/26 3603/5763/3603 4955/5767/4955
f 4955/5767/4955 3603/5763/3603 598/5764/598 2486/5769/2486
f 3604/5768/3604 4955/5767/4955 2486/5769/2486 600/2971/600
f 30/5770/30 1317/84/1317 4956/5771/4956 3605/5772/3605
f 1317/84/1317 28/5765/28 3604/5768/3604 4956/5771/4956
f 4956/5771/4956 3604/5768/3604 600/2971/600 2489/2978/2489
f 3605/5772/3605 4956/5771/4956 2489/2978/2489 602/5773/602
f 32/5774/32 1320/5775/1320 4957/5776/4957 3606/5777/3606
f 1320/5775/1320 30/5770/30 3605/5772/3605 4957/5776/4957
f 4957/5776/4957 3605/5772/3605 602/5773/602 2492/2984/2492
f 3606/5777/3606 4957/5776/4957 2492/2984/2492 604/2983/604
f 34/5778/34 1323/5779/1323 4958/5780/4958 3607/5781/3607
f 1323/5779/1323 32/5774/32 3606/5777/3606 4958/5780/4958
f 4958/5780/4958 3606/5777/3606 604/2983/604 2495/5782/2495
f 3607/5781/3607 4958/5780/4958 2495/5782/2495 606/2989/606
f 36/103/36 1326/5783/1326 4959/5784/4959 3608/5785/3608
f 1326/5783/1326 34/5778/34 3607/5781/3607 4959/5784/4959
f 4959/5784/4959 3607/5781/3607 606/2989/606 2498/2996/2498
f 3608/5785/3608 4959/5784/4959 2498/2996/2498 608/5786/608
f 38/109/38 1329/108/1329 4960/5787/4960 3609/5788/3609
f 1329/108/1329 36/103/36 3608/5785/3608 4960/5787/4960
f 4960/5787/4960 3608/5785/3608 608/5786/608 2501/3002/2501
f 3609/5788/3609 4960/5787/4960 2501/3002/2501 610/3001/610
f 40/5789/40 1332/5790/1332 4961/5791/4961 3610/5792/3610
f 1332/5790/1332 38/109/38 3609/5788/3609 4961/5791/4961
f 4961/5791/4961 3609/5788/3609 610/3001/610 2504/5793/2504
f 3610/5792/3610 4961/5791/4961 2504/5793/2504 612/3007/612
f 42/5794/42 1335/120/1335 4962/5795/4962 3611/5796/3611
f 1335/120/1335 40/5789/40 3610/5792/3610 4962/5795/4962
f 4962/5795/4962 3610/5792/3610 612/3007/612 2507/5797/2507
f 3611/5796/3611 4962/5795/4962 2507/5797/2507 614/3013/614
f 44/127/44 1338/126/1338 4963/5798/4963 3612/5799/3612
f 1338/126/1338 42/5794/42 3611/5796/3611 4963/5798/4963
f 4963/5798/4963 3611/5796/3611 614/3013/614 2510/3020/2510
f 3612/5799/3612 4963/5798/4963 2510/3020/2510 616/3019/616
f 46/5800/46 1341/132/1341 4964/5801/4964 3613/5802/3613
f 1341/132/1341 44/127/44 3612/5799/3612 4964/5801/4964
f 4964/5801/4964 3612/5799/3612 616/3019/616 2513/3026/2513
f 3613/5802/3613 4964/5801/4964 2513/3026/2513 618/5803/618
f 48/139/48 1344/138/1344 4965/5804/4965 3614/5805/3614
f 1344/138/1344 46/5800/46 3613/5802/3613 4965/5804/4965
f 4965/5804/4965 3613/5802/3613 618/5803/618 2516/3032/2516
f 3614/5805/3614 4965/5804/4965 2516/3032/2516 620/5806/620
f 50/145/50 1347/144/1347 4966/5807/4966 3615/5808/3615
f 1347/144/1347 48/139/48 3614/5805/3614 4966/5807/4966
f 4966/5807/4966 3614/5805/3614 620/5806/620 2519/3038/2519
f 3615/5808/3615 4966/5807/4966 2519/3038/2519 622/5809/622
f 52/5810/52 1350/5811/1350 4967/5812/4967 3616/5813/3616
f 1350/5811/1350 50/145/50 3615/5808/3615 4967/5812/4967
f 4967/5812/4967 3615/5808/3615 622/5809/622 2522/5814/2522
f 3616/5813/3616 4967/5812/4967 2522/5814/2522 624/3043/624
f 2/157/2 1353/5815/1353 4968/5816/4968 3591/5817/3591
f 1353/5815/1353 52/5810/52 3616/5813/3616 4968/5816/4968
f 4968/5816/4968 3616/5813/3616 624/3043/624 2524/5818/2524
f 3591/5817/3591 4968/5816/4968 2524/5818/2524 574/3049/574
f 572/2788/572 3617/5819/3617 4969/5820/4969 2396/2789/2396
f 3617/5819/3617 1170/5821/1170 1354/5822/1354 4969/5820/4969
f 4969/5820/4969 1354/5822/1354 1145/5823/1145 3618/5824/3618
f 2396/2789/2396 4969/5820/4969 3618/5824/3618 547/2790/547
f 571/2794/571 3619/5825/3619 4970/5826/4970 2399/2795/2399
f 3619/5825/3619 1169/5827/1169 1352/5828/1352 4970/5826/4970
f 4970/5826/4970 1352/5828/1352 1170/5821/1170 3617/5819/3617
f 2399/2795/2399 4970/5826/4970 3617/5819/3617 572/2788/572
f 570/2798/570 3620/5829/3620 4971/5830/4971 2401/2799/2401
f 3620/5829/3620 1168/5831/1168 1349/5832/1349 4971/5830/4971
f 4971/5830/4971 1349/5832/1349 1169/5827/1169 3619/5825/3619
f 2401/2799/2401 4971/5830/4971 3619/5825/3619 571/2794/571
f 569/2802/569 3621/5833/3621 4972/5834/4972 2403/2803/2403
f 3621/5833/3621 1167/5835/1167 1346/5836/1346 4972/5834/4972
f 4972/5834/4972 1346/5836/1346 1168/5831/1168 3620/5829/3620
f 2403/2803/2403 4972/5834/4972 3620/5829/3620 570/2798/570
f 568/2806/568 3622/5837/3622 4973/5838/4973 2405/2807/2405
f 3622/5837/3622 1166/5839/1166 1343/5840/1343 4973/5838/4973
f 4973/5838/4973 1343/5840/1343 1167/5835/1167 3621/5833/3621
f 2405/2807/2405 4973/5838/4973 3621/5833/3621 569/2802/569
f 567/2810/567 3623/5841/3623 4974/5842/4974 2407/2811/2407
f 3623/5841/3623 1165/5843/1165 1340/5844/1340 4974/5842/4974
f 4974/5842/4974 1340/5844/1340 1166/5839/1166 3622/5837/3622
f 2407/2811/2407 4974/5842/4974 3622/5837/3622 568/2806/568
f 566/2814/566 3624/5845/3624 4975/5846/4975 2409/2815/2409
f 3624/5845/3624 1164/5847/1164 1337/5848/1337 4975/5846/4975
f 4975/5846/4975 1337/5848/1337 1165/5843/1165 3623/5841/3623
f 2409/2815/2409 4975/5846/4975 3623/5841/3623 567/2810/567
f 565/2818/565 3625/5849/3625 4976/5850/4976 2411/2819/2411
f 3625/5849/3625 1163/5851/1163 1334/5852/1334 4976/5850/4976
f 4976/5850/4976 1334/5852/1334 1164/5847/1164 3624/5845/3624
f 2411/2819/2411 4976/5850/4976 3624/5845/3624 566/2814/566
f 564/2822/564 3626/5853/3626 4977/5854/4977 2413/2823/2413
f 3626/5853/3626 1162/5855/1162 1331/5856/1331 4977/5854/4977
f 4977/5854/4977 1331/5856/1331 1163/5851/1163 3625/5849/3625
f 2413/2823/2413 4977/5854/4977 3625/5849/3625 565/2818/565
f 563/2826/563 3627/5857/3627 4978/5858/4978 2415/2827/2415
f 3627/5857/3627 1161/5859/1161 1328/5860/1328 4978/5858/4978
f 4978/5858/4978 1328/5860/1328 1162/5855/1162 3626/5853/3626
f 2415/2827/2415 4978/5858/4978 3626/5853/3626 564/2822/564
f 562/2830/562 3628/5861/3628 4979/5862/4979 2417/2831/2417
f 3628/5861/3628 1160/5863/1160 1325/5864/1325 4979/5862/4979
f 4979/5862/4979 1325/5864/1325 1161/5859/1161 3627/5857/3627
f 2417/2831/2417 4979/5862/4979 3627/5857/3627 563/2826/563
f 561/2834/561 3629/5865/3629 4980/5866/4980 2419/2835/2419
f 3629/5865/3629 1159/5867/1159 1322/5868/1322 4980/5866/4980
f 4980/5866/4980 1322/5868/1322 1160/5863/1160 3628/5861/3628
f 2419/2835/2419 4980/5866/4980 3628/5861/3628 562/2830/562
f 560/2838/560 3630/5869/3630 4981/5870/4981 2421/2839/2421
f 3630/5869/3630 1158/5871/1158 1319/5872/1319 4981/5870/4981
f 4981/5870/4981 1319/5872/1319 1159/5867/1159 3629/5865/3629
f 2421/2839/2421 4981/5870/4981 3629/5865/3629 561/2834/561
f 559/2842/559 3631/5873/3631 4982/5874/4982 2423/2843/2423
f 3631/5873/3631 1157/5875/1157 1316/5876/1316 4982/5874/4982
f 4982/5874/4982 1316/5876/1316 1158/5871/1158 3630/5869/3630
f 2423/2843/2423 4982/5874/4982 3630/5869/3630 560/2838/560
f 558/2846/558 3632/5877/3632 4983/5878/4983 2425/2847/2425
f 3632/5877/3632 1156/5879/1156 1313/5880/1313 4983/5878/4983
f 4983/5878/4983 1313/5880/1313 1157/5875/1157 3631/5873/3631
f 2425/2847/2425 4983/5878/4983 3631/5873/3631 559/2842/559
f 557/2850/557 3633/5881/3633 4984/5882/4984 2427/2851/2427
f 3633/5881/3633 1155/5883/1155 1310/5884/1310 4984/5882/4984
f 4984/5882/4984 1310/5884/1310 1156/5879/1156 3632/5877/3632
f 2427/2851/2427 4984/5882/4984 3632/5877/3632 558/2846/558
f 556/2854/556 3634/5885/3634 4985/5886/4985 2429/2855/2429
f 3634/5885/3634 1154/5887/1154 1307/5888/1307 4985/5886/4985
f 4985/5886/4985 1307/5888/1307 1155/5883/1155 3633/5881/3633
f 2429/2855/2429 4985/5886/4985 3633/5881/3633 557/2850/557
f 555/2858/555 3635/5889/3635 4986/5890/4986 2431/2859/2431
f 3635/5889/3635 1153/5891/1153 1304/5892/1304 4986/5890/4986
f 4986/5890/4986 1304/5892/1304 1154/5887/1154 3634/5885/3634
f 2431/2859/2431 4986/5890/4986 3634/5885/3634 556/2854/556
f 554/2862/554 3636/5893/3636 4987/5894/4987 2433/2863/2433
f 3636/5893/3636 1152/5895/1152 1301/5896/1301 4987/5894/4987
f 4987/5894/4987 1301/5896/1301 1153/5891/1153 3635/5889/3635
f 2433/2863/2433 4987/5894/4987 3635/5889/3635 555/2858/555
f 553/2866/553 3637/5897/3637 4988/5898/4988 2435/2867/2435
f 3637/5897/3637 1151/5899/1151 1298/5900/1298 4988/5898/4988
f 4988/5898/4988 1298/5900/1298 1152/5895/1152 3636/5893/3636
f 2435/2867/2435 4988/5898/4988 3636/5893/3636 554/2862/554
f 552/2870/552 3638/5901/3638 4989/5902/4989 2437/2871/2437
f 3638/5901/3638 1150/5903/1150 1295/5904/1295 4989/5902/4989
f 4989/5902/4989 1295/5904/1295 1151/5899/1151 3637/5897/3637
f 2437/2871/2437 4989/5902/4989 3637/5897/3637 553/2866/553
f 551/2874/551 3639/5905/3639 4990/5906/4990 2439/2875/2439
f 3639/5905/3639 1149/5907/1149 1292/5908/1292 4990/5906/4990
f 4990/5906/4990 1292/5908/1292 1150/5903/1150 3638/5901/3638
f 2439/2875/2439 4990/5906/4990 3638/5901/3638 552/2870/552
f 550/2878/550 3640/5909/3640 4991/5910/4991 2441/2879/2441
f 3640/5909/3640 1148/5911/1148 1289/5912/1289 4991/5910/4991
f 4991/5910/4991 1289/5912/1289 1149/5907/1149 3639/5905/3639
f 2441/2879/2441 4991/5910/4991 3639/5905/3639 551/2874/551
f 549/2882/549 3641/5913/3641 4992/5914/4992 2443/2883/2443
f 3641/5913/3641 1147/5915/1147 1286/5916/1286 4992/5914/4992
f 4992/5914/4992 1286/5916/1286 1148/5911/1148 3640/5909/3640
f 2443/2883/2443 4992/5914/4992 3640/5909/3640 550/2878/550
f 548/2886/548 3642/5917/3642 4993/5918/4993 2445/2887/2445
f 3642/5917/3642 1146/5919/1146 1283/5920/1283 4993/5918/4993
f 4993/5918/4993 1283/5920/1283 1147/5915/1147 3641/5913/3641
f 2445/2887/2445 4993/5918/4993 3641/5913/3641 549/2882/549
f 547/2890/547 3618/5921/3618 4994/5922/4994 2446/2891/2446
f 3618/5921/3618 1145/5923/1145 1280/5924/1280 4994/5922/4994
f 4994/5922/4994 1280/5924/1280 1146/5919/1146 3642/5917/3642
f 2446/2891/2446 4994/5922/4994 3642/5917/3642 548/2886/548
f 1144/5925/1144 3540/5926/3540 4995/5927/4995 3644/5928/3644
f 3540/5926/3540 1119/5929/1119 3643/5930/3643 4995/5927/4995
f 4995/5927/4995 3643/5930/3643 1171/3047/1171 2523/3045/2523
f 3644/5928/3644 4995/5927/4995 2523/3045/2523 1196/3041/1196
f 1143/5931/1143 3542/5932/3542 4996/5933/4996 3645/5934/3645
f 3542/5932/3542 1144/5925/1144 3644/5928/3644 4996/5933/4996
f 4996/5933/4996 3644/5928/3644 1196/3041/1196 2520/3039/2520
f 3645/5934/3645 4996/5933/4996 2520/3039/2520 1195/3035/1195
f 1142/5935/1142 3544/5936/3544 4997/5937/4997 3646/5938/3646
f 3544/5936/3544 1143/5931/1143 3645/5934/3645 4997/5937/4997
f 4997/5937/4997 3645/5934/3645 1195/3035/1195 2517/3033/2517
f 3646/5938/3646 4997/5937/4997 2517/3033/2517 1194/3029/1194
f 1141/5939/1141 3546/5940/3546 4998/5941/4998 3647/5942/3647
f 3546/5940/3546 1142/5935/1142 3646/5938/3646 4998/5941/4998
f 4998/5941/4998 3646/5938/3646 1194/3029/1194 2514/3027/2514
f 3647/5942/3647 4998/5941/4998 2514/3027/2514 1193/3023/1193
f 1140/5943/1140 3548/5944/3548 4999/5945/4999 3648/5946/3648
f 3548/5944/3548 1141/5939/1141 3647/5942/3647 4999/5945/4999
f 4999/5945/4999 3647/5942/3647 1193/3023/1193 2511/3021/2511
f 3648/5946/3648 4999/5945/4999 2511/3021/2511 1192/3017/1192
f 1139/5947/1139 3550/5948/3550 5000/5949/5000 3649/5950/3649
f 3550/5948/3550 1140/5943/1140 3648/5946/3648 5000/5949/5000
f 5000/5949/5000 3648/5946/3648 1192/3017/1192 2508/3015/2508
f 3649/5950/3649 5000/5949/5000 2508/3015/2508 1191/3011/1191
f 1138/5951/1138 3552/5952/3552 5001/5953/5001 3650/5954/3650
f 3552/5952/3552 1139/5947/1139 3649/5950/3649 5001/5953/5001
f 5001/5953/5001 3649/5950/3649 1191/3011/1191 2505/3009/2505
f 3650/5954/3650 5001/5953/5001 2505/3009/2505 1190/3005/1190
f 1137/5955/1137 3554/5956/3554 5002/5957/5002 3651/5958/3651
f 3554/5956/3554 1138/5951/1138 3650/5954/3650 5002/5957/5002
f 5002/5957/5002 3650/5954/3650 1190/3005/1190 2502/3003/2502
f 3651/5958/3651 5002/5957/5002 2502/3003/2502 1189/2999/1189
f 1136/5959/1136 3556/5960/3556 5003/5961/5003 3652/5962/3652
f 3556/5960/3556 1137/5955/1137 3651/5958/3651 5003/5961/5003
f 5003/5961/5003 3651/5958/3651 1189/2999/1189 2499/2997/2499
f 3652/5962/3652 5003/5961/5003 2499/2997/2499 1188/2993/1188
f 1135/5963/1135 3558/5964/3558 5004/5965/5004 3653/5966/3653
f 3558/5964/3558 1136/5959/1136 3652/5962/3652 5004/5965/5004
f 5004/5965/5004 3652/5962/3652 1188/2993/1188 2496/2991/2496
f 3653/5966/3653 5004/5965/5004 2496/2991/2496 1187/2987/1187
f 1134/5967/1134 3560/5968/3560 5005/5969/5005 3654/5970/3654
f 3560/5968/3560 1135/5963/1135 3653/5966/3653 5005/5969/5005
f 5005/5969/5005 3653/5966/3653 1187/2987/1187 2493/2985/2493
f 3654/5970/3654 5005/5969/5005 2493/2985/2493 1186/2981/1186
f 1133/5971/1133 3562/5972/3562 5006/5973/5006 3655/5974/3655
f 3562/5972/3562 1134/5967/1134 3654/5970/3654 5006/5973/5006
f 5006/5973/5006 3654/5970/3654 1186/2981/1186 2490/2979/2490
f 3655/5974/3655 5006/5973/5006 2490/2979/2490 1185/2975/1185
f 1132/5975/1132 3564/5976/3564 5007/5977/5007 3656/5978/3656
f 3564/5976/3564 1133/5971/1133 3655/5974/3655 5007/5977/5007
f 5007/5977/5007 3655/5974/3655 1185/2975/1185 2487/2973/2487
f 3656/5978/3656 5007/5977/5007 2487/2973/2487 1184/2969/1184
f 1131/5979/1131 3566/5980/3566 5008/5981/5008 3657/5982/3657
f 3566/5980/3566 1132/5975/1132 3656/5978/3656 5008/5981/5008
f 5008/5981/5008 3656/5978/3656 1184/2969/1184 2484/2967/2484
f 3657/5982/3657 5008/5981/5008 2484/2967/2484 1183/2963/1183
f 1130/5983/1130 3568/5984/3568 5009/5985/5009 3658/5986/3658
f 3568/5984/3568 1131/5979/1131 3657/5982/3657 5009/5985/5009
f 5009/5985/5009 3657/5982/3657 1183/2963/1183 2481/2961/2481
f 3658/5986/3658 5009/5985/5009 2481/2961/2481 1182/2957/1182
f 1129/5987/1129 3570/5988/3570 5010/5989/5010 3659/5990/3659
f 3570/5988/3570 1130/5983/1130 3658/5986/3658 5010/5989/5010
f 5010/5989/5010 3658/5986/3658 1182/2957/1182 2478/2955/2478
f 3659/5990/3659 5010/5989/5010 2478/2955/2478 1181/2951/1181
f 1128/5991/1128 3572/5992/3572 5011/5993/5011 3660/5994/3660
f 3572/5992/3572 1129/5987/1129 3659/5990/3659 5011/5993/5011
f 5011/5993/5011 3659/5990/3659 1181/2951/1181 2475/2949/2475
f 3660/5994/3660 5011/5993/5011 2475/2949/2475 1180/2945/1180
f 1127/5995/1127 3574/5996/3574 5012/5997/5012 3661/5998/3661
f 3574/5996/3574 1128/5991/1128 3660/5994/3660 5012/5997/5012
f 5012/5997/5012 3660/5994/3660 1180/2945/1180 2472/2943/2472
f 3661/5998/3661 5012/5997/5012 2472/2943/2472 1179/2939/1179
f 1126/5999/1126 3576/6000/3576 5013/6001/5013 3662/6002/3662
f 3576/6000/3576 1127/5995/1127 3661/5998/3661 5013/6001/5013
f 5013/6001/5013 3661/5998/3661 1179/2939/1179 2469/2937/2469
f 3662/6002/3662 5013/6001/5013 2469/2937/2469 1178/2933/1178
f 1125/6003/1125 3578/6004/3578 5014/6005/5014 3663/6006/3663
f 3578/6004/3578 1126/5999/1126 3662/6002/3662 5014/6005/5014
f 5014/6005/5014 3662/6002/3662 1178/2933/1178 2466/2931/2466
f 3663/6006/3663 5014/6005/5014 2466/2931/2466 1177/2927/1177
f 1124/6007/1124 3580/6008/3580 5015/6009/5015 3664/6010/3664
f 3580/6008/3580 1125/6003/1125 3663/6006/3663 5015/6009/5015
f 5015/6009/5015 3663/6006/3663 1177/2927/1177 2463/2925/2463
f 3664/6010/3664 5015/6009/5015 2463/2925/2463 1176/2921/1176
f 1123/6011/1123 3582/6012/3582 5016/6013/5016 3665/6014/3665
f 3582/6012/3582 1124/6007/1124 3664/6010/3664 5016/6013/5016
f 5016/6013/5016 3664/6010/3664 1176/2921/1176 2460/2919/2460
f 3665/6014/3665 5016/6013/5016 2460/2919/2460 1175/2915/1175
f 1122/6015/1122 3584/6016/3584 5017/6017/5017 3666/6018/3666
f 3584/6016/3584 1123/6011/1123 3665/6014/3665 5017/6017/5017
f 5017/6017/5017 3665/6014/3665 1175/2915/1175 2457/2913/2457
f 3666/6018/3666 5017/6017/5017 2457/2913/2457 1174/2909/1174
f 1121/6019/1121 3586/6020/3586 5018/6021/5018 3667/6022/3667
f 3586/6020/3586 1122/6015/1122 3666/6018/3666 5018/6021/5018
f 5018/6021/5018 3666/6018/3666 1174/2909/1174 2454/2907/2454
f 3667/6022/3667 5018/6021/5018 2454/2907/2454 1173/2903/1173
f 1120/6023/1120 3588/6024/3588 5019/6025/5019 3668/6026/3668
f 3588/6024/3588 1121/6019/1121 3667/6022/3667 5019/6025/5019
f 5019/6025/5019 3667/6022/3667 1173/2903/1173 2451/2901/2451
f 3668/6026/3668 5019/6025/5019 2451/2901/2451 1172/2896/1172
f 1119/6027/1119 3590/6028/3590 5020/6029/5020 3643/6030/3643
f 3590/6028/3590 1120/6023/1120 3668/6026/3668 5020/6029/5020
f 5020/6029/5020 3668/6026/3668 1172/2896/1172 2447/2893/2447
f 3643/6030/3643 5020/6029/5020 2447/2893/2447 1171/2892/1171
f 1247/6031/1247 3669/6032/3669 5021/6033/5021 3671/6034/3671
f 3669/6032/3669 1244/6035/1244 3670/6036/3670 5021/6033/5021
f 5021/6033/5021 3670/6036/3670 1222/2777/1222 2394/2783/2394
f 3671/6034/3671 5021/6033/5021 2394/2783/2394 1203/2664/1203
f 1244/6035/1244 3672/6037/3672 5022/6038/5022 3670/6036/3670
f 3672/6037/3672 1241/6039/1241 3673/6040/3673 5022/6038/5022
f 5022/6038/5022 3673/6040/3673 1219/2750/1219 2392/2778/2392
f 3670/6036/3670 5022/6038/5022 2392/2778/2392 1222/2777/1222
f 1246/6041/1246 3674/6042/3674 5023/6043/5023 3676/6044/3676
f 3674/6042/3674 1243/6045/1243 3675/6046/3675 5023/6043/5023
f 5023/6043/5023 3675/6046/3675 1221/2768/1221 2391/2774/2391
f 3676/6044/3676 5023/6043/5023 2391/2774/2391 1200/2649/1200
f 1243/6045/1243 3677/6047/3677 5024/6048/5024 3675/6046/3675
f 3677/6047/3677 1239/6049/1239 3678/6050/3678 5024/6048/5024
f 5024/6048/5024 3678/6050/3678 1217/2738/1217 2389/2769/2389
f 3675/6046/3675 5024/6048/5024 2389/2769/2389 1221/2768/1221
f 1245/6051/1245 3679/6052/3679 5025/6053/5025 3681/6054/3681
f 3679/6052/3679 1242/6055/1242 3680/6056/3680 5025/6053/5025
f 5025/6053/5025 3680/6056/3680 1220/2759/1220 2388/2765/2388
f 3681/6054/3681 5025/6053/5025 2388/2765/2388 1197/497/1197
f 1242/6055/1242 3682/6057/3682 5026/6058/5026 3680/6056/3680
f 3682/6057/3682 1237/6059/1237 3683/6060/3683 5026/6058/5026
f 5026/6058/5026 3683/6060/3683 1215/2726/1215 2386/2760/2386
f 3680/6056/3680 5026/6058/5026 2386/2760/2386 1220/2759/1220
f 1248/6061/1248 3684/6062/3684 5027/6063/5027 3686/6064/3686
f 3684/6062/3684 1235/6065/1235 3685/6066/3685 5027/6063/5027
f 5027/6063/5027 3685/6066/3685 1213/2714/1213 2385/2756/2385
f 3686/6064/3686 5027/6063/5027 2385/2756/2385 1206/2679/1206
f 1241/6039/1241 3687/6067/3687 5028/6068/5028 3673/6040/3673
f 3687/6067/3687 1240/6069/1240 3688/6070/3688 5028/6068/5028
f 5028/6068/5028 3688/6070/3688 1218/2744/1218 2383/2751/2383
f 3673/6040/3673 5028/6068/5028 2383/2751/2383 1219/2750/1219
f 1240/6069/1240 3689/6071/3689 5029/6072/5029 3688/6070/3688
f 3689/6071/3689 1234/6073/1234 3690/6074/3690 5029/6072/5029
f 5029/6072/5029 3690/6074/3690 1212/2708/1212 2381/2745/2381
f 3688/6070/3688 5029/6072/5029 2381/2745/2381 1218/2744/1218
f 1239/6049/1239 3691/6075/3691 5030/6076/5030 3678/6050/3678
f 3691/6075/3691 1238/6077/1238 3692/6078/3692 5030/6076/5030
f 5030/6076/5030 3692/6078/3692 1216/2732/1216 2379/2739/2379
f 3678/6050/3678 5030/6076/5030 2379/2739/2379 1217/2738/1217
f 1238/6077/1238 3693/6079/3693 5031/6080/5031 3692/6078/3692
f 3693/6079/3693 1232/6081/1232 3694/6082/3694 5031/6080/5031
f 5031/6080/5031 3694/6082/3694 1210/2696/1210 2377/2733/2377
f 3692/6078/3692 5031/6080/5031 2377/2733/2377 1216/2732/1216
f 1237/6059/1237 3695/6083/3695 5032/6084/5032 3683/6060/3683
f 3695/6083/3695 1236/6085/1236 3696/6086/3696 5032/6084/5032
f 5032/6084/5032 3696/6086/3696 1214/2720/1214 2375/2727/2375
f 3683/6060/3683 5032/6084/5032 2375/2727/2375 1215/2726/1215
f 1236/6085/1236 3697/6087/3697 5033/6088/5033 3696/6086/3696
f 3697/6087/3697 1230/6089/1230 3698/6090/3698 5033/6088/5033
f 5033/6088/5033 3698/6090/3698 1208/2684/1208 2373/2721/2373
f 3696/6086/3696 5033/6088/5033 2373/2721/2373 1214/2720/1214
f 1235/6065/1235 3699/6091/3699 5034/6092/5034 3685/6066/3685
f 3699/6091/3699 1228/6093/1228 3700/6094/3700 5034/6092/5034
f 5034/6092/5034 3700/6094/3700 1205/2669/1205 2371/2715/2371
f 3685/6066/3685 5034/6092/5034 2371/2715/2371 1213/2714/1213
f 1234/6073/1234 3701/6095/3701 5035/6096/5035 3690/6074/3690
f 3701/6095/3701 1233/6097/1233 3702/6098/3702 5035/6096/5035
f 5035/6096/5035 3702/6098/3702 1211/2702/1211 2369/2709/2369
f 3690/6074/3690 5035/6096/5035 2369/2709/2369 1212/2708/1212
f 1233/6097/1233 3703/6099/3703 5036/6100/5036 3702/6098/3702
f 3703/6099/3703 1226/6101/1226 3704/6102/3704 5036/6100/5036
f 5036/6100/5036 3704/6102/3704 1202/2654/1202 2367/2703/2367
f 3702/6098/3702 5036/6100/5036 2367/2703/2367 1211/2702/1211
f 1232/6081/1232 3705/6103/3705 5037/6104/5037 3694/6082/3694
f 3705/6103/3705 1231/6105/1231 3706/6106/3706 5037/6104/5037
f 5037/6104/5037 3706/6106/3706 1209/2690/1209 2365/2697/2365
f 3694/6082/3694 5037/6104/5037 2365/2697/2365 1210/2696/1210
f 1231/6105/1231 3707/6107/3707 5038/6108/5038 3706/6106/3706
f 3707/6107/3707 1224/6109/1224 3708/6110/3708 5038/6108/5038
f 5038/6108/5038 3708/6110/3708 1199/2639/1199 2363/2691/2363
f 3706/6106/3706 5038/6108/5038 2363/2691/2363 1209/2690/1209
f 1230/6089/1230 3709/6111/3709 5039/6112/5039 3698/6090/3698
f 3709/6111/3709 1229/6113/1229 3710/6114/3710 5039/6112/5039
f 5039/6112/5039 3710/6114/3710 1207/2675/1207 2361/2685/2361
f 3698/6090/3698 5039/6112/5039 2361/2685/2361 1208/2684/1208
f 1229/6113/1229 3711/6115/3711 5040/6116/5040 3710/6114/3710
f 3711/6115/3711 1248/6061/1248 3686/6064/3686 5040/6116/5040
f 5040/6116/5040 3686/6064/3686 1206/2679/1206 2358/2676/2358
f 3710/6114/3710 5040/6116/5040 2358/2676/2358 1207/2675/1207
f 1228/6093/1228 3712/6117/3712 5041/6118/5041 3700/6094/3700
f 3712/6117/3712 1227/6119/1227 3713/6120/3713 5041/6118/5041
f 5041/6118/5041 3713/6120/3713 1204/2660/1204 2356/2670/2356
f 3700/6094/3700 5041/6118/5041 2356/2670/2356 1205/2669/1205
f 1227/6119/1227 3714/6121/3714 5042/6122/5042 3713/6120/3713
f 3714/6121/3714 1247/6031/1247 3671/6034/3671 5042/6122/5042
f 5042/6122/5042 3671/6034/3671 1203/2664/1203 2353/2661/2353
f 3713/6120/3713 5042/6122/5042 2353/2661/2353 1204/2660/1204
f 1226/6101/1226 3715/6123/3715 5043/6124/5043 3704/6102/3704
f 3715/6123/3715 1225/6125/1225 3716/6126/3716 5043/6124/5043
f 5043/6124/5043 3716/6126/3716 1201/2645/1201 2351/2655/2351
f 3704/6102/3704 5043/6124/5043 2351/2655/2351 1202/2654/1202
f 1225/6125/1225 3717/6127/3717 5044/6128/5044 3716/6126/3716
f 3717/6127/3717 1246/6041/1246 3676/6044/3676 5044/6128/5044
f 5044/6128/5044 3676/6044/3676 1200/2649/1200 2348/2646/2348
f 3716/6126/3716 5044/6128/5044 2348/2646/2348 1201/2645/1201
f 1224/6109/1224 3718/6129/3718 5045/6130/5045 3708/6110/3708
f 3718/6129/3718 1223/6131/1223 3719/6132/3719 5045/6130/5045
f 5045/6130/5045 3719/6132/3719 1198/493/1198 2346/2640/2346
f 3708/6110/3708 5045/6130/5045 2346/2640/2346 1199/2639/1199
f 1223/6131/1223 3720/6133/3720 5046/6134/5046 3719/6132/3719
f 3720/6133/3720 1245/6051/1245 3681/6054/3681 5046/6134/5046
f 5046/6134/5046 3681/6054/3681 1197/497/1197 1514/494/1514
f 3719/6132/3719 5046/6134/5046 1514/494/1514 1198/493/1198
f 13/2552/13 2310/2608/2310 5047/6135/5047 3722/6136/3722
f 2310/2608/2310 11/2518/11 3721/6137/3721 5047/6135/5047
f 5047/6135/5047 3721/6137/3721 1245/6051/1245 3720/6133/3720
f 3722/6136/3722 5047/6135/5047 3720/6133/3720 1223/6131/1223
f 15/2554/15 2291/2553/2291 5048/6138/5048 3723/6139/3723
f 2291/2553/2291 13/2552/13 3722/6136/3722 5048/6138/5048
f 5048/6138/5048 3722/6136/3722 1223/6131/1223 3718/6129/3718
f 3723/6139/3723 5048/6138/5048 3718/6129/3718 1224/6109/1224
f 29/2498/29 2302/2584/2302 5049/6140/5049 3725/6141/3725
f 2302/2584/2302 27/2583/27 3724/6142/3724 5049/6140/5049
f 5049/6140/5049 3724/6142/3724 1246/6041/1246 3717/6127/3717
f 3725/6141/3725 5049/6140/5049 3717/6127/3717 1225/6125/1225
f 31/2500/31 2273/2499/2273 5050/6143/5050 3726/6144/3726
f 2273/2499/2273 29/2498/29 3725/6141/3725 5050/6143/5050
f 5050/6143/5050 3725/6141/3725 1225/6125/1225 3715/6123/3715
f 3726/6144/3726 5050/6143/5050 3715/6123/3715 1226/6101/1226
f 45/2527/45 2282/2526/2282 5051/6145/5051 3728/6146/3728
f 2282/2526/2282 43/2525/43 3727/6147/3727 5051/6145/5051
f 5051/6145/5051 3727/6147/3727 1247/6031/1247 3714/6121/3714
f 3728/6146/3728 5051/6145/5051 3714/6121/3714 1227/6119/1227
f 47/2570/47 2313/2617/2313 5052/6148/5052 3729/6149/3729
f 2313/2617/2313 45/2527/45 3728/6146/3728 5052/6148/5052
f 5052/6148/5052 3728/6146/3728 1227/6119/1227 3712/6117/3712
f 3729/6149/3729 5052/6148/5052 3712/6117/3712 1228/6093/1228
f 1/2613/1 2319/2635/2319 5053/6150/5053 3731/6151/3731
f 2319/2635/2319 49/2634/49 3730/6152/3730 5053/6150/5053
f 5053/6150/5053 3730/6152/3730 1248/6061/1248 3711/6115/3711
f 3731/6151/3731 5053/6150/5053 3711/6115/3711 1229/6113/1229
f 3/2561/3 2312/2614/2312 5054/6153/5054 3732/6154/3732
f 2312/2614/2312 1/2613/1 3731/6151/3731 5054/6153/5054
f 5054/6153/5054 3731/6151/3731 1229/6113/1229 3709/6111/3709
f 3732/6154/3732 5054/6153/5054 3709/6111/3709 1230/6089/1230
f 17/2589/17 2316/2626/2316 5055/6155/5055 3733/6156/3733
f 2316/2626/2316 15/2554/15 3723/6139/3723 5055/6155/5055
f 5055/6155/5055 3723/6139/3723 1224/6109/1224 3707/6107/3707
f 3733/6156/3733 5055/6155/5055 3707/6107/3707 1231/6105/1231
f 19/2507/19 2304/2590/2304 5056/6157/5056 3734/6158/3734
f 2304/2590/2304 17/2589/17 3733/6156/3733 5056/6157/5056
f 5056/6157/5056 3733/6156/3733 1231/6105/1231 3705/6103/3705
f 3734/6158/3734 5056/6157/5056 3705/6103/3705 1232/6081/1232
f 33/2534/33 2308/2602/2308 5057/6159/5057 3735/6160/3735
f 2308/2602/2308 31/2500/31 3726/6144/3726 5057/6159/5057
f 5057/6159/5057 3726/6144/3726 1226/6101/1226 3703/6099/3703
f 3735/6160/3735 5057/6159/5057 3703/6099/3703 1233/6097/1233
f 35/2536/35 2285/2535/2285 5058/6161/5058 3736/6162/3736
f 2285/2535/2285 33/2534/33 3735/6160/3735 5058/6161/5058
f 5058/6161/5058 3735/6160/3735 1233/6097/1233 3701/6095/3701
f 3736/6162/3736 5058/6161/5058 3701/6095/3701 1234/6073/1234
f 51/2572/51 2297/2571/2297 5059/6163/5059 3737/6164/3737
f 2297/2571/2297 47/2570/47 3729/6149/3729 5059/6163/5059
f 5059/6163/5059 3729/6149/3729 1228/6093/1228 3699/6091/3699
f 3737/6164/3737 5059/6163/5059 3699/6091/3699 1235/6065/1235
f 5/2563/5 2294/2562/2294 5060/6165/5060 3738/6166/3738
f 2294/2562/2294 3/2561/3 3732/6154/3732 5060/6165/5060
f 5060/6165/5060 3732/6154/3732 1230/6089/1230 3697/6087/3697
f 3738/6166/3738 5060/6165/5060 3697/6087/3697 1236/6085/1236
f 7/2595/7 2317/2629/2317 5061/6167/5061 3739/6168/3739
f 2317/2629/2317 5/2563/5 3738/6166/3738 5061/6167/5061
f 5061/6167/5061 3738/6166/3738 1236/6085/1236 3695/6083/3695
f 3739/6168/3739 5061/6167/5061 3695/6083/3695 1237/6059/1237
f 21/2509/21 2276/2508/2276 5062/6169/5062 3740/6170/3740
f 2276/2508/2276 19/2507/19 3734/6158/3734 5062/6169/5062
f 5062/6169/5062 3734/6158/3734 1232/6081/1232 3693/6079/3693
f 3740/6170/3740 5062/6169/5062 3693/6079/3693 1238/6077/1238
f 23/2543/23 2309/2605/2309 5063/6171/5063 3741/6172/3741
f 2309/2605/2309 21/2509/21 3740/6170/3740 5063/6171/5063
f 5063/6171/5063 3740/6170/3740 1238/6077/1238 3691/6075/3691
f 3741/6172/3741 5063/6171/5063 3691/6075/3691 1239/6049/1239
f 37/2577/37 2314/2620/2314 5064/6173/5064 3742/6174/3742
f 2314/2620/2314 35/2536/35 3736/6162/3736 5064/6173/5064
f 5064/6173/5064 3736/6162/3736 1234/6073/1234 3689/6071/3689
f 3742/6174/3742 5064/6173/5064 3689/6071/3689 1240/6069/1240
f 39/2135/39 2300/2578/2300 5065/6175/5065 3743/6176/3743
f 2300/2578/2300 37/2577/37 3742/6174/3742 5065/6175/5065
f 5065/6175/5065 3742/6174/3742 1240/6069/1240 3687/6067/3687
f 3743/6176/3743 5065/6175/5065 3687/6067/3687 1241/6039/1241
f 49/2634/49 2320/2638/2320 5066/6177/5066 3730/6152/3730
f 2320/2638/2320 51/2572/51 3737/6164/3737 5066/6177/5066
f 5066/6177/5066 3737/6164/3737 1235/6065/1235 3684/6062/3684
f 3730/6152/3730 5066/6177/5066 3684/6062/3684 1248/6061/1248
f 9/2516/9 2306/2596/2306 5067/6178/5067 3744/6179/3744
f 2306/2596/2306 7/2595/7 3739/6168/3739 5067/6178/5067
f 5067/6178/5067 3739/6168/3739 1237/6059/1237 3682/6057/3682
f 3744/6179/3744 5067/6178/5067 3682/6057/3682 1242/6055/1242
f 11/2518/11 2279/2517/2279 5068/6180/5068 3721/6137/3721
f 2279/2517/2279 9/2516/9 3744/6179/3744 5068/6180/5068
f 5068/6180/5068 3744/6179/3744 1242/6055/1242 3679/6052/3679
f 3721/6137/3721 5068/6180/5068 3679/6052/3679 1245/6051/1245
f 25/2545/25 2288/2544/2288 5069/6181/5069 3745/6182/3745
f 2288/2544/2288 23/2543/23 3741/6172/3741 5069/6181/5069
f 5069/6181/5069 3741/6172/3741 1239/6049/1239 3677/6047/3677
f 3745/6182/3745 5069/6181/5069 3677/6047/3677 1243/6045/1243
f 27/2583/27 2315/2623/2315 5070/6183/5070 3724/6142/3724
f 2315/2623/2315 25/2545/25 3745/6182/3745 5070/6183/5070
f 5070/6183/5070 3745/6182/3745 1243/6045/1243 3674/6042/3674
f 3724/6142/3724 5070/6183/5070 3674/6042/3674 1246/6041/1246
f 41/2137/41 2167/2136/2167 5071/6184/5071 3746/6185/3746
f 2167/2136/2167 39/2135/39 3743/6176/3743 5071/6184/5071
f 5071/6184/5071 3743/6176/3743 1241/6039/1241 3672/6037/3672
f 3746/6185/3746 5071/6184/5071 3672/6037/3672 1244/6035/1244
f 43/2525/43 2307/2599/2307 5072/6186/5072 3727/6147/3727
f 2307/2599/2307 41/2137/41 3746/6185/3746 5072/6186/5072
f 5072/6186/5072 3746/6185/3746 1244/6035/1244 3669/6032/3669
f 3727/6147/3727 5072/6186/5072 3669/6032/3669 1247/6031/1247
f 1103/6187/1103 3500/6188/3500 5073/6189/5073 3799/6190/3799
f 1104/6191/1104 3800/6192/3800 5073/6189/5073 3500/6193/3500
f 1249/6194/1249 3799/6190/3799 5073/6189/5073 3800/6192/3800
f 1095/6195/1095 3493/6196/3493 5074/6197/5074 3801/6198/3801
f 1096/6199/1096 3802/6200/3802 5074/6197/5074 3493/6196/3493
f 1249/6194/1249 3801/6201/3801 5074/6197/5074 3802/6202/3802
f 1111/6203/1111 3508/6204/3508 5075/6205/5075 3803/6206/3803
f 1112/6207/1112 3804/6208/3804 5075/6205/5075 3508/6209/3508
f 1249/6194/1249 3803/6210/3803 5075/6205/5075 3804/6211/3804
f 1098/6212/1098 2685/6213/2685 5076/6214/5076 3805/6215/3805
f 1099/6216/1099 3806/6217/3806 5076/6214/5076 2685/6218/2685
f 1249/6194/1249 3805/6219/3805 5076/6214/5076 3806/6217/3806
f 1104/6220/1104 3501/6221/3501 5077/6222/5077 3800/6223/3800
f 1105/6224/1105 3807/6225/3807 5077/6222/5077 3501/6226/3501
f 1249/6194/1249 3800/6227/3800 5077/6222/5077 3807/6228/3807
f 1096/6229/1096 3494/6230/3494 5078/6231/5078 3802/6200/3802
f 1097/6232/1097 3808/6233/3808 5078/6231/5078 3494/5580/3494
f 1249/6194/1249 3802/6234/3802 5078/6231/5078 3808/6235/3808
f 1112/6207/1112 3509/6236/3509 5079/6237/5079 3804/6238/3804
f 1113/5596/1113 3809/6239/3809 5079/6237/5079 3509/6240/3509
f 1249/6194/1249 3804/6241/3804 5079/6237/5079 3809/6239/3809
f 1105/6242/1105 3502/6243/3502 5080/6244/5080 3807/6245/3807
f 1106/6246/1106 3810/6247/3810 5080/6244/5080 3502/6248/3502
f 1249/6194/1249 3807/6225/3807 5080/6244/5080 3810/6249/3810
f 1097/6250/1097 3495/5583/3495 5081/6251/5081 3808/6252/3808
f 1098/6253/1098 3805/6254/3805 5081/6251/5081 3495/5583/3495
f 1249/6194/1249 3808/6255/3808 5081/6251/5081 3805/6219/3805
f 1113/6256/1113 3510/6257/3510 5082/6258/5082 3809/6259/3809
f 1114/6260/1114 3811/6261/3811 5082/6258/5082 3510/6262/3510
f 1249/6194/1249 3809/6263/3809 5082/6258/5082 3811/6264/3811
f 1106/6265/1106 3503/6266/3503 5083/6267/5083 3810/6247/3810
f 1107/6268/1107 3812/6269/3812 5083/6267/5083 3503/6270/3503
f 1249/6194/1249 3810/6249/3810 5083/6267/5083 3812/6271/3812
f 1099/6216/1099 3496/6272/3496 5084/6273/5084 3806/6274/3806
f 1100/6275/1100 3813/6276/3813 5084/6273/5084 3496/6277/3496
f 1249/6194/1249 3806/6278/3806 5084/6273/5084 3813/6279/3813
f 1114/6280/1114 3511/5483/3511 5085/6281/5085 3811/6282/3811
f 1115/6283/1115 3814/6284/3814 5085/6281/5085 3511/5483/3511
f 1249/6194/1249 3811/6285/3811 5085/6281/5085 3814/6286/3814
f 1107/6268/1107 3504/6287/3504 5086/6288/5086 3812/6269/3812
f 1108/6289/1108 3815/6290/3815 5086/6288/5086 3504/5477/3504
f 1249/6194/1249 3812/6291/3812 5086/6288/5086 3815/6292/3815
f 1100/6275/1100 3497/6293/3497 5087/6294/5087 3813/6295/3813
f 1101/6296/1101 3816/6297/3816 5087/6294/5087 3497/6298/3497
f 1249/6194/1249 3813/6299/3813 5087/6294/5087 3816/6300/3816
f 1115/5482/1115 3512/6301/3512 5088/6302/5088 3814/6284/3814
f 1116/5490/1116 3817/6303/3817 5088/6302/5088 3512/6304/3512
f 1249/6194/1249 3814/6286/3814 5088/6302/5088 3817/6305/3817
f 1117/6306/1117 3490/6307/3490 5089/6308/5089 3818/6309/3818
f 1093/5496/1093 3793/6310/3793 5089/6308/5089 3490/6311/3490
f 1249/6194/1249 3818/6312/3818 5089/6308/5089 3793/6313/3793
f 1108/6314/1108 3505/6315/3505 5090/6316/5090 3815/6317/3815
f 1109/6318/1109 3819/6319/3819 5090/6316/5090 3505/6320/3505
f 1249/6194/1249 3815/6317/3815 5090/6316/5090 3819/6321/3819
f 1101/6322/1101 3498/6323/3498 5091/6324/5091 3816/6325/3816
f 1102/5517/1102 3820/6326/3820 5091/6324/5091 3498/6323/3498
f 1249/6194/1249 3816/6300/3816 5091/6324/5091 3820/6327/3820
f 1116/6328/1116 3513/6329/3513 5092/6330/5092 3817/6331/3817
f 1118/6332/1118 3821/6333/3821 5092/6330/5092 3513/6334/3513
f 1249/6194/1249 3817/6305/3817 5092/6330/5092 3821/6335/3821
f 1093/6336/1093 3491/6337/3491 5093/6338/5093 3793/6313/3793
f 1094/6339/1094 3822/6340/3822 5093/6338/5093 3491/6337/3491
f 1249/6194/1249 3793/6313/3793 5093/6338/5093 3822/6341/3822
f 1109/6342/1109 3506/6343/3506 5094/6344/5094 3819/6345/3819
f 1110/6346/1110 3823/6347/3823 5094/6344/5094 3506/6348/3506
f 1249/6194/1249 3819/6319/3819 5094/6344/5094 3823/6347/3823
f 1102/6349/1102 3499/6350/3499 5095/6351/5095 3820/6352/3820
f 1103/6353/1103 3799/6354/3799 5095/6351/5095 3499/6355/3499
f 1249/6194/1249 3820/6352/3820 5095/6351/5095 3799/6356/3799
f 1118/6332/1118 3514/6357/3514 5096/6358/5096 3821/6359/3821
f 1117/6360/1117 3818/6309/3818 5096/6358/5096 3514/6361/3514
f 1249/6194/1249 3821/6335/3821 5096/6358/5096 3818/6362/3818
f 1094/6363/1094 3492/5542/3492 5097/6364/5097 3822/6365/3822
f 1095/6366/1095 3801/6198/3801 5097/6364/5097 3492/6367/3492
f 1249/6194/1249 3822/6341/3822 5097/6364/5097 3801/6368/3801
f 1110/6369/1110 3507/6370/3507 5098/6371/5098 3823/6347/3823
f 1111/6372/1111 3803/6373/3803 5098/6371/5098 3507/6370/3507
f 1249/6194/1249 3823/6374/3823 5098/6371/5098 3803/6206/3803
f 531/6375/531 2336/6376/2336 5099/6377/5099 3771/6378/3771
f 2336/6376/2336 530/2701/530 3770/6379/3770 5099/6377/5099
f 5099/6377/5099 3770/6379/3770 1265/6380/1265 3781/6381/3781
f 3771/6378/3771 5099/6377/5099 3781/6381/3781 1264/6382/1264
f 538/6383/538 2329/6384/2329 5100/6385/5100 3769/6386/3769
f 2329/6384/2329 537/6387/537 3768/6388/3768 5100/6385/5100
f 5100/6385/5100 3768/6388/3768 1258/6389/1258 3788/6390/3788
f 3769/6386/3769 5100/6385/5100 3788/6390/3788 1257/6391/1257
f 522/6392/522 2344/6393/2344 5101/6394/5101 3767/6395/3767
f 2344/6393/2344 521/6396/521 3766/6397/3766 5101/6394/5101
f 5101/6394/5101 3766/6397/3766 1274/6398/1274 3773/6399/3773
f 3767/6395/3767 5101/6394/5101 3773/6399/3773 1273/6400/1273
f 546/6401/546 2322/6402/2322 5102/6403/5102 3765/6404/3765
f 2322/6402/2322 544/6405/544 3764/6406/3764 5102/6403/5102
f 5102/6403/5102 3764/6406/3764 1251/6407/1251 3796/6408/3796
f 3765/6404/3765 5102/6403/5102 3796/6408/3796 1275/6409/1275
f 530/2701/530 2337/6410/2337 5103/6411/5103 3770/6379/3770
f 2337/6410/2337 529/6412/529 3763/6413/3763 5103/6411/5103
f 5103/6411/5103 3763/6413/3763 1266/6414/1266 3780/6415/3780
f 3770/6379/3770 5103/6411/5103 3780/6415/3780 1265/6380/1265
f 527/6416/527 1516/6417/1516 5104/6418/5104 3762/6419/3762
f 1516/6417/1516 526/6420/526 3761/6421/3761 5104/6418/5104
f 5104/6418/5104 3761/6421/3761 1269/6422/1269 3798/6423/3798
f 3762/6419/3762 5104/6418/5104 3798/6423/3798 1268/6424/1268
f 537/6387/537 2330/6425/2330 5105/6426/5105 3768/6388/3768
f 2330/6425/2330 536/6427/536 3760/6428/3760 5105/6426/5105
f 5105/6426/5105 3760/6428/3760 1259/6429/1259 3787/6430/3787
f 3768/6388/3768 5105/6426/5105 3787/6430/3787 1258/6389/1258
f 521/6396/521 2345/6431/2345 5106/6432/5106 3766/6397/3766
f 2345/6431/2345 545/6433/545 3759/6434/3759 5106/6432/5106
f 5106/6432/5106 3759/6434/3759 1250/6435/1250 3772/6436/3772
f 3766/6397/3766 5106/6432/5106 3772/6436/3772 1274/6398/1274
f 544/6405/544 2323/6437/2323 5107/6438/5107 3764/6406/3764
f 2323/6437/2323 543/6439/543 3758/6440/3758 5107/6438/5107
f 5107/6438/5107 3758/6440/3758 1252/6441/1252 3795/6442/3795
f 3764/6406/3764 5107/6438/5107 3795/6442/3795 1251/6407/1251
f 529/6412/529 2338/2694/2338 5108/6443/5108 3763/6413/3763
f 2338/2694/2338 528/6444/528 3757/6445/3757 5108/6443/5108
f 5108/6443/5108 3757/6445/3757 1267/6446/1267 3779/6447/3779
f 3763/6413/3763 5108/6443/5108 3779/6447/3779 1266/6414/1266
f 536/6427/536 2331/6448/2331 5109/6449/5109 3760/6428/3760
f 2331/6448/2331 535/6450/535 3756/6451/3756 5109/6449/5109
f 5109/6449/5109 3756/6451/3756 1260/6452/1260 3786/6453/3786
f 3760/6428/3760 5109/6449/5109 3786/6453/3786 1259/6429/1259
f 543/6439/543 2324/2667/2324 5110/6454/5110 3758/6440/3758
f 2324/2667/2324 542/6455/542 3755/6456/3755 5110/6454/5110
f 5110/6454/5110 3755/6456/3755 1253/6457/1253 3794/6458/3794
f 3758/6440/3758 5110/6454/5110 3794/6458/3794 1252/6441/1252
f 528/6444/528 2339/6459/2339 5111/6460/5111 3757/6445/3757
f 2339/6459/2339 527/6416/527 3762/6419/3762 5111/6460/5111
f 5111/6460/5111 3762/6419/3762 1268/6424/1268 3778/6461/3778
f 3757/6445/3757 5111/6460/5111 3778/6461/3778 1267/6446/1267
f 535/6450/535 2332/6462/2332 5112/6463/5112 3756/6451/3756
f 2332/6462/2332 534/6464/534 3754/6465/3754 5112/6463/5112
f 5112/6463/5112 3754/6465/3754 1261/6466/1261 3785/6467/3785
f 3756/6451/3756 5112/6463/5112 3785/6467/3785 1260/6452/1260
f 542/6455/542 2325/6468/2325 5113/6469/5113 3755/6456/3755
f 2325/6468/2325 541/6470/541 3753/6471/3753 5113/6469/5113
f 5113/6469/5113 3753/6471/3753 1254/6472/1254 3792/6473/3792
f 3755/6456/3755 5113/6469/5113 3792/6473/3792 1253/6457/1253
f 526/6420/526 2340/2767/2340 5114/6474/5114 3761/6421/3761
f 2340/2767/2340 525/2764/525 3752/6475/3752 5114/6474/5114
f 5114/6474/5114 3752/6475/3752 1270/6476/1270 3777/6477/3777
f 3761/6421/3761 5114/6474/5114 3777/6477/3777 1269/6422/1269
f 534/6464/534 2333/6478/2333 5115/6479/5115 3754/6465/3754
f 2333/6478/2333 533/6480/533 3751/6481/3751 5115/6479/5115
f 5115/6479/5115 3751/6481/3751 1262/6482/1262 3784/6483/3784
f 3754/6465/3754 5115/6479/5115 3784/6483/3784 1261/6466/1261
f 541/6470/541 2326/6484/2326 5116/6485/5116 3753/6471/3753
f 2326/6484/2326 540/6486/540 3750/6487/3750 5116/6485/5116
f 5116/6485/5116 3750/6487/3750 1255/6488/1255 3791/6489/3791
f 3753/6471/3753 5116/6485/5116 3791/6489/3791 1254/6472/1254
f 525/2764/525 2341/2763/2341 5117/6490/5117 3752/6475/3752
f 2341/2763/2341 524/2731/524 3749/6491/3749 5117/6490/5117
f 5117/6490/5117 3749/6491/3749 1271/6492/1271 3776/6493/3776
f 3752/6475/3752 5117/6490/5117 3776/6493/3776 1270/6476/1270
f 533/6480/533 2334/6494/2334 5118/6495/5118 3751/6481/3751
f 2334/6494/2334 532/2743/532 3748/6496/3748 5118/6495/5118
f 5118/6495/5118 3748/6496/3748 1263/6497/1263 3783/6498/3783
f 3751/6481/3751 5118/6495/5118 3783/6498/3783 1262/6482/1262
f 540/6486/540 2327/6499/2327 5119/6500/5119 3750/6487/3750
f 2327/6499/2327 539/6501/539 3747/6502/3747 5119/6500/5119
f 5119/6500/5119 3747/6502/3747 1256/6503/1256 3790/6504/3790
f 3750/6487/3750 5119/6500/5119 3790/6504/3790 1255/6488/1255
f 524/2731/524 2342/6505/2342 5120/6506/5120 3749/6491/3749
f 2342/6505/2342 523/6507/523 3824/6508/3824 5120/6506/5120
f 5120/6506/5120 3824/6508/3824 1272/6509/1272 3775/6510/3775
f 3749/6491/3749 5120/6506/5120 3775/6510/3775 1271/6492/1271
f 532/2743/532 2335/6511/2335 5121/6512/5121 3748/6496/3748
f 2335/6511/2335 531/6375/531 3771/6378/3771 5121/6512/5121
f 5121/6512/5121 3771/6378/3771 1264/6382/1264 3782/6513/3782
f 3748/6496/3748 5121/6512/5121 3782/6513/3782 1263/6497/1263
f 539/6501/539 2328/6514/2328 5122/6515/5122 3747/6502/3747
f 2328/6514/2328 538/6383/538 3769/6386/3769 5122/6515/5122
f 5122/6515/5122 3769/6386/3769 1257/6391/1257 3789/6516/3789
f 3747/6502/3747 5122/6515/5122 3789/6516/3789 1256/6503/1256
f 523/6507/523 2343/6517/2343 5123/6518/5123 3824/6508/3824
f 2343/6517/2343 522/6392/522 3767/6395/3767 5123/6518/5123
f 5123/6518/5123 3767/6395/3767 1273/6400/1273 3774/6519/3774
f 3824/6508/3824 5123/6518/5123 3774/6519/3774 1272/6509/1272
f 545/6433/545 2321/6520/2321 5124/6521/5124 3759/6434/3759
f 2321/6520/2321 546/6401/546 3765/6404/3765 5124/6521/5124
f 5124/6521/5124 3765/6404/3765 1275/6409/1275 3797/6522/3797
f 3759/6434/3759 5124/6521/5124 3797/6522/3797 1250/6435/1250
f 1272/6523/1272 3774/6519/3774 5125/6524/5125 3832/6525/3832
f 1273/6526/1273 3850/6527/3850 5125/6524/5125 3774/6528/3774
f 1276/6529/1276 3832/6525/3832 5125/6524/5125 3850/6530/3850
f 1275/6531/1275 3796/6532/3796 5126/6533/5126 3830/6534/3830
f 1251/6535/1251 3849/6536/3849 5126/6533/5126 3796/6537/3796
f 1276/6529/1276 3830/6538/3830 5126/6533/5126 3849/6539/3849
f 1264/6540/1264 3781/6541/3781 5127/6542/5127 3829/6543/3829
f 1265/6380/1265 3848/6544/3848 5127/6542/5127 3781/6545/3781
f 1276/6529/1276 3829/6546/3829 5127/6542/5127 3848/6544/3848
f 1257/6547/1257 3788/6548/3788 5128/6549/5128 3827/6550/3827
f 1258/6551/1258 3847/6552/3847 5128/6549/5128 3788/6553/3788
f 1276/6529/1276 3827/6554/3827 5128/6549/5128 3847/6555/3847
f 1273/6400/1273 3773/6399/3773 5129/6556/5129 3850/6557/3850
f 1274/6558/1274 3846/6559/3846 5129/6556/5129 3773/6560/3773
f 1276/6529/1276 3850/6561/3850 5129/6556/5129 3846/6559/3846
f 1251/6562/1251 3795/6563/3795 5130/6564/5130 3849/6539/3849
f 1252/6565/1252 3845/6566/3845 5130/6564/5130 3795/6567/3795
f 1276/6529/1276 3849/6568/3849 5130/6564/5130 3845/6569/3845
f 1265/6570/1265 3780/6415/3780 5131/6571/5131 3848/6544/3848
f 1266/6414/1266 3844/6572/3844 5131/6571/5131 3780/6573/3780
f 1276/6529/1276 3848/6544/3848 5131/6571/5131 3844/6574/3844
f 1258/6575/1258 3787/6430/3787 5132/6576/5132 3847/6552/3847
f 1259/6429/1259 3843/6577/3843 5132/6576/5132 3787/6578/3787
f 1276/6529/1276 3847/6579/3847 5132/6576/5132 3843/6580/3843
f 1274/6558/1274 3772/6581/3772 5133/6582/5133 3846/6583/3846
f 1250/6584/1250 3825/6585/3825 5133/6582/5133 3772/6581/3772
f 1276/6529/1276 3846/6559/3846 5133/6582/5133 3825/6586/3825
f 1252/6587/1252 3794/6588/3794 5134/6589/5134 3845/6590/3845
f 1253/6591/1253 3840/6592/3840 5134/6589/5134 3794/6593/3794
f 1276/6529/1276 3845/6594/3845 5134/6589/5134 3840/6595/3840
f 1266/6596/1266 3779/6597/3779 5135/6598/5135 3844/6599/3844
f 1267/6446/1267 3842/6600/3842 5135/6598/5135 3779/6601/3779
f 1276/6529/1276 3844/6572/3844 5135/6598/5135 3842/6600/3842
f 1259/6429/1259 3786/6602/3786 5136/6603/5136 3843/6604/3843
f 1260/6605/1260 3841/6606/3841 5136/6603/5136 3786/6607/3786
f 1276/6529/1276 3843/6604/3843 5136/6603/5136 3841/6608/3841
f 1267/6609/1267 3778/6610/3778 5137/6611/5137 3842/6612/3842
f 1268/6424/1268 3835/6613/3835 5137/6611/5137 3778/6614/3778
f 1276/6529/1276 3842/6612/3842 5137/6611/5137 3835/6615/3835
f 1260/6616/1260 3785/6467/3785 5138/6617/5138 3841/6618/3841
f 1261/6619/1261 3839/6620/3839 5138/6617/5138 3785/6467/3785
f 1276/6529/1276 3841/6618/3841 5138/6617/5138 3839/6620/3839
f 1253/6591/1253 3792/6621/3792 5139/6622/5139 3840/6623/3840
f 1254/6624/1254 3838/6625/3838 5139/6622/5139 3792/6626/3792
f 1276/6529/1276 3840/6595/3840 5139/6622/5139 3838/6627/3838
f 1269/6628/1269 3777/6629/3777 5140/6630/5140 3836/6631/3836
f 1270/6632/1270 3837/6633/3837 5140/6630/5140 3777/6629/3777
f 1276/6529/1276 3836/6631/3836 5140/6630/5140 3837/6634/3837
f 1261/6635/1261 3784/6636/3784 5141/6637/5141 3839/6638/3839
f 1262/6639/1262 3834/6640/3834 5141/6637/5141 3784/6483/3784
f 1276/6529/1276 3839/6641/3839 5141/6637/5141 3834/6640/3834
f 1254/6472/1254 3791/6642/3791 5142/6643/5142 3838/6644/3838
f 1255/6645/1255 3833/6646/3833 5142/6643/5142 3791/6647/3791
f 1276/6529/1276 3838/6627/3838 5142/6643/5142 3833/6646/3833
f 1270/6632/1270 3776/6648/3776 5143/6649/5143 3837/6633/3837
f 1271/6492/1271 3831/6650/3831 5143/6649/5143 3776/6493/3776
f 1276/6529/1276 3837/6633/3837 5143/6649/5143 3831/6651/3831
f 1268/6424/1268 3798/6652/3798 5144/6653/5144 3835/6654/3835
f 1269/6655/1269 3836/6631/3836 5144/6653/5144 3798/6656/3798
f 1276/6529/1276 3835/6654/3835 5144/6653/5144 3836/6631/3836
f 1262/6657/1262 3783/6498/3783 5145/6658/5145 3834/6659/3834
f 1263/6660/1263 3828/6661/3828 5145/6658/5145 3783/6662/3783
f 1276/6529/1276 3834/6663/3834 5145/6658/5145 3828/6664/3828
f 1255/6645/1255 3790/6665/3790 5146/6666/5146 3833/6667/3833
f 1256/6503/1256 3826/6668/3826 5146/6666/5146 3790/6669/3790
f 1276/6529/1276 3833/6667/3833 5146/6666/5146 3826/6670/3826
f 1271/6492/1271 3775/6671/3775 5147/6672/5147 3831/6650/3831
f 1272/6509/1272 3832/6673/3832 5147/6672/5147 3775/6674/3775
f 1276/6529/1276 3831/6675/3831 5147/6672/5147 3832/6676/3832
f 1250/6435/1250 3797/6677/3797 5148/6678/5148 3825/6585/3825
f 1275/6679/1275 3830/6680/3830 5148/6678/5148 3797/6522/3797
f 1276/6529/1276 3825/6681/3825 5148/6678/5148 3830/6680/3830
f 1263/6660/1263 3782/6513/3782 5149/6682/5149 3828/6664/3828
f 1264/6540/1264 3829/6543/3829 5149/6682/5149 3782/6513/3782
f 1276/6529/1276 3828/6683/3828 5149/6682/5149 3829/6684/3829
f 1256/6503/1256 3789/6685/3789 5150/6686/5150 3826/6687/3826
f 1257/6688/1257 3827/6689/3827 5150/6686/5150 3789/6690/3789
f 1276/6529/1276 3826/6668/3826 5150/6686/5150 3827/6554/3827
